subject,awareness,variance_mean,peak_to_peak_mean
10,Unseen,3.027877382206314e-11,2.6577930395805212e-05
10,Unseen,2.701231403653903e-11,2.3919554444967527e-05
10,Unseen,3.216383121232721e-11,2.7120317271427725e-05
10,Unseen,2.5233186143222168e-11,2.371130062237612e-05
10,Unseen,2.9251004077112556e-11,2.5523515746433516e-05
10,Unseen,3.000963618547767e-11,2.65790020892209e-05
10,Seen,3.99568561019589e-11,2.6151553315144727e-05
10,Seen,3.8247481491526214e-11,2.6827055621451427e-05
10,Unseen,4.08776544089143e-11,2.755987919968851e-05
10,Seen,6.665573786214278e-11,4.243466468619033e-05
10,Unseen,2.9941047865278114e-11,2.7555933934743387e-05
10,Unseen,4.259536966542835e-11,3.117074240792158e-05
10,Unseen,3.7535415277540315e-11,3.120946277721941e-05
10,Unseen,2.1967613151887096e-11,2.290093707529496e-05
10,Seen,3.471258176606983e-11,2.52611860720309e-05
10,Unseen,2.2444646636055423e-11,2.27534035447428e-05
10,Seen,3.0167543525480586e-11,2.386940848044634e-05
10,Unseen,2.933472124408022e-11,2.5812358482998836e-05
10,Unseen,2.2534292619186424e-11,2.2045649110261784e-05
10,Seen,2.751723709159579e-11,2.3738071390802218e-05
10,Unseen,1.891425195393484e-11,2.0481873179982383e-05
10,Seen,2.428619768219412e-11,2.3479856995793998e-05
10,Unseen,2.8186744505439766e-11,2.4114313238136665e-05
10,Unseen,2.5252411043333597e-11,2.4775646369801943e-05
10,Unseen,2.9347863584472826e-11,2.7308032388024266e-05
10,Unseen,2.69386246011976e-11,2.5792259821185627e-05
10,Seen,2.749820082099108e-11,2.448923802860038e-05
10,Unseen,4.726183104673878e-11,3.452266289660814e-05
10,Seen,3.191599628175213e-11,2.7180213866166026e-05
10,Unseen,3.765114471784727e-11,2.995584091656927e-05
10,Unseen,2.8685504311160065e-11,2.50501384456011e-05
10,Unseen,3.241111282568065e-11,2.8202237273985763e-05
10,Seen,3.016663359941147e-11,2.688751056674813e-05
10,Unseen,2.643005790287036e-11,2.579347923829113e-05
10,Unseen,3.264890696979235e-11,2.9024867709900475e-05
10,Seen,3.893239188419329e-11,2.8719437427924656e-05
10,Unseen,2.483122181374641e-11,2.3884543876404356e-05
10,Unseen,2.6294334647762748e-11,2.4818204236795955e-05
10,Unseen,3.516528201699026e-11,2.7948713050886454e-05
10,Unseen,3.289877768755147e-11,2.6383719721778487e-05
10,Unseen,1.870442985886537e-11,2.0913551770702873e-05
10,Unseen,3.593371995146757e-11,3.098081247922886e-05
10,Unseen,2.5155476890128452e-11,2.3933497336686193e-05
10,Seen,3.6749716710691565e-11,2.9250440460208114e-05
10,Seen,3.1458949240745904e-11,2.59270129012257e-05
10,Seen,4.1569203009370086e-11,2.8461381828030847e-05
10,Seen,4.440060460207573e-11,3.2162087989063465e-05
10,Seen,3.343286391166653e-11,2.6672186779665754e-05
10,Seen,2.813062516342674e-11,2.568619277434421e-05
10,Unseen,4.9895336852042966e-11,3.492142518265259e-05
10,Unseen,3.508323860779609e-11,2.8492322431107232e-05
10,Seen,4.7434478965049337e-11,2.9036253526570358e-05
10,Unseen,3.5776765479448254e-11,2.9520367535695558e-05
10,Seen,3.138564313845936e-11,2.8380667337513953e-05
10,Seen,3.912200908949855e-11,2.915837963288915e-05
10,Seen,2.698281947741149e-11,2.4238854194280552e-05
10,Seen,3.4277807030071076e-11,2.660544713772489e-05
10,Seen,3.053883551162385e-11,2.5895207916568292e-05
10,Seen,2.6176727939773624e-11,2.4629702098469777e-05
10,Seen,5.351733405165082e-11,3.272455968739751e-05
10,Seen,3.7740599679328424e-11,2.9157531646428354e-05
10,Unseen,3.2534732876696395e-11,2.8620182362113336e-05
10,Unseen,4.687871983592164e-11,3.428905057943476e-05
10,Unseen,3.321317180111748e-11,2.7805446429968915e-05
10,Seen,3.64753521807541e-11,3.0006136611417776e-05
10,Unseen,4.526847464917917e-11,3.370812260807886e-05
10,Unseen,4.4756339219538396e-11,3.132687925444399e-05
10,Seen,5.302890051609151e-11,3.428648650138937e-05
10,Seen,4.8788624814545695e-11,3.102714551230487e-05
10,Unseen,3.4810591055135374e-11,2.8841338851009078e-05
10,Seen,4.01745226425813e-11,3.0339485412634667e-05
10,Seen,3.200087614550485e-11,2.7609583633046232e-05
10,Seen,4.772914531739231e-11,3.104090600880347e-05
10,Unseen,4.6125452692696094e-11,3.414740679374542e-05
10,Unseen,3.3599993417192027e-11,2.9483333073183206e-05
10,Seen,4.856883256225961e-11,3.22114871656892e-05
10,Seen,5.2124886966333484e-11,3.381936986742147e-05
10,Seen,4.04160610954332e-11,3.177181896407216e-05
10,Unseen,3.516355023032891e-11,2.9647504685396548e-05
10,Unseen,3.592271668303088e-11,2.9051694900188678e-05
10,Unseen,3.3905071057151214e-11,2.5860326459711213e-05
10,Unseen,2.1424883013446493e-11,2.055483827888913e-05
10,Seen,3.507788089733791e-11,2.5534336333821704e-05
10,Seen,2.5367030748239455e-11,2.4614294890424703e-05
10,Unseen,3.944250414227738e-11,3.0797284245643404e-05
10,Unseen,5.977610183086405e-11,3.754010740371474e-05
10,Unseen,3.237833292008067e-11,2.8283930795530966e-05
10,Seen,3.428740610922784e-11,2.814056266733464e-05
10,Unseen,2.2229764384880234e-11,2.353214295416355e-05
10,Seen,2.824818275431043e-11,2.6285754978502692e-05
10,Seen,3.260057727255944e-11,2.849978499173823e-05
10,Seen,3.073808570200268e-11,2.6828584495511085e-05
10,Seen,3.2331485621081794e-11,2.5832620026619398e-05
10,Seen,3.247845724164638e-11,2.7903998250808533e-05
10,Seen,3.081059647966411e-11,2.594869747925269e-05
10,Unseen,3.548916325055075e-11,2.905850346710574e-05
10,Seen,4.12156933934477e-11,2.8633521503323762e-05
10,Unseen,4.156267599651653e-11,2.9781648357897408e-05
10,Seen,4.1256798132508765e-11,2.9039341544546125e-05
10,Seen,4.212212966217107e-11,3.007182155923906e-05
10,Seen,3.5277585533419323e-11,2.879728658010678e-05
10,Seen,3.314929612950753e-11,2.6817487474197768e-05
10,Seen,2.9674698295196123e-11,2.5641074214302517e-05
10,Seen,3.336718088213544e-11,2.6682767514599794e-05
10,Unseen,3.287671900797207e-11,2.616766016862338e-05
10,Seen,2.929402326587886e-11,2.5177569686061528e-05
10,Unseen,4.6551322813990724e-11,3.355400528315984e-05
10,Seen,2.5442315718555862e-11,2.4057017091614325e-05
10,Seen,5.099511177848508e-11,3.0674132040953514e-05
10,Seen,3.493989106829115e-11,2.799155456029966e-05
10,Unseen,5.241047065399001e-11,3.42096270086456e-05
10,Seen,4.197291083025401e-11,3.144329768575323e-05
10,Seen,2.945779848926508e-11,2.7076113858783072e-05
10,Unseen,3.355928258688555e-11,2.743081721724641e-05
10,Unseen,5.3459621877838714e-11,3.502976216305951e-05
10,Seen,4.035445140562897e-11,2.8965539412239147e-05
10,Seen,4.0710970307366536e-11,2.760335564620574e-05
10,Seen,4.435281421561948e-11,3.126812568168938e-05
10,Seen,3.53143452127204e-11,2.6959231589076638e-05
10,Unseen,6.043934383558821e-11,3.941370500571339e-05
10,Seen,3.339758797972953e-11,2.459724863011446e-05
10,Unseen,2.451251966999037e-11,2.4032356639000314e-05
10,Unseen,1.8028522777254302e-11,2.041639051997066e-05
10,Seen,3.722397832340205e-11,2.5169796758093976e-05
10,Seen,3.303972007632939e-11,2.564800829687939e-05
10,Seen,2.0393274043345954e-11,2.0461035126593463e-05
10,Unseen,2.1828435311434772e-11,2.441172433263294e-05
10,Seen,2.2870272288710726e-11,2.2286954299770126e-05
10,Seen,2.5744267751374176e-11,2.4110080781569183e-05
10,Unseen,2.208396831121587e-11,2.1599917068548922e-05
10,Seen,3.0193656704679234e-11,2.690422939345423e-05
10,Unseen,3.067604653012018e-11,2.4589584863514032e-05
10,Unseen,3.184345918948273e-11,2.5337961111944986e-05
10,Unseen,2.2393901760150383e-11,2.1659478274402152e-05
10,Unseen,3.487018673013874e-11,2.8715049244396177e-05
10,Unseen,3.292767784340742e-11,2.6751053283546434e-05
10,Unseen,2.220219665701469e-11,2.1761997291019414e-05
10,Seen,3.2098180002083307e-11,2.4480018844670768e-05
10,Unseen,3.128805480564451e-11,2.7657731662331022e-05
10,Unseen,3.322516077875237e-11,2.7472380503757938e-05
10,Unseen,3.0947563491564825e-11,2.695818466937918e-05
10,Seen,3.3869442681339115e-11,2.6660732188297587e-05
10,Seen,3.2646787345439844e-11,2.6896128987115498e-05
10,Unseen,3.399414308741857e-11,2.8131431892207946e-05
10,Unseen,2.3835882859353967e-11,2.355910355271865e-05
10,Seen,4.7765942333652176e-11,3.210881229103305e-05
10,Unseen,4.224319925975352e-11,2.9631723536798276e-05
10,Seen,3.843128447260617e-11,2.8561503543901657e-05
10,Seen,6.938550166882579e-11,3.777671844439001e-05
10,Seen,3.643763369380942e-11,2.7651262651561457e-05
10,Unseen,4.676403437246347e-11,3.300989924099473e-05
10,Seen,3.757531315245076e-11,2.9931834119946703e-05
10,Seen,4.647289346147451e-11,3.328265168000481e-05
10,Seen,4.992877000973044e-11,3.1978076849547746e-05
10,Unseen,3.5535333698108237e-11,2.8613627055914173e-05
10,Unseen,2.9135753438864364e-11,2.6707455334554878e-05
10,Unseen,3.594039671867573e-11,2.9780923432788582e-05
10,Unseen,3.766428911327353e-11,2.90449920085403e-05
10,Unseen,3.081427369578691e-11,2.6833287707161516e-05
10,Seen,3.244681439379255e-11,2.8041169464067018e-05
10,Seen,2.509557665492304e-11,2.2975850094197356e-05
10,Unseen,2.18076588055024e-11,2.301546277540751e-05
10,Seen,3.214915660279711e-11,2.4845028855307612e-05
10,Seen,2.4896213662010345e-11,2.395459142196191e-05
10,Seen,4.97284746708476e-11,3.54333720763395e-05
10,Seen,2.8170330145744608e-11,2.4347411288819323e-05
10,Seen,9.723094105097312e-11,4.078683490237128e-05
10,Seen,2.485049376985058e-11,2.3363517345868513e-05
10,Unseen,2.2309640162301742e-11,2.2617342702900712e-05
10,Seen,3.305156977966189e-11,2.7807154941957515e-05
10,Unseen,5.774089678144733e-11,3.719777856424046e-05
10,Unseen,6.109197953475168e-11,3.865182119380706e-05
10,Seen,4.558954351705066e-11,3.145096300236742e-05
10,Seen,6.542003251732325e-11,3.773643899402896e-05
10,Seen,5.196890574682161e-11,3.660936160945774e-05
10,Seen,5.084018082222916e-11,3.4987136807328245e-05
10,Seen,5.937985085322402e-11,3.627806201024756e-05
10,Seen,5.1149502879628066e-11,3.326432459797706e-05
10,Unseen,9.397143499169349e-11,4.501026973074463e-05
10,Seen,3.664019753704005e-11,2.959697923467158e-05
10,Seen,3.947982796925268e-11,2.9894418506613186e-05
10,Unseen,3.56280603890713e-11,2.969235669750667e-05
10,Seen,1.5335760929417465e-10,5.916159515955504e-05
10,Unseen,5.495582832656784e-11,3.44331227319073e-05
10,Seen,7.169253068422492e-11,3.949475495638446e-05
10,Seen,5.253460761191922e-11,3.510169820467333e-05
10,Seen,2.962999182056998e-11,2.646172662492873e-05
10,Seen,3.9534281778162944e-11,2.972501993710794e-05
10,Seen,3.707265234839195e-11,3.0202351039421564e-05
10,Seen,3.352003051695225e-11,2.83009409560635e-05
10,Unseen,3.289423707885894e-11,2.7425712499025602e-05
10,Unseen,4.3364381981528794e-11,3.186746387304459e-05
10,Unseen,3.1409508435627695e-11,2.671905522861167e-05
10,Unseen,4.571498255761567e-11,3.349148366561111e-05
10,Unseen,3.4408896857895157e-11,2.9583211003862143e-05
10,Unseen,3.154148615611372e-11,2.7549905573058842e-05
10,Seen,6.028422815684415e-11,3.6427195213564784e-05
10,Seen,7.001411161292141e-11,3.8622719642404184e-05
10,Seen,5.1408991402482885e-11,3.578385776317493e-05
10,Unseen,5.0633472733644837e-11,3.396641984336906e-05
10,Unseen,2.8686277586802537e-11,2.5543935093131022e-05
10,Unseen,3.614731600966912e-11,2.8256093852569083e-05
10,Seen,4.3619107065293575e-11,2.8059134435230167e-05
10,Seen,4.475810695325552e-11,3.165955084880752e-05
10,Seen,5.886497645241821e-11,3.4982851274249535e-05
10,Seen,4.5761149530887835e-11,3.220477816745931e-05
10,Seen,4.6577837863661624e-11,3.285850507811156e-05
10,Seen,3.1033144681310614e-11,2.6670996059661306e-05
10,Unseen,7.606685248237522e-11,3.875176423245086e-05
10,Seen,4.98608119222426e-11,3.542668223052098e-05
10,Seen,4.035602989707495e-11,3.167216055230259e-05
10,Seen,4.348615681413204e-11,3.270637683400772e-05
10,Seen,6.104276957739974e-11,3.658495282636218e-05
10,Seen,6.847023200091996e-11,3.877172037299599e-05
10,Seen,5.508833890607444e-11,3.3610022382529876e-05
10,Seen,4.188689417231894e-11,3.042161256485725e-05
10,Seen,4.3208676294702574e-11,2.9289579552044888e-05
10,Unseen,4.1009283971379844e-11,3.1062636505630234e-05
10,Unseen,4.2990310534964685e-11,3.2684933783080055e-05
10,Seen,4.5402413487256475e-11,3.219080729741908e-05
10,Seen,3.455382052302768e-11,2.7413493703237116e-05
10,Seen,3.469681316921558e-11,2.8938679716428816e-05
10,Seen,3.953082551110881e-11,3.208792646862287e-05
10,Unseen,3.430871757971592e-11,2.8790557073561624e-05
10,Seen,3.2842938986631886e-11,2.7615060169773327e-05
10,Seen,5.647618931245136e-11,3.388584616666082e-05
10,Seen,3.708313383300995e-11,2.946712953837912e-05
10,Unseen,4.5990701832839463e-11,3.1728118431691854e-05
10,Seen,9.408607189445285e-11,4.648882822042082e-05
10,Unseen,2.6481504657486143e-11,2.5501857564482048e-05
10,Seen,3.5257830474507296e-11,2.8997130485684856e-05
10,Seen,4.4968238159735463e-11,3.33806753291759e-05
10,Seen,3.144572495500066e-11,2.7504012296939213e-05
10,Unseen,3.05017702624416e-11,2.852477198727148e-05
10,Seen,7.705081806524763e-11,4.095252270453207e-05
10,Unseen,3.61136065247543e-11,3.081301848268816e-05
10,Seen,5.836371879090137e-11,3.4085382380896535e-05
10,Seen,5.688752015803134e-11,3.377955823999221e-05
10,Seen,3.2174665916173564e-11,2.8087425048026192e-05
10,Seen,5.181035621987029e-11,3.5047916611945604e-05
10,Unseen,2.877000309246599e-11,2.4182281414974274e-05
10,Unseen,2.8560110990002474e-11,2.430898889426875e-05
10,Seen,4.450680078112687e-11,3.1840760576775165e-05
10,Seen,2.1162930691680802e-11,2.0849169088556558e-05
10,Seen,4.033124656605403e-11,2.731232565210106e-05
10,Unseen,3.343919187779782e-11,2.837896693152568e-05
10,Seen,3.8393966206368035e-11,2.751281300723459e-05
10,Seen,2.3610454872799665e-11,2.1452344221797222e-05
10,Seen,3.771545901101482e-11,2.6313390328707975e-05
10,Seen,2.9946178892804425e-11,2.321577637598517e-05
10,Seen,2.5242505969513522e-11,2.3856097844644533e-05
10,Unseen,4.5182677490109024e-11,3.2889232474072154e-05
10,Seen,4.555026469835026e-11,3.2672169674684034e-05
10,Seen,4.532611262639133e-11,3.2720073033585796e-05
10,Seen,4.314628632352346e-11,3.1708409596909045e-05
10,Seen,4.9666449422660555e-11,3.372645141109128e-05
10,Seen,3.589925437134063e-11,2.9617454264754222e-05
10,Unseen,3.284618569890287e-11,2.804118383392664e-05
10,Seen,4.0782353385847374e-11,2.9668385789003267e-05
10,Seen,3.16733580836843e-11,2.691428859781961e-05
10,Seen,3.2263823336373594e-11,2.80122585571055e-05
10,Seen,5.4409750324569633e-11,3.609371726106774e-05
10,Seen,3.932203885168637e-11,3.066481742087112e-05
10,Seen,4.82595356613069e-11,3.427423282026326e-05
10,Unseen,6.401532181584876e-11,3.860107320150261e-05
10,Seen,4.42080448171965e-11,3.281818589306876e-05
10,Unseen,4.056030669340031e-11,3.111026850181642e-05
10,Unseen,5.378499586636631e-11,3.6074458143727214e-05
10,Unseen,3.428887329387428e-11,2.8925305460584034e-05
10,Unseen,3.1895326840126116e-11,2.784866637212808e-05
10,Seen,4.8885442770787585e-11,3.320474649453842e-05
10,Seen,6.055189657186838e-11,3.6788804252250105e-05
10,Unseen,8.847388483654603e-11,4.382506234166606e-05
10,Seen,5.189931809269072e-11,3.4000633120734624e-05
10,Seen,3.967517013893747e-11,2.9236180178816944e-05
10,Seen,4.451310352641377e-11,3.1869462335021093e-05
10,Unseen,3.690348149953762e-11,3.0268037773626565e-05
10,Seen,3.4199596370035694e-11,2.7869716725921275e-05
10,Unseen,3.8897938746569925e-11,3.316668248623525e-05
10,Unseen,7.396561185929113e-11,4.1170726669325475e-05
10,Unseen,2.565871070644093e-11,2.347388222776946e-05
10,Unseen,3.2645672457522975e-11,2.7079679361401342e-05
10,Seen,3.0035820132416886e-11,2.7540457494212358e-05
10,Unseen,3.811913329674147e-11,3.064498858608517e-05
10,Seen,3.55706684146619e-11,3.0571555218277444e-05
10,Seen,2.7333174374249358e-11,2.4750838277553833e-05
10,Unseen,4.3693096359113836e-11,3.2551118587747675e-05
10,Seen,8.372757772372664e-11,3.8988534289165834e-05
10,Seen,2.885292441045503e-11,2.559416022671847e-05
10,Seen,4.3447520402402765e-11,3.221872712170872e-05
10,Seen,3.6743213713987086e-11,2.8231123605636548e-05
10,Unseen,3.417769440133148e-11,2.7422124557793542e-05
10,Seen,7.276001525249265e-11,4.431194603844964e-05
10,Seen,2.538404317387131e-11,2.428149843113496e-05
10,Unseen,3.670467180221966e-11,2.875377788091163e-05
10,Seen,6.615179544356198e-11,3.725123790380517e-05
10,Seen,9.565212784017101e-11,4.49745618945041e-05
10,Unseen,3.099869997730905e-11,2.7701634900991926e-05
10,Seen,4.6519750661000696e-11,3.419542488670418e-05
10,Unseen,3.120187453827566e-11,2.8087480923529042e-05
10,Seen,3.6981982330719706e-11,2.91002350336126e-05
10,Seen,3.9293801118785764e-11,3.0171766535892523e-05
10,Seen,5.3492833137673584e-11,3.374494544693578e-05
10,Seen,5.464193071937714e-11,3.508563929632946e-05
10,Seen,6.565153263523783e-11,3.605013378624301e-05
10,Seen,3.722002551907314e-11,3.0118597777351804e-05
10,Seen,4.086301588602864e-11,2.9080540643181773e-05
10,Seen,3.4766439409378864e-11,2.8461890868955277e-05
10,Seen,4.2039570329619656e-11,3.293523502644791e-05
10,Unseen,3.150877981980244e-11,2.7254822581337027e-05
10,Seen,3.486722328903022e-11,2.7867003269954666e-05
10,Seen,4.4908807881135813e-11,3.0843765777057965e-05
10,Seen,4.484086409653497e-11,2.910331843073517e-05
10,Seen,3.566247197225307e-11,2.903204420488953e-05
10,Seen,4.9700878482813604e-11,3.433538977245459e-05
10,Seen,3.650629106812744e-11,2.8289167863725988e-05
10,Seen,5.350703943972326e-11,3.223904576926194e-05
10,Seen,4.458906856160652e-11,2.943383663798354e-05
10,Unseen,4.116476294581718e-11,3.275229627986074e-05
10,Seen,4.106796801485053e-11,2.8999068759280104e-05
10,Unseen,5.589040565957989e-11,3.2122075942221555e-05
10,Seen,3.912397553590563e-11,2.849787940622505e-05
10,Seen,4.1041468285153425e-11,3.0300913153097538e-05
10,Seen,4.4397485940274057e-11,3.3610366179021985e-05
10,Unseen,3.40499557512213e-11,2.8948635754270075e-05
10,Unseen,4.393246515748381e-11,3.314396745561641e-05
10,Seen,3.195374531846249e-11,2.8876399268559427e-05
10,Seen,4.8849370819520916e-11,3.3813415555603366e-05
10,Seen,2.4299779132770706e-11,2.347456229161014e-05
10,Unseen,2.437510549779759e-11,2.3272212769837756e-05
10,Seen,2.9740199924746395e-11,2.5983795567008283e-05
10,Seen,3.75724334098234e-11,2.7274894983166492e-05
10,Seen,2.8054120402540992e-11,2.5097802812829236e-05
10,Unseen,4.9967689881002787e-11,3.5000297459242266e-05
10,Unseen,3.870174735461212e-11,3.0626394652426286e-05
10,Seen,3.980909950688714e-11,2.989436768564417e-05
10,Seen,3.155509513669831e-11,2.7612229095409756e-05
10,Seen,3.388732782319048e-11,2.830443013447095e-05
10,Seen,3.46580460940299e-11,2.9354291845454122e-05
10,Seen,4.790688300943342e-11,3.302674657558916e-05
10,Seen,3.858019027072168e-11,2.904103490719152e-05
10,Unseen,4.7836731709999305e-11,3.387407346684066e-05
10,Seen,7.160887305369001e-11,3.7810887665264385e-05
10,Seen,7.351491339944362e-11,4.075224417623915e-05
10,Seen,4.382220968541532e-11,3.072158521683585e-05
10,Unseen,4.012001684473276e-11,3.0097334860371833e-05
10,Seen,3.230156355067491e-11,2.7007783240521083e-05
10,Seen,5.534880400410309e-11,3.422507431980511e-05
10,Seen,3.4684444034164844e-11,2.769146371959208e-05
10,Seen,7.609585847368705e-11,4.1151798929743826e-05
10,Seen,6.691990804705988e-11,4.2524256344619185e-05
10,Seen,3.977853075560772e-11,2.8894139221988946e-05
10,Unseen,3.461282627191925e-11,2.8250896208730748e-05
10,Seen,3.730537512679241e-11,3.0170804595485067e-05
10,Seen,3.3527863788924304e-11,2.896419394799961e-05
10,Seen,5.42759666573061e-11,3.505147420584065e-05
10,Unseen,5.7485411980612755e-11,3.5553997362486934e-05
10,Unseen,4.140005007742707e-11,2.9799658948458418e-05
10,Seen,3.909501390510011e-11,3.094014149889946e-05
10,Seen,4.1764586814155695e-11,3.133407191140657e-05
10,Unseen,9.041805030185264e-11,4.8717014468582577e-05
10,Seen,4.142256258051522e-11,3.008390266882293e-05
10,Seen,3.597759084995301e-11,2.9376477522733803e-05
10,Seen,5.226841956502897e-11,3.3614762895505185e-05
10,Seen,4.8016019900181546e-11,3.159066201303476e-05
10,Unseen,3.271744945622791e-11,2.7113873735976527e-05
10,Unseen,9.166563659495422e-11,4.908162763128562e-05
10,Seen,4.132199110123771e-11,3.061351697185684e-05
10,Seen,4.994029053936134e-11,3.1766311040282506e-05
10,Seen,4.6079119052556955e-11,3.184891178975746e-05
10,Seen,4.8119230435184237e-11,3.406458233856906e-05
10,Unseen,3.899474515482925e-11,2.945326407851959e-05
10,Seen,5.869169877905617e-11,3.572720056542003e-05
10,Seen,6.694364183535389e-11,3.7975685553235194e-05
10,Seen,9.138172184834711e-11,4.310840633712126e-05
10,Seen,6.968553168450273e-11,3.9963604442087585e-05
10,Unseen,3.570482814982159e-11,3.1802742179722246e-05
10,Seen,9.876453099606398e-11,4.58558419705958e-05
10,Seen,4.085066613003898e-11,3.070825908089635e-05
10,Seen,4.107698839610222e-11,3.073971880714939e-05
10,Seen,6.330290691478143e-11,3.6575718471780254e-05
10,Seen,7.242874008333449e-11,3.7013348740506375e-05
10,Unseen,2.8529633161658026e-11,2.628023339754459e-05
10,Unseen,4.647808667271504e-11,3.286838600367513e-05
10,Seen,4.754600806755773e-11,3.0222637411913344e-05
10,Seen,3.334484422500779e-11,2.821599363186163e-05
10,Seen,4.5098081736417194e-11,3.309983478912066e-05
10,Seen,3.926113779863024e-11,2.9000099831447705e-05
10,Unseen,3.6057701350192864e-11,2.840715476714766e-05
10,Seen,5.342068332751807e-11,3.336991496258028e-05
10,Unseen,3.434285076943156e-11,2.8059038986184493e-05
10,Unseen,3.232637298120539e-11,2.8406583021218426e-05
10,Seen,5.0566546633970146e-11,3.189045665409748e-05
10,Seen,3.8658388865479035e-11,3.1026732359143054e-05
10,Seen,7.712011259707956e-11,4.126915236889685e-05
10,Seen,3.892650211484744e-11,2.922130708186183e-05
10,Seen,3.8977665777084745e-11,3.055134370933772e-05
10,Unseen,4.1865229322532066e-11,3.0329982768146346e-05
10,Seen,4.4983851498876113e-11,3.114283157786618e-05
12,Unseen,7.745483132000431e-11,3.356417719014376e-05
12,Seen,3.912945169197541e-11,2.654434244862781e-05
12,Seen,4.900687056590817e-11,2.9506653793349583e-05
12,Seen,3.567850307736842e-11,2.6143046712083048e-05
12,Seen,4.62528445457619e-11,3.0280325308657844e-05
12,Seen,6.039486909156572e-11,3.358406576170112e-05
12,Seen,4.122972608885936e-11,2.702894636927635e-05
12,Seen,3.433111396412098e-11,2.620374682605342e-05
12,Seen,3.1236601766625715e-11,2.553818901337874e-05
12,Seen,4.0655367876738075e-11,2.814734522961912e-05
12,Seen,3.0891953259487494e-11,2.5527909357875277e-05
12,Unseen,1.246852281219703e-10,3.603886478583436e-05
12,Unseen,3.729696581906934e-11,2.557568223658751e-05
12,Unseen,3.434887038994249e-11,2.7523546826800238e-05
12,Seen,4.071771611051023e-11,2.7084406097590685e-05
12,Seen,5.890024806270992e-11,3.3812741901730386e-05
12,Seen,4.1026923822151465e-11,2.8743298391458778e-05
12,Seen,5.226402438318038e-11,3.160250325583903e-05
12,Unseen,2.6480333574351172e-11,2.3389936376847025e-05
12,Unseen,3.266920753337641e-11,2.818001636254374e-05
12,Seen,4.701286957236121e-11,2.9899264046630534e-05
12,Seen,3.569895862465213e-11,2.6644013523110953e-05
12,Unseen,2.8596491167917943e-11,2.484414110855832e-05
12,Seen,3.929608893916412e-11,2.7470418729618886e-05
12,Seen,3.106631366823343e-11,2.4433473002457902e-05
12,Seen,4.601214922078977e-11,2.9960846787031216e-05
12,Unseen,3.778906788457089e-11,2.7707758385101877e-05
12,Seen,3.891261470864117e-11,2.7269497877661414e-05
12,Seen,4.9248132818087654e-11,2.8318685894749877e-05
12,Seen,9.184469139803478e-11,3.2108618492037924e-05
12,Seen,3.476755065638048e-11,2.6054140351880276e-05
12,Unseen,2.5574372418384767e-11,2.4526706020079414e-05
12,Unseen,1.9285280827154286e-11,2.061701610209457e-05
12,Seen,2.937214541415486e-11,2.4121758155542536e-05
12,Seen,6.016634297317884e-11,3.0123922965691924e-05
12,Seen,3.869573260120809e-11,2.7784712729520046e-05
12,Unseen,3.842011876325013e-11,2.7869714997555645e-05
12,Seen,3.4328881459163137e-11,2.4856279339444442e-05
12,Unseen,2.651543340820257e-11,2.3914151353572858e-05
12,Unseen,3.85944127996054e-11,2.7316541562504345e-05
12,Unseen,5.2001937909332974e-11,3.497127947598297e-05
12,Seen,8.649166415621148e-11,3.8374359386067816e-05
12,Seen,5.2810642312794993e-11,2.935367728151369e-05
12,Seen,7.945693619761158e-11,3.0438447522262245e-05
12,Seen,3.4894808652061066e-11,2.734869210872845e-05
12,Seen,4.1605075620301616e-11,2.681157016197475e-05
12,Unseen,3.340409788255722e-11,2.6414858896821586e-05
12,Unseen,1.9449913912964822e-11,2.0800725375712476e-05
12,Seen,8.331291937090905e-11,4.012860534175089e-05
12,Seen,2.857442575430838e-11,2.4132711544156636e-05
12,Seen,5.120814542395819e-11,3.136259778893113e-05
12,Unseen,2.995931060537145e-11,2.5721317053321385e-05
12,Unseen,2.496790393802489e-11,2.3318269058484496e-05
12,Seen,4.420717694998332e-11,2.8240082501856547e-05
12,Unseen,2.906336496122323e-11,2.44758514729236e-05
12,Seen,5.152630615986376e-11,3.117514702417459e-05
12,Unseen,4.877005450743804e-11,3.16867937409343e-05
12,Seen,7.82002734511006e-11,3.4084624460693307e-05
12,Seen,1.0870732952366731e-10,3.303576031822984e-05
12,Unseen,5.365975900838628e-11,3.056733738727889e-05
12,Unseen,3.3082000475421225e-11,2.706927477650713e-05
12,Unseen,4.029828208873202e-11,2.8939880913351662e-05
12,Seen,4.1151574245886984e-11,2.89914897420462e-05
12,Seen,6.320899444681718e-11,3.350898785363758e-05
12,Unseen,4.536986793362601e-11,3.0447154786209957e-05
12,Unseen,2.827825510142804e-11,2.5485611277093783e-05
12,Seen,8.980897156936962e-11,4.1741899918259336e-05
12,Seen,4.1133011983227994e-11,2.9087821965372825e-05
12,Unseen,6.030553643242029e-11,3.1797927759866396e-05
12,Seen,6.029507498445266e-11,2.825089829451637e-05
12,Seen,2.4777493052005024e-11,2.2305876462453816e-05
12,Unseen,2.227652196479611e-11,2.3749001421052623e-05
12,Seen,4.553134856157443e-11,3.0099680082776204e-05
12,Seen,5.318814153325957e-11,3.270177389478224e-05
12,Unseen,2.793711481956307e-11,2.4859534718437884e-05
12,Seen,6.571885539438962e-11,3.673428710367562e-05
12,Seen,3.146813494065813e-11,2.5527352139385625e-05
12,Seen,3.6838683748878333e-11,2.843558497358206e-05
12,Seen,2.962020973354317e-11,2.5430460684127245e-05
12,Unseen,9.36921130992452e-11,3.2597769136963056e-05
12,Unseen,3.355662608678074e-11,2.6003816442340294e-05
12,Unseen,4.67672789885611e-11,3.073249434267228e-05
12,Seen,1.6908153967495797e-10,4.385796561422216e-05
12,Unseen,3.37216619523332e-11,2.714285531522134e-05
12,Seen,6.546703991826001e-11,3.35837973134985e-05
12,Seen,8.253613987741849e-11,3.397198005505388e-05
12,Unseen,4.684674967296797e-11,3.205650610226199e-05
12,Seen,1.1370654144269083e-10,3.277562877894993e-05
12,Seen,4.4955695022734596e-11,3.1588106359786954e-05
12,Seen,4.367082040551878e-11,2.7387559465925136e-05
12,Seen,1.3830107491524297e-10,4.446456099869548e-05
12,Seen,1.680580874990606e-10,3.970055669085786e-05
12,Seen,9.331069392257817e-11,3.4846869408617335e-05
12,Seen,1.1393822111701481e-10,3.4854921738743405e-05
12,Seen,1.2802142467521426e-10,3.461646024575326e-05
12,Seen,1.1386636038339529e-10,3.754290549533961e-05
12,Unseen,5.0321680482850444e-11,3.160421581405119e-05
12,Unseen,5.5207837520974694e-11,3.044410019900135e-05
12,Unseen,5.8058517748236474e-11,3.487000026051319e-05
12,Seen,2.0501679732618587e-10,4.498547431949183e-05
12,Seen,1.6199683055945428e-10,3.971287463595596e-05
12,Unseen,1.8364435461356398e-10,3.6817844282557125e-05
12,Seen,1.310327862267228e-10,3.7198633316611636e-05
12,Seen,4.301058385981742e-11,2.9123983612553192e-05
12,Unseen,1.5325824970688103e-10,3.530763996183236e-05
12,Seen,5.6535202115631257e-11,3.1785639010316695e-05
12,Seen,1.897756817718737e-10,4.068112446900274e-05
12,Seen,8.34455027796476e-11,3.3267268346308274e-05
12,Unseen,2.724172699500455e-11,2.586643333775867e-05
12,Seen,1.47004087570859e-10,4.0766007795686e-05
12,Unseen,1.2800940864116972e-10,3.8388855026019244e-05
12,Unseen,1.2679590358812494e-10,3.470083140032671e-05
12,Seen,9.505434903205402e-11,3.568261843907151e-05
12,Seen,3.208757756004641e-11,2.733635788096492e-05
12,Seen,1.2282746793731914e-10,3.63742272682971e-05
12,Unseen,8.898937234698852e-11,3.5512590621277785e-05
12,Seen,1.1376654412983028e-10,3.451361182399169e-05
12,Seen,5.2117164006013624e-11,3.248768264082991e-05
12,Seen,1.2550965764693903e-10,3.666212983126107e-05
12,Unseen,4.504979785026504e-11,2.9524623684767863e-05
12,Unseen,1.1946642475750926e-10,5.947612342426829e-05
12,Unseen,1.1308449123058091e-10,3.192986289553476e-05
12,Unseen,2.4678277283393548e-11,2.4325771152638143e-05
12,Unseen,1.0325306376067527e-10,3.1759614177858215e-05
12,Unseen,2.276870100864392e-11,2.325126500561115e-05
12,Seen,1.3020358234651073e-10,3.546810911116504e-05
12,Seen,1.5234052733283257e-10,4.447894401195326e-05
12,Seen,1.291843176853366e-10,3.520534488066093e-05
12,Unseen,5.950256802589755e-11,3.52380216406226e-05
12,Unseen,4.9545258172667654e-11,3.416226911993133e-05
12,Seen,1.3876832983704233e-10,3.658798142147299e-05
12,Seen,3.707741380520463e-11,2.75527904794221e-05
12,Seen,3.337415658667458e-11,2.8313109405055394e-05
12,Seen,1.4319643208346864e-10,3.8154692335772826e-05
12,Unseen,4.4300609533195176e-11,2.967079267387776e-05
12,Seen,1.0517621853533728e-10,3.589917504579295e-05
12,Unseen,6.587748420505149e-11,3.464353842760797e-05
12,Seen,1.256220974438826e-10,3.5387919920959156e-05
12,Seen,9.793174830761209e-11,3.312052280687109e-05
12,Unseen,1.491467793401572e-10,3.954081362842806e-05
12,Seen,6.939950569656366e-11,3.688533819744145e-05
12,Seen,9.982420163916676e-11,3.4600721157394605e-05
12,Unseen,5.450768068927881e-11,3.2195449886627103e-05
12,Unseen,3.4843307138235175e-11,3.0399931138429417e-05
12,Seen,6.85670762800536e-11,3.7457658004238394e-05
12,Unseen,4.120918846408607e-11,2.9109753999086944e-05
12,Unseen,9.468975590126545e-11,3.6131213094060264e-05
12,Seen,1.1034419981617018e-10,3.3150374421773255e-05
12,Seen,9.513458760616766e-11,3.436126457490402e-05
12,Seen,1.746102661802476e-10,4.1664885908697014e-05
12,Seen,1.5137512445393656e-10,3.712969755872033e-05
12,Seen,6.09880437663339e-11,3.308742892644832e-05
12,Seen,2.3805933596126606e-10,4.9647814940399005e-05
12,Seen,1.414679339807837e-10,3.6473934270562994e-05
12,Unseen,1.2496701136994195e-10,3.8185332579630686e-05
12,Seen,3.1103058860645945e-11,2.6992902038225946e-05
12,Seen,8.283555189344103e-11,3.488700296106726e-05
12,Seen,8.830747496507266e-11,4.0120921390590366e-05
12,Seen,6.60509591102678e-11,3.78592965922432e-05
12,Seen,1.0750925792072659e-10,3.717033960163926e-05
12,Seen,2.525115406999985e-11,2.405815312689663e-05
12,Unseen,2.8410590475555824e-11,2.642653895054957e-05
12,Seen,1.1577673127477125e-10,3.1734857401629755e-05
12,Seen,6.28597806500042e-11,2.631041586625226e-05
12,Unseen,5.8077402155654486e-11,3.2450907982543206e-05
12,Seen,1.01183453310071e-10,3.271847513556501e-05
12,Unseen,2.4366350232112798e-11,2.319137681060089e-05
12,Unseen,2.921749155728572e-11,2.4387018082985493e-05
12,Seen,1.037242337668257e-10,3.1395110442259396e-05
12,Seen,2.2416157293155407e-11,2.3173171082331376e-05
12,Unseen,3.209103242438811e-11,2.64276033926907e-05
12,Seen,1.3156984716742013e-10,3.577241571338074e-05
12,Unseen,2.8015012780896962e-11,2.455519289226672e-05
12,Seen,8.053196812835518e-11,2.7798607918204048e-05
12,Seen,6.153766929962704e-11,2.768005080669028e-05
12,Seen,2.834818666617266e-11,2.515297757157769e-05
12,Seen,7.177447210026816e-11,3.296617278527879e-05
12,Unseen,1.0267020965731585e-10,3.188830238422118e-05
12,Unseen,5.065122678890875e-11,2.69872564056691e-05
12,Seen,4.204406475084743e-11,2.820574658681422e-05
12,Seen,7.284229090260839e-11,3.039211098374844e-05
12,Seen,6.832880236710383e-11,3.106152634050033e-05
12,Unseen,3.499429363348776e-11,2.634259577982943e-05
12,Unseen,3.670071081953139e-11,2.7862149689778092e-05
12,Seen,5.1283059755744194e-11,2.7953717761703156e-05
12,Unseen,8.914739796630823e-11,3.1060433618039245e-05
12,Seen,1.0772001946586366e-10,2.789650817098668e-05
12,Unseen,1.0510937179371271e-10,3.4779313536874855e-05
12,Unseen,3.568661818286346e-11,2.7757541559418724e-05
12,Unseen,2.6335838016673025e-11,2.1715876807521002e-05
12,Seen,9.315756407476831e-11,3.25206468151747e-05
12,Seen,1.0365781817159603e-10,3.4226782472224907e-05
12,Unseen,1.3371753790813406e-10,3.489212777073272e-05
12,Unseen,1.3462073260752513e-10,3.6681480228941116e-05
12,Seen,7.043808425273783e-11,3.053645419093936e-05
12,Seen,7.155756393151582e-11,3.6392070472412756e-05
12,Unseen,5.805059888650093e-11,2.9816910517905322e-05
12,Unseen,7.232073093348277e-11,3.199596716004306e-05
12,Unseen,1.2895908388551456e-10,3.822527617660391e-05
12,Unseen,4.2200942502542454e-11,3.235829475724875e-05
12,Seen,2.080964113798107e-10,4.594987998086676e-05
12,Seen,1.4980755617748154e-10,3.622444239825634e-05
12,Seen,1.7215727773670616e-10,3.939962211208099e-05
12,Seen,9.33509033615485e-11,3.2861588479889895e-05
12,Unseen,6.326143774251054e-11,3.914895020261663e-05
12,Unseen,1.50307915942804e-10,3.9662030600099624e-05
12,Seen,3.545502889473584e-11,2.9654406890980464e-05
12,Seen,3.905558305146124e-11,2.9067688865892346e-05
12,Seen,1.0547937052649987e-10,3.7262951239673764e-05
12,Seen,6.027836335576565e-11,3.40167430710176e-05
12,Unseen,4.05831717400545e-11,3.232925353667585e-05
12,Seen,7.541662551174687e-11,2.9882497491103962e-05
12,Seen,1.775325001837672e-10,3.828635900461551e-05
12,Seen,1.0858073183390098e-10,3.3796210040779426e-05
12,Seen,1.1846427474242068e-10,3.454155733954466e-05
12,Unseen,4.6276610831830403e-11,2.849971324021128e-05
12,Unseen,7.027238323486619e-11,3.313118873239554e-05
12,Seen,7.917045935417494e-11,3.0129721358050782e-05
12,Unseen,3.860568465353106e-11,2.782565383054844e-05
12,Unseen,3.84127265815323e-11,2.5947834837855805e-05
12,Seen,7.975908817949449e-11,3.1639472310492156e-05
12,Unseen,4.3289109437552096e-11,2.6983433188908442e-05
12,Seen,2.7878416157290027e-11,2.44672519335003e-05
12,Unseen,3.1146083411881485e-11,2.618009928124885e-05
12,Unseen,3.1561814645910766e-11,2.7468629619063116e-05
12,Seen,1.0140597170199661e-10,4.4464980834680084e-05
12,Unseen,4.02839420893304e-11,3.104431376707914e-05
12,Seen,9.096897227127498e-11,3.6086257003252955e-05
12,Unseen,3.760459473261147e-11,2.939240304985007e-05
12,Seen,2.93313469795133e-11,2.6416398385682095e-05
12,Unseen,5.501330358145208e-11,3.268204764025135e-05
12,Seen,4.5589754435467755e-11,3.1255063088201904e-05
12,Seen,9.725929216037738e-11,3.465147576161083e-05
12,Unseen,3.4638615503065494e-11,2.8064684298925647e-05
12,Seen,8.848713783959136e-11,3.423615405316448e-05
12,Unseen,2.66024037329685e-10,6.926825946458125e-05
12,Unseen,3.588548508276746e-11,2.808618640222631e-05
12,Seen,7.64618124528822e-11,3.278917114324276e-05
12,Unseen,9.76397248811131e-11,3.949909858203098e-05
12,Seen,4.2696113527900305e-11,2.9557897314992406e-05
12,Seen,5.942993907821505e-11,3.2521899346633965e-05
12,Seen,7.054502947185916e-11,3.0088986772720132e-05
12,Unseen,1.2518173442366486e-10,3.404763618415039e-05
12,Seen,1.5791690221143692e-10,3.6017501383606986e-05
12,Seen,1.5474835975363686e-10,3.238174197096603e-05
12,Unseen,3.0323378763648434e-11,2.5233060595151923e-05
12,Unseen,4.9023748484907506e-11,3.066482369255346e-05
12,Unseen,2.8933708494423386e-11,2.5182428391168107e-05
12,Seen,5.7510637895865144e-11,2.743057432206653e-05
12,Seen,4.664724706476395e-11,2.5972477827745363e-05
12,Unseen,4.2984311042819015e-11,2.966657392605036e-05
12,Unseen,2.554096049247815e-11,2.311763532670119e-05
12,Unseen,4.658506603735083e-11,3.178516251116448e-05
12,Unseen,2.7903838706630054e-11,2.465758578045302e-05
12,Seen,4.6757418772281325e-11,3.093218282857027e-05
12,Seen,4.728385421503059e-11,2.6340241260207543e-05
12,Unseen,3.941981643187363e-11,3.1503769235321735e-05
12,Unseen,5.504479063690729e-11,3.402318106717513e-05
12,Unseen,2.334579593922132e-11,2.3992868657257432e-05
12,Unseen,6.569825067122443e-11,3.26329168491544e-05
12,Unseen,3.44353648143676e-11,2.709010444315045e-05
12,Unseen,3.2848735875814246e-11,2.6784697044291495e-05
12,Unseen,4.1994430358766675e-11,2.8751066741012276e-05
12,Unseen,2.8150029791150433e-11,2.5760074292389912e-05
12,Seen,6.873251594376614e-11,3.451763984849822e-05
12,Unseen,5.297437071733916e-11,3.313878561060141e-05
12,Seen,4.4994174278361266e-11,3.1526635236851926e-05
12,Seen,7.150247335439152e-11,3.1030973660960084e-05
12,Seen,1.0711513109418752e-10,3.643495424924743e-05
12,Seen,1.8066655784125587e-10,4.2811231124780434e-05
12,Seen,7.503827090318905e-11,3.2214677369074785e-05
12,Seen,1.4739219194114658e-10,3.938955566226077e-05
12,Unseen,3.2094792837548685e-11,2.765663253960549e-05
12,Seen,1.7070286086131312e-10,3.771356747361888e-05
12,Unseen,4.763297913568087e-11,3.217659333880541e-05
12,Unseen,1.3808219097418913e-10,3.80320553853135e-05
12,Seen,1.717462115468264e-10,4.017445481207471e-05
12,Unseen,4.8267202046296736e-11,2.9922521992492747e-05
12,Seen,1.2833711934174617e-10,3.482630560228395e-05
12,Unseen,5.601776004574567e-11,3.0512768802994498e-05
12,Unseen,5.573783577399723e-11,3.155699959330058e-05
12,Seen,5.4854504856609093e-11,3.306264996282746e-05
12,Unseen,1.0716786859281217e-10,3.4271359899825576e-05
12,Seen,1.625587801925824e-10,3.890121714003052e-05
12,Seen,3.294241724305069e-11,2.5110422449412788e-05
12,Seen,1.3200631861072924e-10,4.256191231537898e-05
12,Unseen,3.60212786725899e-11,2.989189787765988e-05
12,Unseen,4.658583084226476e-11,2.6847420603779685e-05
12,Seen,1.9856491263016915e-10,3.463073306030221e-05
12,Unseen,3.087344376794752e-11,2.6090515355161106e-05
12,Seen,3.878066938128325e-11,2.6315929554961414e-05
12,Unseen,1.6251817108704164e-10,3.5954311989470034e-05
12,Unseen,6.88557005172454e-11,2.987912789009886e-05
12,Seen,9.664589859236742e-11,3.279098519225946e-05
12,Unseen,3.752975650065014e-11,2.6699899876957255e-05
12,Unseen,2.6300713709857813e-11,2.4037958203247485e-05
12,Unseen,4.448135241849998e-11,3.0495516995745116e-05
12,Seen,5.187151476163894e-11,3.314280934893309e-05
12,Seen,1.3034269292851659e-10,3.4917324301768726e-05
12,Unseen,3.53415845196508e-11,2.8785260479179312e-05
12,Unseen,4.8479068335246294e-11,3.1725357762621e-05
12,Seen,2.917710388710108e-11,2.2571350547506222e-05
12,Unseen,2.4763752891985297e-11,2.416892326093612e-05
12,Seen,8.650784269333969e-11,3.424283337765573e-05
12,Seen,3.208801807826108e-11,2.713762027989731e-05
12,Seen,3.617189786921635e-11,2.8920449224468897e-05
12,Seen,5.3694119191622306e-11,3.337848170818177e-05
12,Unseen,2.915691552168274e-11,2.6945245741777676e-05
12,Seen,1.7111748887611796e-10,4.042953952657786e-05
12,Unseen,7.602515051679988e-11,3.148935557419467e-05
12,Seen,8.009970700696792e-11,3.269084293409381e-05
12,Unseen,4.505039846671362e-11,3.368902222510948e-05
12,Unseen,5.210641142335135e-11,3.3337337667088134e-05
12,Unseen,4.1786830764590483e-11,3.0827440118077374e-05
12,Seen,3.799678477270667e-11,3.0117842825381982e-05
12,Seen,8.977129951618078e-11,3.1496377411796705e-05
12,Unseen,1.9446571755464226e-10,3.762029131373855e-05
12,Seen,1.4352485720071333e-10,3.8275594901047005e-05
12,Seen,4.177943562900729e-11,3.095809369820703e-05
12,Seen,8.818655652800733e-11,3.511188956526122e-05
12,Unseen,4.5031994953361224e-11,3.110846010705514e-05
12,Seen,5.382567139169003e-11,3.071392476657726e-05
12,Unseen,5.672466643939801e-11,3.445033335133701e-05
12,Unseen,6.453413421994474e-11,2.792617377779009e-05
12,Unseen,7.487045184682489e-11,3.182155063799072e-05
12,Unseen,4.960176311089232e-11,3.3101199481427836e-05
12,Unseen,3.292705663425769e-11,2.797486417793994e-05
12,Unseen,5.401280250651072e-11,3.3044285966978264e-05
12,Unseen,5.104036022659998e-11,3.55295471415926e-05
12,Seen,4.728579961082497e-11,3.1696244097527465e-05
12,Seen,6.085990231764514e-11,3.208506274225945e-05
12,Unseen,4.408211716700351e-11,3.3488354838186634e-05
13,Unseen,6.498116979478178e-11,3.850762336129017e-05
13,Unseen,1.1669493588159196e-10,5.77254148206184e-05
13,Unseen,9.176977270457632e-11,4.421760444465932e-05
13,Seen,2.473648598106093e-10,6.391298305224484e-05
13,Unseen,2.1461733374228457e-10,5.8621559394097165e-05
13,Unseen,2.6182180009489177e-10,6.209626933697764e-05
13,Unseen,1.0813838028530605e-10,4.6645740962005766e-05
13,Unseen,8.185292757889538e-11,4.477160234091621e-05
13,Unseen,7.503539099320234e-11,4.403987487203491e-05
13,Unseen,7.324229051782332e-11,4.167272563480877e-05
13,Unseen,8.023661116520692e-11,4.50445685471672e-05
13,Unseen,7.864606610571421e-11,3.752553343954051e-05
13,Seen,1.0177476004804203e-10,4.337001521429368e-05
13,Unseen,7.194742328516898e-11,4.13827934505804e-05
13,Unseen,6.196598055466719e-11,3.701839180198725e-05
13,Unseen,1.0420716327738652e-10,4.697740481158658e-05
13,Unseen,7.618550664227833e-11,3.933901414267771e-05
13,Unseen,8.859518586831647e-11,4.9961905417189084e-05
13,Unseen,8.054845750833091e-11,4.4632376408203674e-05
13,Seen,8.315267263385423e-11,4.18792105672181e-05
13,Unseen,8.498378202301253e-11,4.500131769928064e-05
13,Unseen,7.397266182027644e-11,3.994823382366111e-05
13,Seen,1.31539576903221e-10,5.239371269662626e-05
13,Seen,1.1093431568803198e-10,5.099128370337548e-05
13,Seen,1.3155665124822415e-10,6.243066810992929e-05
13,Unseen,8.298434849596586e-11,4.661505607001563e-05
13,Unseen,1.5681262096749046e-10,5.837164668015926e-05
13,Seen,1.6033799734758247e-10,6.455592886826963e-05
13,Unseen,1.264420811413935e-10,5.565929579028295e-05
13,Unseen,9.90318826292481e-11,4.8626217317923556e-05
13,Unseen,1.0130941454192196e-10,5.078768906745932e-05
13,Unseen,1.4226891872629311e-10,5.9203785181312847e-05
13,Unseen,6.067301387836753e-10,6.966301349309237e-05
13,Seen,1.283847545458948e-10,5.316156718735724e-05
13,Unseen,8.321740869578721e-11,4.495673232391989e-05
13,Unseen,1.6925875412784145e-10,6.0934247851785824e-05
13,Seen,1.0188536404182391e-10,5.112553088871823e-05
13,Seen,1.1390724440044011e-10,5.220560890476558e-05
13,Seen,7.977027692518934e-11,4.198189327503069e-05
13,Unseen,1.338011422511293e-10,5.6474046067933744e-05
13,Unseen,1.5193476405341273e-10,5.954471958588963e-05
13,Seen,7.533947537741515e-11,4.035532650041169e-05
13,Seen,7.956028354725046e-11,4.372109116127086e-05
13,Unseen,8.247631337665737e-11,4.587172707469241e-05
13,Seen,1.4816736080685613e-10,5.156835514757651e-05
13,Unseen,1.012459491513764e-10,4.757765886911834e-05
13,Unseen,1.0934306657015043e-10,5.310556470854221e-05
13,Seen,1.3219708204910292e-10,5.354170820749906e-05
13,Seen,9.007014300386374e-11,4.3706445101221666e-05
13,Seen,7.39627230436573e-11,3.957499243338713e-05
13,Seen,6.691974270263515e-11,4.2137263096809685e-05
13,Unseen,8.186269432830715e-11,4.060878924727176e-05
13,Unseen,1.0073540661997964e-10,4.4835167526006935e-05
13,Unseen,8.540526939085931e-11,4.5022034491399994e-05
13,Unseen,1.737503689018912e-10,5.812717332840382e-05
13,Seen,8.401868252718184e-11,4.21420369357973e-05
13,Seen,8.070000053125147e-11,4.35828727833497e-05
13,Unseen,9.644098796585059e-11,4.6573837421974575e-05
13,Unseen,8.496215872905078e-11,4.6597740479413125e-05
13,Seen,1.205991560402095e-10,5.4755028610314476e-05
13,Seen,2.7457661691648743e-10,6.234622662025784e-05
13,Unseen,6.31900614072404e-11,3.935012665553344e-05
13,Seen,1.1917395464607783e-10,5.8281025254074175e-05
13,Seen,1.0612325728492602e-10,4.9133557178171153e-05
13,Unseen,5.83859507329507e-11,3.697899138169686e-05
13,Unseen,1.2947037116979217e-10,5.658299900834103e-05
13,Unseen,7.288524615365865e-11,3.9932146769387906e-05
13,Unseen,7.89808785650623e-11,4.0095739311069065e-05
13,Unseen,8.937870999823929e-11,4.4400443051762834e-05
13,Unseen,7.721125025098395e-11,3.974952685748035e-05
13,Unseen,7.926886035987551e-11,4.574813024597426e-05
13,Unseen,9.42066479607524e-11,4.946010095694563e-05
13,Unseen,7.331343107913143e-11,4.576740002288266e-05
13,Seen,1.3789158180613042e-10,5.351787565419883e-05
13,Unseen,1.3249636924736172e-10,5.393282182381934e-05
13,Unseen,1.1222123475881971e-10,4.9617293749632016e-05
13,Unseen,8.853736621030158e-11,4.213748905214408e-05
13,Unseen,2.166835516335065e-10,5.8355160675692355e-05
13,Unseen,6.448205220155825e-11,3.906345235098502e-05
13,Seen,1.1787698841309036e-10,5.3468004393804626e-05
13,Unseen,7.24336449278765e-11,3.90942762375523e-05
13,Unseen,1.0243480002611954e-10,4.812608698715441e-05
13,Unseen,1.199245946585569e-10,4.974377682145706e-05
13,Seen,8.717975397333092e-11,4.407639527649185e-05
13,Seen,1.0911596617548809e-10,5.074686386863889e-05
13,Unseen,5.616340952637845e-11,3.481324016662705e-05
13,Unseen,1.0325931792865824e-10,4.715928635538237e-05
13,Unseen,1.0064806350836385e-10,5.166461226328122e-05
13,Seen,9.349042243719984e-11,4.0476340373005514e-05
13,Unseen,7.132803525244479e-11,4.4234545312986664e-05
13,Unseen,7.338695379903739e-11,4.285219943270486e-05
13,Unseen,7.287906346167856e-11,4.112212420837237e-05
13,Unseen,5.909150636940138e-11,3.3673225106498716e-05
13,Unseen,1.0190670877293191e-10,4.394726582690699e-05
13,Unseen,5.884061271645815e-11,3.586032791308854e-05
13,Unseen,5.306106471339656e-11,3.307990949364361e-05
13,Unseen,1.0053408715208094e-10,5.0658689261054755e-05
13,Unseen,8.516752465009976e-11,4.295990187300181e-05
13,Unseen,7.016780541304736e-11,4.113592043684273e-05
13,Unseen,1.2579001167304846e-10,4.746428218368368e-05
13,Unseen,9.669879186616098e-11,4.99917899892232e-05
13,Unseen,1.1303650747563134e-10,4.6870171882207194e-05
13,Unseen,5.824702769795291e-11,3.873775952260707e-05
13,Unseen,1.223727543024512e-10,5.792363623567444e-05
13,Unseen,1.394810445227967e-10,5.305130836464705e-05
13,Unseen,7.831106194833499e-11,4.417024344732226e-05
13,Unseen,7.843229884552008e-11,4.332170471175666e-05
13,Unseen,2.622173585160032e-10,5.979560500939255e-05
13,Unseen,1.00195534531777e-10,4.736066309564909e-05
13,Unseen,1.0833554734225696e-10,4.740874439670457e-05
13,Seen,1.3111097598111924e-10,4.615778372310709e-05
13,Seen,1.1521319546485675e-10,5.588393982448476e-05
13,Seen,6.379634163380501e-11,3.5739293406115496e-05
13,Unseen,6.948555273601765e-11,3.848545445123429e-05
13,Seen,8.170869915650129e-11,4.34060606899476e-05
13,Unseen,7.39048272432182e-11,4.087936830983562e-05
13,Seen,1.4720495555982373e-10,5.0897676529602736e-05
13,Seen,6.290906250802852e-11,3.7257710926047875e-05
13,Seen,1.2005867539177475e-10,5.157598539835239e-05
13,Unseen,1.0825989332989176e-10,4.580352122859934e-05
13,Unseen,1.1444358242933044e-10,5.6763098844257695e-05
13,Seen,1.0520431674522001e-10,5.4311969459905646e-05
13,Seen,9.888460335113873e-11,4.8254386348496634e-05
13,Unseen,8.018697402251969e-11,4.1632876001331976e-05
13,Seen,9.172906711048986e-11,4.15480336798189e-05
13,Unseen,1.1866230318921252e-10,5.2952120696500073e-05
13,Seen,5.706456678874906e-11,3.6631120897575393e-05
13,Seen,1.4766578995937013e-10,6.099134046445299e-05
13,Seen,9.0026248948844e-11,4.65850548143202e-05
13,Seen,1.1118848460017229e-10,5.315080268840631e-05
13,Unseen,1.698190037441666e-10,5.9157386716740644e-05
13,Seen,1.2386496324269086e-10,5.157254187945406e-05
13,Seen,1.0654084860617535e-10,4.944135468501112e-05
13,Seen,2.165007429699591e-10,6.293483172049656e-05
13,Unseen,6.974471694566714e-11,4.289266604042394e-05
13,Seen,2.2822798894170457e-10,6.36775904160448e-05
13,Seen,1.1641704232650583e-10,4.834735488508049e-05
13,Seen,1.578791395235485e-10,5.721415167066712e-05
13,Seen,1.1266188268548513e-10,4.7024665504982715e-05
13,Seen,9.483606605598275e-11,5.099463345217095e-05
13,Seen,8.005309426557988e-11,4.234061399019556e-05
13,Unseen,8.813048828790543e-11,4.640362987134577e-05
13,Seen,9.672276595094693e-11,5.2524309992059976e-05
13,Unseen,7.436663442169728e-11,3.93002138255463e-05
13,Seen,2.3238904620453702e-10,5.930231775734196e-05
13,Seen,9.476822515068651e-11,4.828421770792774e-05
13,Seen,8.416251680129851e-11,4.2786387714672427e-05
13,Seen,9.879584830298305e-11,4.695562751351229e-05
13,Unseen,1.1762403840188598e-10,5.2004078188824195e-05
13,Unseen,1.8748933294795688e-10,5.190392612058987e-05
13,Unseen,9.263703523921089e-11,4.349159469579363e-05
13,Unseen,4.8674889218334765e-11,3.1604825950017186e-05
13,Unseen,6.537604434011475e-11,4.316192739001144e-05
13,Seen,1.2338755661690749e-10,5.341969237563492e-05
13,Seen,1.1132363618789467e-10,5.267851298868633e-05
13,Unseen,9.676204178057271e-11,4.9004760849752525e-05
13,Unseen,8.210884671226828e-11,4.2837659358070364e-05
13,Unseen,1.2374699760640223e-10,4.835222166472737e-05
13,Unseen,7.119929338552709e-11,4.028489945736907e-05
13,Unseen,1.599315708982528e-10,5.757457020100652e-05
13,Unseen,5.885555389178886e-10,0.000101446925255779
13,Seen,7.969571602563708e-11,4.44452073004316e-05
13,Unseen,1.0820121090801181e-10,5.083142378108134e-05
13,Unseen,1.369782417617413e-10,5.0790246552932265e-05
13,Unseen,1.6382281457289686e-10,5.4559937287620236e-05
13,Unseen,8.126556869741458e-11,4.0610760615523276e-05
13,Unseen,8.123454934521462e-11,4.122175761363514e-05
13,Unseen,1.9634486311918526e-10,5.8590748226123895e-05
13,Seen,1.0838606928725686e-10,4.919716330253498e-05
13,Seen,6.310781034317099e-11,4.1046357140120306e-05
13,Seen,6.960864488351164e-11,4.021516541373575e-05
13,Seen,1.1332850182866634e-10,5.711102748397895e-05
13,Unseen,1.2802479498919e-10,5.04513582990412e-05
13,Seen,1.8930549656319194e-10,5.884112389278798e-05
13,Unseen,9.961541142411131e-11,4.947314371254894e-05
13,Unseen,1.0669882800190033e-10,4.36606984246021e-05
13,Unseen,1.120116470611823e-10,4.660913809667304e-05
13,Unseen,1.8369508678590395e-10,5.7631433152345186e-05
13,Seen,1.1050068092707695e-10,4.621847746614662e-05
13,Unseen,1.5664878654701902e-10,5.020131923749295e-05
13,Unseen,7.18017737059647e-11,3.7842743259590405e-05
13,Unseen,1.0170629245879778e-10,4.308078657587146e-05
13,Unseen,1.2671389849676498e-10,5.256712520012471e-05
13,Unseen,5.0744327600597684e-11,3.185796347478693e-05
13,Unseen,6.365783108232393e-11,3.9356081504735016e-05
13,Seen,1.967343253354939e-10,5.819304939492842e-05
13,Seen,8.60852516634257e-11,4.884464218689742e-05
13,Unseen,7.691482752784761e-11,4.196923861880844e-05
13,Unseen,1.061367223886482e-10,5.024901169997414e-05
13,Unseen,1.406284135885359e-10,5.15667335581253e-05
13,Seen,1.1967908523987189e-10,5.0402046679570355e-05
13,Seen,2.1525354559810318e-10,6.376566481710105e-05
13,Seen,9.376709889318853e-11,4.560602919100221e-05
13,Seen,2.0976093161544353e-10,5.5863030969614884e-05
13,Seen,1.4428851351135275e-10,5.143683528165529e-05
13,Seen,1.5310182554990575e-10,5.0568542265247e-05
13,Seen,4.823056576080817e-11,3.449438742939493e-05
13,Seen,1.0030436691070328e-10,4.450998250763908e-05
13,Unseen,8.629552677586771e-11,4.845331873710501e-05
13,Seen,8.642685443010504e-11,4.7894258779521946e-05
13,Unseen,1.5524068078569552e-10,4.906192384335913e-05
13,Seen,1.2769592137649162e-10,5.0900086600457474e-05
13,Unseen,1.1505605336136329e-10,4.6146522973352275e-05
13,Seen,1.5228669527854065e-10,4.288305267452692e-05
13,Seen,1.1813327543296597e-10,5.57323937405547e-05
13,Seen,1.4347779063968987e-10,5.235844018791275e-05
13,Seen,9.259622403559662e-11,4.385119632017015e-05
13,Seen,1.0079007503233384e-10,4.480186037458581e-05
13,Seen,3.0588651704287204e-10,5.7715786934444514e-05
13,Seen,1.3758641830532594e-10,5.1311622098005634e-05
13,Unseen,8.144960731635781e-11,4.420246775833633e-05
13,Seen,5.590491284490935e-10,0.00010530001813699276
13,Seen,3.414804533368531e-10,9.72391262118949e-05
13,Seen,1.3907377267365178e-10,5.9265835278083295e-05
13,Seen,1.3069063419866165e-10,5.394654674592614e-05
13,Unseen,1.098448983229024e-10,5.4140178935510655e-05
13,Seen,1.0636405992722718e-10,5.201042394519516e-05
13,Seen,1.5006637571530535e-10,5.20871813948883e-05
13,Seen,1.4164949527929926e-10,5.769352554644145e-05
13,Seen,1.7153866770707285e-10,5.696861450234507e-05
13,Seen,8.929540969468867e-11,4.5777962843124294e-05
13,Seen,1.3624842808152417e-10,5.346076028841829e-05
13,Seen,8.024686734809092e-11,4.5010835911594403e-05
13,Seen,9.142845097441709e-11,4.813560952109854e-05
13,Seen,1.2349579739784157e-10,5.474931421666853e-05
13,Seen,1.2407621779469832e-10,5.672884131091904e-05
13,Unseen,1.7301681627846393e-10,5.989771387689501e-05
13,Seen,8.613488585965075e-11,4.702647734214983e-05
13,Seen,2.513088780635585e-10,6.293643057187611e-05
13,Seen,2.0693162873317755e-10,5.6492917918201925e-05
13,Seen,1.1869666389386464e-10,5.4143681720231217e-05
13,Seen,1.232665502075775e-10,5.4172239867266114e-05
13,Seen,1.7211578276880165e-10,6.015028481287539e-05
13,Seen,1.2491835830101554e-10,5.378623082591212e-05
13,Seen,1.3562384602260843e-10,5.998715620378128e-05
13,Seen,1.4173359762409558e-10,5.428075547171819e-05
13,Seen,2.8245782441031706e-10,6.05944850971735e-05
13,Unseen,1.3336442742959645e-10,4.970078085252711e-05
13,Unseen,2.8613296155947345e-10,6.267812731538073e-05
13,Unseen,1.684387271333178e-10,5.36938243125741e-05
13,Unseen,1.7805736116711716e-10,6.55959729854325e-05
13,Unseen,1.5064193730709833e-10,6.164794874075428e-05
13,Unseen,9.742961398981109e-11,4.748996398363304e-05
13,Seen,1.92475112678312e-10,6.587193682949525e-05
13,Seen,2.552302898381469e-10,6.176270330820721e-05
13,Seen,8.792209322324341e-11,4.259094438843534e-05
13,Unseen,2.2645381341817744e-10,6.418841617417162e-05
13,Unseen,1.3348996856161343e-10,5.5379633647748075e-05
13,Seen,3.057426457971651e-10,6.0585983409173955e-05
13,Unseen,1.235740213320503e-10,5.0553349906999244e-05
13,Unseen,1.9024121251020612e-10,5.336087569640476e-05
13,Seen,1.7947575753938505e-10,6.553514363767635e-05
13,Seen,1.2424359058246483e-10,5.5056143814402e-05
13,Unseen,8.677397293270216e-11,4.393398477889113e-05
13,Unseen,1.3877578794495202e-10,5.764801466674091e-05
13,Unseen,4.852223332137864e-10,7.433961208899315e-05
13,Seen,9.64617439045215e-11,4.710909446274987e-05
13,Unseen,9.988901663254267e-11,4.615949868369734e-05
13,Unseen,9.366878457487228e-11,4.900730829308449e-05
13,Unseen,2.035485074693277e-10,6.134222747449301e-05
13,Unseen,1.1642381145911836e-10,5.083008938253623e-05
13,Seen,9.447214046020247e-11,4.8051859112658575e-05
13,Seen,1.0708944099241086e-10,4.973537688140388e-05
13,Seen,2.3919965903558014e-10,6.227358505592568e-05
13,Unseen,1.3887213372561983e-10,5.468077297452766e-05
13,Seen,9.805445394509193e-11,5.2082349120238314e-05
13,Unseen,1.1880616041530643e-10,5.391358432788162e-05
13,Unseen,2.1157075100166674e-10,5.382029630223045e-05
13,Seen,9.597665867658553e-11,4.8685161396252176e-05
13,Unseen,1.8309460537099231e-10,5.913934891426967e-05
13,Unseen,8.565076213273776e-11,4.227076877103676e-05
13,Seen,1.2609290726582414e-10,5.1943554735282606e-05
13,Seen,9.830566516026427e-11,4.5186200740164594e-05
13,Seen,2.0398375185071504e-10,6.313728399196722e-05
13,Unseen,1.25556406993946e-10,5.530754791090429e-05
13,Seen,1.5486594649088682e-10,5.825723340224456e-05
13,Unseen,1.7684478104364874e-10,6.118577121626074e-05
13,Unseen,1.3969124029274245e-10,5.758939277925962e-05
13,Unseen,2.3811795036455134e-10,7.711692241495472e-05
13,Unseen,9.647698154387045e-11,5.015000078425219e-05
13,Unseen,9.194583299840284e-11,4.616002066515956e-05
13,Unseen,2.491734832411636e-10,5.7879460270235234e-05
13,Unseen,1.690648860645577e-10,5.746736632077612e-05
13,Unseen,1.9201080059618364e-10,5.65126944235489e-05
13,Seen,1.5876444299525078e-10,6.153176481993863e-05
13,Unseen,1.4890706012966608e-10,4.7564312843723035e-05
13,Seen,8.912579919403124e-11,4.989171516095414e-05
13,Unseen,1.0706222683939078e-10,4.617385616255544e-05
13,Unseen,5.622164275615967e-11,3.32729307271077e-05
13,Seen,8.454504476965835e-11,4.554778619629291e-05
13,Unseen,1.7593642776346935e-10,6.378020957902304e-05
13,Unseen,3.117523501686343e-10,8.634476420791078e-05
13,Unseen,1.1140951646182004e-10,4.7902676907167366e-05
13,Unseen,2.787825897833472e-10,7.386546261914796e-05
13,Unseen,9.099308432132189e-11,4.26972477822931e-05
13,Unseen,1.3310678735434658e-10,5.0165896546484146e-05
13,Unseen,1.0366040491124092e-10,4.5600685699033704e-05
13,Unseen,1.8261809317926978e-10,5.977965083513524e-05
13,Unseen,3.858549075735927e-10,7.055325196598304e-05
13,Unseen,2.4990267758546205e-10,7.619580736963389e-05
13,Seen,1.0341135254297971e-10,5.381724090133624e-05
13,Unseen,9.256855251862318e-11,4.888610186351214e-05
13,Unseen,8.829229157691376e-11,4.925063980613846e-05
13,Unseen,7.05558545043482e-11,4.433581674185771e-05
13,Unseen,7.737064051166753e-11,4.1369414195869595e-05
13,Seen,8.039216044780296e-11,4.2728299881426936e-05
13,Unseen,9.546027127411192e-11,4.578808887894057e-05
13,Unseen,1.905703749906813e-10,6.57725876626632e-05
13,Unseen,1.0680413687728756e-10,5.122204593702846e-05
13,Unseen,8.365508415077392e-11,4.625225825994528e-05
13,Unseen,1.0584631642613223e-10,4.6421689514398914e-05
13,Seen,7.17372930641681e-11,4.1933758880989726e-05
13,Seen,1.3476304888918223e-10,5.414257539432213e-05
13,Unseen,1.222700519860408e-10,5.0896555381149756e-05
13,Unseen,1.2378611370404978e-10,5.237104046472404e-05
13,Unseen,9.015683229683075e-11,4.976901255838663e-05
13,Seen,1.4356243927748793e-10,5.6712802077149207e-05
13,Unseen,1.303297357779722e-10,5.05151016608649e-05
13,Unseen,1.4557909200859652e-10,6.06279465308339e-05
13,Seen,1.366994107673924e-10,4.8912508789126636e-05
13,Seen,1.403777937949282e-10,5.8502989363175644e-05
13,Seen,1.589324849755136e-10,5.846318212730283e-05
13,Unseen,1.4582449653672855e-10,5.973366549650649e-05
13,Unseen,2.383836921927899e-10,5.749000781026108e-05
13,Unseen,1.35713735886509e-10,5.423024889477456e-05
13,Unseen,1.781415614956229e-10,5.809398893750022e-05
13,Unseen,2.0931471755640868e-10,5.3050119879412903e-05
13,Unseen,1.4823986031596068e-10,5.2342186734934036e-05
13,Unseen,1.30428664268291e-10,4.784657562285356e-05
13,Seen,1.4518305858960693e-10,5.0457399928958224e-05
13,Seen,1.6730456316816105e-10,5.9949028936436483e-05
13,Seen,1.0194533382130901e-10,5.16192865518499e-05
13,Seen,1.2223860012189734e-10,5.082644686163905e-05
13,Unseen,8.066196254705124e-11,4.7935124700584915e-05
13,Unseen,5.8036593146739926e-11,3.683387866286426e-05
13,Unseen,9.32089867928562e-11,4.384007546130681e-05
13,Unseen,8.456879450439746e-11,4.027653526547094e-05
13,Unseen,6.662389455802788e-11,3.7428693032309534e-05
13,Unseen,4.2701936689672587e-10,6.358403103484077e-05
13,Unseen,1.647893027981832e-10,5.1498624311411596e-05
13,Unseen,1.3380822999690653e-10,5.897097079819167e-05
13,Unseen,1.0514302487939454e-10,5.1732287761132555e-05
13,Seen,2.025795114558071e-10,5.939061778997742e-05
13,Seen,1.0158624394733073e-10,4.871562727502136e-05
13,Seen,2.499506102511194e-10,6.173675089762843e-05
13,Seen,2.2893996735163388e-10,6.474866918394251e-05
13,Unseen,9.220902367263422e-11,4.170599552000236e-05
13,Unseen,1.6293996860994098e-10,5.4106140358091184e-05
13,Seen,2.1544839393547103e-10,5.598981230878452e-05
13,Seen,2.279532417235239e-10,5.473461775968366e-05
13,Seen,2.0259506262554723e-10,5.7602812500503654e-05
13,Unseen,6.717737180359222e-11,4.0250862434260985e-05
13,Unseen,8.036204458534333e-11,4.147316493193131e-05
13,Unseen,6.549959077177044e-11,3.682353495361481e-05
13,Seen,8.427336960573874e-11,4.227018046488646e-05
13,Seen,5.083131095522234e-10,9.441402541659723e-05
13,Seen,1.1378845589326806e-10,5.462501661268639e-05
13,Unseen,1.8473907235899849e-10,7.165556705204362e-05
13,Seen,2.426224998094655e-10,5.751861083033784e-05
13,Seen,1.5683088027688303e-10,5.400248117312e-05
13,Unseen,1.290857299398621e-10,4.816406352210661e-05
13,Seen,6.49664694756274e-11,3.6418037003588334e-05
13,Unseen,1.568492435815545e-10,5.4025124438960864e-05
13,Unseen,8.595014374806555e-11,4.819590227471646e-05
13,Unseen,8.985741461812611e-11,4.3432255131881564e-05
13,Unseen,7.003463908998864e-11,3.8905524789277275e-05
13,Seen,8.912480981953126e-11,4.4395762394102044e-05
13,Unseen,7.866899648189853e-11,4.32510858781471e-05
13,Seen,1.1010330724279774e-10,4.833685718332399e-05
13,Seen,1.5250189220623693e-10,4.992669224449247e-05
13,Seen,1.3332664708890788e-10,4.7846888714174574e-05
13,Unseen,1.8712766069032895e-10,5.008848383921419e-05
13,Unseen,1.2752709855222933e-10,4.833477649182774e-05
13,Unseen,8.184528116809887e-11,4.2343195983649615e-05
13,Seen,1.1473419435247734e-10,5.9316929464960306e-05
13,Unseen,1.0540768708547258e-10,4.942081803256961e-05
13,Seen,1.0945742190496715e-10,5.3521258199681225e-05
13,Unseen,9.23086651676341e-11,4.531632699185753e-05
13,Seen,8.609243124236702e-11,4.2520896186234936e-05
13,Unseen,7.834254714584055e-11,4.047709524403654e-05
13,Unseen,1.1185012726090689e-10,4.7931204540992195e-05
13,Unseen,1.5496262784929942e-10,5.576694848688478e-05
13,Unseen,1.2982599259240185e-10,5.1434405685211216e-05
13,Seen,1.261657105612313e-10,4.725305940569794e-05
13,Seen,1.3895730095282125e-10,4.6788608263849255e-05
13,Seen,1.6367339487021447e-10,5.580941735139224e-05
13,Unseen,1.4001387436853948e-10,5.180099302968431e-05
13,Seen,1.7255461931912196e-10,5.353433551686697e-05
13,Unseen,1.4657271462190718e-10,5.749718905556961e-05
13,Unseen,1.3093735274960897e-10,4.754976772939497e-05
13,Unseen,1.687445942020677e-10,6.500865146921633e-05
13,Unseen,1.2880125212049344e-10,5.324325788678864e-05
13,Seen,1.4771984554579307e-10,5.554093352567104e-05
13,Seen,2.850521970769902e-10,7.800873843674246e-05
13,Unseen,1.2921106917083694e-10,5.288468691556027e-05
13,Unseen,1.7983168696200487e-10,5.894755081643997e-05
13,Unseen,8.018511352164183e-11,4.4911251470364095e-05
14,Unseen,2.8004340138590782e-11,2.442562873150737e-05
14,Unseen,2.725084044801548e-11,2.381467988499584e-05
14,Unseen,3.637659554795702e-11,2.6362962255944057e-05
14,Unseen,3.442309668335717e-11,2.692333550638567e-05
14,Unseen,3.9532094330437735e-11,2.7968976790598612e-05
14,Unseen,4.1951301106146e-11,2.7905713806621265e-05
14,Unseen,3.164798785303575e-11,2.6687669064264417e-05
14,Unseen,4.1886487219858136e-11,2.8564989079303624e-05
14,Unseen,2.935503078058397e-11,2.431260538935854e-05
14,Unseen,3.0114648951938126e-11,2.5265955668536287e-05
14,Unseen,3.452085872413492e-11,2.643923964545773e-05
14,Unseen,4.116942435203818e-11,2.8824223206452623e-05
14,Unseen,3.799598208929782e-11,2.797324972301086e-05
14,Unseen,3.394131056305618e-11,2.6044951464130146e-05
14,Unseen,3.5278011617413873e-11,2.77354878617556e-05
14,Unseen,4.758892725137336e-11,3.026240742453496e-05
14,Unseen,3.088883401361623e-11,2.6692055959218597e-05
14,Unseen,3.229488643723675e-11,2.5609894475402663e-05
14,Seen,4.2322391885621536e-11,3.018424393400134e-05
14,Unseen,4.010899792569841e-11,2.8267095597458398e-05
14,Seen,4.9274872388852155e-11,3.0489652169824752e-05
14,Unseen,3.8077970836718144e-11,2.73091400977719e-05
14,Unseen,3.1723687865202736e-11,2.5537700206079055e-05
14,Unseen,4.080207245375768e-11,2.828654702681228e-05
14,Unseen,3.824867612332371e-11,2.6928371198854674e-05
14,Unseen,4.265023868404653e-11,2.9153045539848863e-05
14,Unseen,4.1085033072671196e-11,2.9736881570758784e-05
14,Unseen,2.7995432275365414e-11,2.355667078748486e-05
14,Unseen,4.608079507840835e-11,3.0653918623684675e-05
14,Unseen,4.6570510189054214e-11,3.126503883070064e-05
14,Unseen,3.3766163228562894e-11,2.531844332638705e-05
14,Unseen,4.9368589552873465e-11,3.114061538909418e-05
14,Unseen,4.243073070937744e-11,2.8884301059596957e-05
14,Unseen,4.0970167375209935e-11,2.8728708653351678e-05
14,Unseen,4.0292042738405554e-11,2.728291452663348e-05
14,Unseen,4.39160290968501e-11,2.959787270157335e-05
14,Unseen,3.745519062133105e-11,2.6429034265983758e-05
14,Seen,3.6818854553584976e-11,2.6759793969039304e-05
14,Unseen,3.916858752223896e-11,2.738900266626855e-05
14,Unseen,3.838048484730209e-11,2.6559958862869345e-05
14,Unseen,3.453834593718615e-11,2.6551061044999226e-05
14,Seen,5.370744111018887e-11,3.051827350678095e-05
14,Unseen,3.716662326965487e-11,2.60243426178634e-05
14,Unseen,4.4672746902093147e-11,3.112668616600433e-05
14,Unseen,3.85291286219927e-11,2.728638083051934e-05
14,Unseen,3.5960090342734084e-11,2.5492234858391137e-05
14,Unseen,3.751656022822896e-11,2.7461839646939234e-05
14,Unseen,4.025789396046535e-11,2.8039203798777418e-05
14,Unseen,3.416956019100182e-11,2.680834044541468e-05
14,Unseen,4.468792933221456e-11,2.854369228657217e-05
14,Unseen,3.847301816316295e-11,2.7338644803530114e-05
14,Unseen,3.48022115754294e-11,2.56818319065852e-05
14,Unseen,3.862494468523459e-11,2.5439639744618173e-05
14,Unseen,4.698203999799296e-11,2.9413427375194636e-05
14,Unseen,4.3192964464093786e-11,2.7906558367419108e-05
14,Unseen,4.107957476794474e-11,2.8215846028147482e-05
14,Unseen,4.2759959550289236e-11,2.780437833582272e-05
14,Unseen,3.930010769081603e-11,2.795400264334658e-05
14,Unseen,4.2141800501516744e-11,2.824501693201196e-05
14,Unseen,4.300050688726565e-11,2.8259088091846733e-05
14,Unseen,5.1666091158276364e-11,3.385910159590274e-05
14,Unseen,4.512866017203091e-11,2.900714875471663e-05
14,Seen,5.3406810383794433e-11,3.132362549189859e-05
14,Unseen,5.609796063863938e-11,3.260769357715763e-05
14,Unseen,5.290930893162074e-11,3.1701610268117026e-05
14,Unseen,6.577848300813523e-11,3.560145714526716e-05
14,Unseen,4.2093063759425904e-11,2.8939334769867967e-05
14,Unseen,4.888860488130186e-11,3.306966296431241e-05
14,Unseen,4.7145778316757615e-11,3.096056552751241e-05
14,Unseen,4.780717928170278e-11,2.8812047991550354e-05
14,Unseen,4.514490134396406e-11,3.0561135124045926e-05
14,Unseen,3.910310099621204e-11,2.7641876841957476e-05
14,Unseen,5.645410617811417e-11,3.3514868227685884e-05
14,Seen,4.295519685058716e-11,2.9325318978053102e-05
14,Unseen,3.8234259843162844e-11,2.7930642102187594e-05
14,Unseen,4.8860319508013765e-11,3.0341170698053728e-05
14,Unseen,5.98325528709145e-11,3.551384379451725e-05
14,Unseen,5.578816479802349e-11,3.319953459830915e-05
14,Unseen,5.030370360074752e-11,3.049940853523608e-05
14,Unseen,3.9173299210655285e-11,2.877213131782923e-05
14,Seen,4.2741358646194304e-11,2.744134216601021e-05
14,Unseen,3.485611733635256e-11,2.7969860011938023e-05
14,Unseen,4.1828698161934755e-11,2.8110067707542332e-05
14,Seen,3.63411915418046e-11,2.6011614162649142e-05
14,Seen,3.711333366319231e-11,2.6518072426063447e-05
14,Seen,4.098427675708671e-11,2.7554575823995952e-05
14,Seen,3.0526616956463076e-11,2.4703110174067495e-05
14,Unseen,4.7615281332269814e-11,3.0611665036320605e-05
14,Seen,4.657825504603993e-11,2.7475912262060734e-05
14,Seen,5.271116086026264e-11,3.216629980337272e-05
14,Seen,4.872103424986041e-11,2.8804944119433776e-05
14,Seen,4.1955098655897096e-11,2.968316911838646e-05
14,Seen,4.704718049060622e-11,3.115762787178229e-05
14,Seen,4.2321583232378536e-11,2.630631630581681e-05
14,Unseen,5.1418927974957466e-11,3.076572787273699e-05
14,Seen,5.4067303453589705e-11,3.0085786733480077e-05
14,Seen,5.240458270281284e-11,3.168456684961808e-05
14,Seen,4.7486554788736266e-11,3.023113166482488e-05
14,Seen,4.6854719095150116e-11,2.8397369811001767e-05
14,Seen,4.066329817801217e-11,2.7940171937730018e-05
14,Unseen,3.863149255862964e-11,2.8171205779863986e-05
14,Unseen,4.7152711166479185e-11,3.0220613128311897e-05
14,Unseen,3.856631352480156e-11,2.874812214031674e-05
14,Seen,4.5707914560391226e-11,2.758491411457073e-05
14,Seen,4.64900117736009e-11,3.1152340355079965e-05
14,Seen,4.382482029147362e-11,2.960801931661587e-05
14,Seen,3.464776495687327e-11,2.5684434937321795e-05
14,Seen,4.459528059701265e-11,2.9048775680968625e-05
14,Seen,4.60198467177873e-11,2.8334915411332965e-05
14,Unseen,1.5316102968369348e-10,3.8539303883566495e-05
14,Seen,4.399141998003277e-11,2.971148282022769e-05
14,Unseen,4.934584131945887e-11,3.110326214017788e-05
14,Unseen,5.540570021883503e-11,3.186120763247575e-05
14,Seen,5.152131223108556e-11,3.116954631372428e-05
14,Unseen,4.1922623600266596e-11,2.9525517906262756e-05
14,Unseen,5.0225549081160564e-11,3.123275631573837e-05
14,Unseen,4.0826971413639064e-11,2.8518222439903503e-05
14,Unseen,3.513571035466521e-11,2.7739506066523803e-05
14,Unseen,7.545481003318398e-11,3.800091108757875e-05
14,Unseen,4.0459647268621164e-11,2.885780901009492e-05
14,Unseen,2.4752436789817888e-11,2.2590598144766945e-05
14,Seen,3.051633252844963e-11,2.483058969774334e-05
14,Seen,2.989312568772087e-11,2.472949407545945e-05
14,Seen,4.754215880485261e-11,2.9349218101722893e-05
14,Seen,5.391843897367468e-11,2.986171767344783e-05
14,Seen,4.145454794343835e-11,2.7178645309533436e-05
14,Seen,2.742712682846573e-11,2.5632699054414027e-05
14,Seen,4.7779887610799284e-11,2.9770252897334088e-05
14,Seen,3.9433787655460614e-11,2.7128109139073692e-05
14,Seen,3.3307957991710884e-11,2.5917793712998456e-05
14,Seen,4.965705961783563e-11,2.942151714452806e-05
14,Seen,3.884300561787166e-11,2.870983091818834e-05
14,Seen,3.533879170144853e-11,2.57519619586809e-05
14,Unseen,2.7621191066067688e-11,2.3556738901421727e-05
14,Seen,4.061807013788627e-11,2.7716599514656496e-05
14,Unseen,4.4990054924605315e-11,2.943961971665941e-05
14,Unseen,3.9279146577792925e-11,2.7524143885800924e-05
14,Seen,2.2238876228227557e-11,2.113024451407402e-05
14,Unseen,3.256781569091536e-11,2.540868082466234e-05
14,Unseen,4.756502017064856e-11,3.139841371929271e-05
14,Seen,2.5584802691220622e-11,2.265471240826807e-05
14,Seen,4.01026593967597e-11,2.689044498849464e-05
14,Seen,3.3125681598115774e-11,2.5045715853772508e-05
14,Seen,4.747101447495655e-11,3.009874716071803e-05
14,Unseen,3.467268968155909e-11,2.8323368437639985e-05
14,Seen,4.268986097484059e-11,2.7737159920127863e-05
14,Unseen,5.211542625080178e-11,3.2304037962818166e-05
14,Unseen,3.39084639500322e-11,2.541253385519293e-05
14,Seen,3.04001060154926e-11,2.3932686785493253e-05
14,Seen,1.179123133757224e-10,3.704421503854423e-05
14,Seen,5.592660297085415e-11,3.209420357743391e-05
14,Seen,5.686044709834205e-11,3.1832988060507635e-05
14,Seen,3.8845091597589005e-11,2.915885139272339e-05
14,Seen,3.4595908245211235e-11,2.6476057602419266e-05
14,Seen,2.1065235446606118e-10,3.6239054885179195e-05
14,Unseen,4.984334827133468e-11,2.6724013623097344e-05
14,Seen,3.676155351374365e-11,2.6528277854243944e-05
14,Seen,1.728196237479688e-10,3.910221464264002e-05
14,Seen,3.147165151766585e-11,2.487656388660519e-05
14,Unseen,4.7010274921265594e-11,3.084843055065899e-05
14,Unseen,3.029848543065866e-11,2.5008752987714097e-05
14,Unseen,3.5713358554913944e-11,3.0048246775234203e-05
14,Seen,4.451725831977237e-11,2.9152702777654293e-05
14,Seen,3.3063888803746833e-11,2.6163021922892026e-05
14,Seen,4.5763679837617024e-11,3.170817236457984e-05
14,Seen,4.117323857884421e-11,2.80469570818067e-05
14,Unseen,3.8130006845375935e-11,2.7355883014941878e-05
14,Unseen,4.261848008077828e-11,2.9337206595206492e-05
14,Seen,4.4945950898129676e-11,2.96886988225914e-05
14,Seen,4.891910158462269e-11,3.2305419656077836e-05
14,Unseen,4.719393066809191e-11,3.159725472298578e-05
14,Seen,4.5009930220350834e-11,3.000128381542533e-05
14,Seen,3.798261987567498e-11,2.8591193122154686e-05
14,Unseen,4.056371348668413e-11,2.9535557422086792e-05
14,Unseen,5.556447032990427e-11,3.334494086568288e-05
14,Unseen,4.550444061338036e-11,2.8251716494783718e-05
14,Seen,4.2615049371132265e-11,2.9477381111634367e-05
14,Seen,5.5325605550313026e-11,3.232279337797162e-05
14,Seen,4.933354194861662e-11,3.4003767823384585e-05
14,Seen,4.040353755509071e-11,3.020376478448946e-05
14,Seen,5.195595215680464e-11,3.2685278129669486e-05
14,Unseen,4.4628334065709367e-11,3.080737440480086e-05
14,Unseen,3.4123531417520536e-11,2.6022813628125732e-05
14,Unseen,4.661912659762255e-11,3.0165053929797863e-05
14,Unseen,5.899748702166194e-11,3.117745130587331e-05
14,Unseen,4.008158250794401e-11,2.951771582958433e-05
14,Unseen,3.3174070348591757e-11,2.731414487520195e-05
14,Unseen,4.039423667400682e-11,2.7956367110561464e-05
14,Seen,4.155028569712591e-11,2.722529882729558e-05
14,Unseen,4.7129323340500905e-11,3.051942465666725e-05
14,Unseen,3.4903383361926445e-11,2.605969243530434e-05
14,Seen,4.146934051340783e-11,2.904799132815998e-05
14,Seen,6.937428347349056e-11,3.418183241959507e-05
14,Unseen,3.537774741586339e-11,2.8822634874967844e-05
14,Unseen,3.495716753522629e-11,2.679783625351272e-05
14,Unseen,5.169035323808108e-11,3.4671663262885824e-05
14,Unseen,3.1339732156128356e-11,2.49911136096928e-05
14,Unseen,4.869327506555221e-11,3.400817789620178e-05
14,Seen,3.497819675218234e-11,2.75174700823384e-05
14,Seen,3.69899797646594e-11,2.7437299261657988e-05
14,Unseen,5.209131187197411e-11,3.143966646477159e-05
14,Seen,2.6908344939326798e-11,2.2061866891435637e-05
14,Seen,2.2795067015459854e-11,2.085313404947435e-05
14,Seen,2.7834608968878193e-11,2.397391499434012e-05
14,Seen,3.271872611592244e-11,2.469707726190352e-05
14,Seen,3.9362894420271e-11,2.727940192969544e-05
14,Seen,4.335741721311328e-11,2.8459463554555492e-05
14,Seen,3.0025755944650274e-11,2.4593664083958258e-05
14,Unseen,1.777072844604783e-10,3.716641145417522e-05
14,Seen,3.422933727194735e-11,2.7098912707256006e-05
14,Unseen,3.31173123762514e-11,2.5771516138762695e-05
14,Seen,4.391100229280905e-11,2.8795644419308325e-05
14,Unseen,4.375564208121923e-11,2.9096664599816055e-05
14,Seen,3.7718544255583435e-11,2.7498079218125122e-05
14,Unseen,3.010821916846865e-11,2.41542040078615e-05
14,Seen,4.3982773923583367e-11,2.715433062960747e-05
14,Unseen,3.778730696003079e-11,2.699820890861221e-05
14,Seen,3.595701910024959e-11,2.6506199510045742e-05
14,Unseen,3.265655118704774e-11,2.5681251814648364e-05
14,Unseen,4.2195453374907715e-11,2.7534205108264175e-05
14,Seen,4.2515263970960744e-11,3.378823480736409e-05
14,Seen,5.440395871812073e-11,3.449133645864634e-05
14,Seen,4.671692660407268e-11,3.2982215009486476e-05
14,Seen,4.357762323474789e-11,3.115584462427535e-05
14,Unseen,4.9766125545130104e-11,3.327708037182587e-05
14,Seen,6.264905624412042e-11,3.6397733325414855e-05
14,Seen,4.3407945139670595e-11,3.152493025295324e-05
14,Unseen,4.27797051409123e-11,2.9563257041636095e-05
14,Seen,4.926014826775024e-11,3.221295132989722e-05
14,Seen,4.119461638711912e-11,2.9992807745405495e-05
14,Unseen,4.251377801228406e-11,3.1012187407408847e-05
14,Unseen,4.67023195620641e-11,3.445422998567453e-05
14,Unseen,8.158127077096489e-11,4.3280484029501605e-05
14,Unseen,4.235451287496625e-11,3.056106087440659e-05
14,Seen,5.079304823007501e-11,3.2226055870453256e-05
14,Unseen,5.680321345655081e-11,3.557479762471008e-05
14,Unseen,6.081095541831053e-11,3.540001561958205e-05
14,Unseen,3.368528920637288e-11,2.6471736219900098e-05
14,Unseen,3.701993664176993e-11,2.941341532005924e-05
14,Seen,2.693583149610886e-10,4.951263637584913e-05
14,Unseen,4.855678144563373e-11,3.294542572204948e-05
14,Seen,4.3222989940508053e-11,3.010009115731513e-05
14,Unseen,3.81782959970673e-11,2.8330303331037373e-05
14,Seen,4.0381576958096775e-11,2.9075915621990257e-05
14,Seen,5.849061734242012e-11,3.469666369981044e-05
14,Seen,3.519912465606641e-11,2.871633763389117e-05
14,Seen,5.0970120388339394e-11,3.434372193736778e-05
14,Unseen,3.856083533607727e-11,2.8620869428995382e-05
14,Seen,3.640002462360284e-11,2.8949800869680164e-05
14,Unseen,4.633709944084818e-11,3.307066007871532e-05
14,Seen,4.446443035001194e-11,2.962996291786285e-05
14,Seen,4.3506447670886876e-11,3.039445583655618e-05
14,Unseen,5.1361779150580046e-11,3.24596004253796e-05
14,Seen,4.3811172571194973e-11,3.029053649495326e-05
14,Unseen,4.746723213318288e-11,3.164032748546413e-05
14,Seen,5.328748306895116e-11,3.221336724214085e-05
14,Unseen,6.179495985622338e-11,3.5120153127023406e-05
14,Seen,4.925858793810088e-11,3.2289356373502345e-05
14,Seen,3.868180564630812e-10,4.33358270963591e-05
14,Unseen,4.690445582912028e-11,3.163617085762594e-05
14,Seen,3.090631123454164e-10,4.1541241305675075e-05
14,Seen,4.757165754587226e-11,3.225475502934614e-05
14,Unseen,5.90032825193956e-11,3.397334722020245e-05
14,Seen,2.647596989886058e-10,4.230153633806816e-05
14,Seen,5.808049192386018e-11,3.318593232569762e-05
14,Unseen,4.588266650447866e-11,2.8835431894654393e-05
14,Unseen,1.2472415042999652e-10,3.4022852539822816e-05
14,Unseen,5.492383890231651e-11,3.3822159488855e-05
14,Seen,7.499171506569991e-11,3.430526844512877e-05
14,Seen,6.078429895795607e-11,3.001280318518346e-05
14,Seen,4.897723576732206e-11,3.041441157048234e-05
14,Unseen,4.510456855301038e-11,2.9844208453606797e-05
14,Seen,3.372166055323315e-10,3.77837601885936e-05
14,Unseen,3.876345050873549e-11,2.683711012706897e-05
14,Seen,5.870887045916066e-11,3.4036131573680307e-05
14,Unseen,4.742393606644013e-10,3.605003935000669e-05
14,Unseen,4.009119600786574e-11,2.7954077820446932e-05
14,Seen,5.5544027385375455e-11,3.463610020663403e-05
14,Seen,4.3265652089973457e-11,2.8897090267704754e-05
14,Seen,5.3070918172140464e-11,3.177508752194307e-05
14,Unseen,5.122047531259547e-11,3.0269201657764158e-05
14,Unseen,4.8476922672736975e-11,3.2550526656944995e-05
14,Seen,3.952765876499569e-10,4.176148110790409e-05
14,Seen,5.2466837058281644e-11,3.4132692699802816e-05
14,Unseen,4.1142063566911284e-11,2.8754649540537892e-05
14,Unseen,4.096447121922773e-11,2.979638501729e-05
14,Unseen,4.149476484317175e-11,2.936412140389087e-05
14,Seen,4.868666844606904e-11,3.118016528063387e-05
14,Unseen,3.4994734332396596e-11,2.63595192541945e-05
14,Seen,5.1825909515199286e-11,3.0012989826825267e-05
14,Seen,6.118366770147703e-11,3.406595879950261e-05
14,Unseen,5.177258473695839e-11,3.308548753335185e-05
14,Unseen,4.769609832254618e-11,2.9050879052518468e-05
14,Unseen,3.680070482223394e-11,2.793024642034548e-05
14,Seen,3.940535510827107e-11,2.9233058142372382e-05
14,Seen,4.149893929693566e-11,2.776429778467541e-05
14,Seen,4.901615388599905e-11,3.121805491360791e-05
14,Seen,8.306072189616557e-11,3.554758684809503e-05
14,Seen,7.315652169543075e-11,3.587646947999941e-05
14,Seen,5.0325222924824874e-11,3.011087877181336e-05
14,Unseen,4.714804588383336e-11,3.0922482392583696e-05
14,Unseen,7.761669965885706e-11,3.8455849318963e-05
14,Unseen,4.415685433770968e-11,3.0390056341651802e-05
14,Unseen,4.847224344354457e-11,3.399632376407321e-05
14,Seen,4.682154924335339e-11,2.8920989520303594e-05
14,Unseen,9.027037089571834e-11,3.9914043964467996e-05
14,Unseen,4.716026446703375e-11,2.807285711647833e-05
14,Seen,3.1373814348451113e-10,3.891113746022547e-05
14,Unseen,6.369555300756782e-11,3.6283898473924286e-05
14,Seen,4.859563363468083e-11,3.1725462092013585e-05
14,Unseen,3.290921763699901e-11,2.6940448593849163e-05
14,Unseen,3.444812692491475e-11,2.6406938618073616e-05
14,Unseen,5.5048282117480614e-11,3.340243706224507e-05
14,Seen,6.76386102193932e-11,3.4776150276796995e-05
14,Seen,9.232619597318461e-11,3.687368019792394e-05
14,Unseen,3.267413889188245e-11,2.707509937584556e-05
14,Seen,7.37424963319071e-11,3.601533292437174e-05
14,Unseen,9.256044371587235e-11,4.333504523617888e-05
14,Unseen,5.126995476233534e-11,3.238274065472206e-05
14,Unseen,3.886109309728377e-11,2.8749205697354456e-05
14,Unseen,3.9701204043963635e-11,2.870780941802197e-05
14,Unseen,3.1980933092217124e-11,2.7630677862113657e-05
14,Unseen,3.741205729983813e-11,2.853270619187964e-05
14,Unseen,3.6154457220539464e-11,2.6402617027477278e-05
14,Seen,3.605954037677868e-11,2.9244579853849276e-05
14,Unseen,3.006783485198218e-11,2.631007047569562e-05
14,Unseen,2.7849125096667482e-11,2.4395767119947537e-05
14,Unseen,5.244649389278553e-11,3.056495456665467e-05
14,Seen,4.723448568083113e-11,3.075386250873878e-05
14,Seen,4.886059425006888e-11,3.146684616250036e-05
14,Unseen,5.431060934474757e-11,3.233014812024651e-05
14,Unseen,4.414626603014733e-11,2.8932084911380617e-05
14,Seen,4.679233332762792e-11,3.109871101109379e-05
14,Unseen,4.876888921992586e-11,3.1206575937099375e-05
14,Seen,5.172151654103309e-11,3.1959687572143105e-05
14,Unseen,4.566183503960236e-11,2.9494874584313217e-05
14,Unseen,5.481999150396435e-11,3.473964059923756e-05
14,Unseen,6.550707139774189e-11,3.585756996585333e-05
14,Unseen,4.8724091527878695e-11,2.9266421811278005e-05
14,Seen,5.406970504572154e-11,3.1838496396310676e-05
14,Seen,4.824866003316264e-11,3.0272231365962485e-05
14,Seen,5.552278436881417e-11,3.141933358183892e-05
14,Unseen,3.759489689282636e-11,2.8011986486712664e-05
14,Unseen,3.698656625874949e-11,2.8045676630491633e-05
14,Seen,4.1117416043405667e-11,2.8645382090589966e-05
14,Unseen,4.5114307214978585e-11,2.984503294776093e-05
14,Seen,5.2887233512413597e-11,2.905941723460374e-05
14,Seen,4.4012000200313427e-11,2.7804446469815213e-05
14,Unseen,4.426265753907804e-11,2.9359813393642755e-05
14,Unseen,4.314932359083325e-11,2.931474633126855e-05
14,Seen,3.467991323002484e-11,2.642635947512495e-05
14,Seen,4.851975992555519e-11,3.108970409811176e-05
14,Seen,4.3188121133423195e-11,3.093486442974836e-05
14,Unseen,3.498444765390142e-11,2.6317609729775928e-05
14,Seen,4.454218348724616e-11,2.7182730693144708e-05
14,Seen,4.720652728246588e-11,3.05487868912517e-05
14,Seen,4.137775775490095e-11,2.7392419950252688e-05
14,Seen,3.694184799652976e-11,2.7213917643476463e-05
14,Unseen,2.8398212330397048e-11,2.3691189969444385e-05
14,Seen,3.106422811425994e-11,2.5698659446271807e-05
14,Unseen,1.340471560952384e-10,4.4495423425638403e-05
14,Seen,5.228201478494938e-11,3.3323119421404256e-05
14,Seen,3.312516186614134e-11,2.5853902683980957e-05
14,Unseen,5.957614660014787e-11,3.288955475660236e-05
14,Unseen,3.607352441218904e-11,2.787099818547948e-05
14,Unseen,4.0639438101750356e-11,2.810734238258166e-05
14,Seen,4.419238165899893e-11,3.061227541799047e-05
14,Seen,4.204339580044554e-11,2.7036593466782306e-05
14,Seen,5.133337439995712e-11,3.020169434213694e-05
14,Seen,4.4164041636077546e-11,2.6914232113641784e-05
14,Seen,3.7891593422373756e-11,2.6546682303733467e-05
14,Unseen,4.532251411505073e-11,2.9581420570350983e-05
14,Seen,5.496009756564592e-11,3.572412835790702e-05
14,Seen,5.344445160738994e-11,3.2810139743837466e-05
14,Unseen,5.751172493365945e-11,3.353887241707642e-05
14,Unseen,4.274182860373421e-11,3.035454977799405e-05
14,Unseen,2.2919786879304068e-10,3.7815628216560284e-05
14,Seen,5.1822796456104146e-11,3.290082336816453e-05
14,Unseen,4.123521311875988e-11,2.9894376587479254e-05
14,Seen,4.771832238900952e-11,3.206787817795953e-05
14,Unseen,5.3486940969741325e-11,3.320260445931333e-05
14,Unseen,5.113235916844361e-11,3.349427963259257e-05
14,Seen,4.572822014669408e-11,3.240674907012057e-05
14,Unseen,5.4205647648340727e-11,3.448095762088474e-05
14,Unseen,5.763831923849901e-11,3.2419791648088286e-05
14,Seen,4.536048996420997e-11,3.1044913910349365e-05
14,Unseen,7.420339155902493e-11,3.630705621540745e-05
14,Unseen,5.261801561389176e-11,3.42881533119909e-05
14,Seen,4.607115806907316e-11,3.0587279858702764e-05
14,Unseen,4.492542294894684e-11,2.952406415594115e-05
14,Unseen,3.6463165809053125e-11,2.551509460041563e-05
14,Seen,3.900283842485104e-11,2.944728765053345e-05
14,Seen,4.975634953678212e-11,3.2169345888426316e-05
14,Unseen,3.551103997427523e-11,2.8873816739333513e-05
14,Unseen,3.6370088002074354e-11,2.8785047974726886e-05
14,Unseen,3.989814327691157e-11,2.97217886053533e-05
14,Unseen,3.253205702655245e-11,2.6469143235960233e-05
14,Unseen,4.2131890588187577e-11,2.942424581054198e-05
14,Seen,3.6749136193706546e-11,2.9972900774955487e-05
14,Seen,3.9829971111260435e-11,3.0109581086533386e-05
15,Unseen,1.8075725715483352e-10,3.9837160230912744e-05
15,Seen,3.161105014472276e-11,2.308636681728079e-05
15,Seen,2.8945276354989046e-11,2.1983130476659678e-05
15,Seen,2.458131832241164e-11,2.104766506296295e-05
15,Seen,4.146095252386659e-11,2.6732510885965152e-05
15,Seen,2.060976013815456e-11,2.0614680974119063e-05
15,Seen,4.820495529987021e-11,2.827094118770801e-05
15,Seen,4.5346022421686176e-11,2.8904641629656022e-05
15,Seen,2.370311035610867e-11,2.1343416273213137e-05
15,Seen,3.405922262412545e-11,2.5563257426536826e-05
15,Seen,3.1764236648513973e-11,2.520736075014854e-05
15,Seen,5.920073081356143e-11,3.100502057422003e-05
15,Seen,3.044503196864344e-11,2.3953281954894046e-05
15,Seen,3.125821832332155e-11,2.349823099797053e-05
15,Seen,3.422114435361751e-11,2.4072601065201167e-05
15,Seen,3.967505889854479e-11,2.7326913612867392e-05
15,Seen,3.094196030764279e-11,2.4539066388119625e-05
15,Seen,3.5897846340728675e-11,2.5003832948906488e-05
15,Unseen,3.9371569293547817e-11,2.7129697762797663e-05
15,Seen,3.667821935319602e-11,2.6646040262810923e-05
15,Seen,3.3559739441913355e-11,2.4626543513771364e-05
15,Seen,3.781960095154675e-11,2.5252456376934295e-05
15,Seen,5.944121077378257e-11,3.0378189941207232e-05
15,Seen,5.0524288264403136e-11,2.8901234715507535e-05
15,Seen,5.3143515353248815e-11,3.020480227159389e-05
15,Unseen,2.5003182408709924e-11,2.2629887746504152e-05
15,Seen,3.8881061695687844e-11,2.7528484133506164e-05
15,Seen,2.659939387334291e-11,2.3134432182704875e-05
15,Seen,1.3511816545251387e-10,3.0303083521915368e-05
15,Seen,3.228685027264887e-11,2.540689247407172e-05
15,Seen,4.511106342918388e-11,2.8581869482768515e-05
15,Seen,4.7385988232571796e-11,2.812794835014908e-05
15,Seen,8.210773226819638e-11,3.669872112950859e-05
15,Seen,5.522429830801226e-11,3.04785840916521e-05
15,Seen,3.5783057836836097e-11,2.6085069401122502e-05
15,Seen,2.6666531615408195e-11,2.3013799611349466e-05
15,Unseen,3.908989296243801e-11,2.5884081932058704e-05
15,Seen,6.871650620157723e-11,3.1926775165679616e-05
15,Seen,3.0217430347567635e-11,2.3701000666276417e-05
15,Seen,2.939094372816932e-11,2.4611219120530238e-05
15,Seen,4.536405012926995e-11,3.141801394996843e-05
15,Seen,4.568524689119559e-11,2.8705351288861387e-05
15,Seen,4.161996021484685e-11,2.5778162592074684e-05
15,Seen,3.593982851344e-11,2.5923812827604556e-05
15,Seen,2.0599293369313022e-11,2.008817559902602e-05
15,Seen,5.415245514943059e-11,2.7910926358239905e-05
15,Seen,6.457821621228104e-11,3.291286040764805e-05
15,Unseen,2.873524161636774e-11,2.565578746644583e-05
15,Unseen,2.588867780254916e-11,2.384963924078892e-05
15,Unseen,3.9541247786833116e-11,2.729795709796838e-05
15,Seen,2.4513540089701016e-11,2.2338239805906752e-05
15,Seen,2.7993716075062658e-11,2.5086068405117955e-05
15,Seen,4.1189407723536803e-11,2.6993407356682004e-05
15,Unseen,2.957745745739593e-11,2.418354886263005e-05
15,Seen,3.280242199303342e-11,2.5513954906502742e-05
15,Seen,6.202389371969945e-11,3.123902128802756e-05
15,Seen,5.048765320449238e-11,2.9879496549843262e-05
15,Seen,3.7111977528236226e-11,2.5866867184034084e-05
15,Seen,3.7518868729088394e-11,2.6216375697494014e-05
15,Seen,3.873018429476304e-11,2.7926883385410727e-05
15,Unseen,2.8960963638371002e-11,2.2511923477294646e-05
15,Seen,2.35062663756761e-11,2.2437455617117963e-05
15,Seen,4.27011751785194e-11,2.64267129728123e-05
15,Seen,3.2618314956660456e-11,2.4460093803739075e-05
15,Unseen,5.548149597710423e-11,2.6890664821847657e-05
15,Seen,2.989187451007569e-11,2.320965043434415e-05
15,Unseen,2.0514005689698022e-11,2.096328364926274e-05
15,Seen,2.23853223511152e-11,2.0706354346344128e-05
15,Unseen,2.6939757156966247e-11,2.3425536358022483e-05
15,Seen,3.1836986708795546e-11,2.3835885548968954e-05
15,Seen,2.2863411928299843e-11,2.2290085961664102e-05
15,Unseen,2.527743860679311e-11,2.2400176767430038e-05
15,Seen,4.2721853107830036e-11,2.787856677163643e-05
15,Unseen,3.8917991179883294e-11,2.7430564618185275e-05
15,Seen,4.099690847617246e-11,2.7478832071310294e-05
15,Unseen,3.2847706656739416e-11,2.6125475065150946e-05
15,Seen,3.449471206446761e-11,2.486927738925552e-05
15,Seen,3.2922186250282703e-11,2.518507466077077e-05
15,Unseen,2.1681545125503784e-11,2.1520137467153665e-05
15,Unseen,4.7665161833896356e-11,2.8943135300486717e-05
15,Unseen,3.368158085152624e-11,2.330124198138532e-05
15,Seen,2.2044531777708278e-11,2.0309683957655924e-05
15,Seen,3.428454145614211e-11,2.2985347934645783e-05
15,Seen,6.296484417302018e-11,2.9704804393942208e-05
15,Seen,2.896621669259434e-11,2.4567850033327954e-05
15,Seen,2.9501295593350624e-11,2.376060731675701e-05
15,Seen,3.1869826441718336e-11,2.1820027114784706e-05
15,Seen,2.6957928322075757e-11,2.122809494938546e-05
15,Seen,4.2325347904187554e-11,2.72555755814642e-05
15,Seen,2.3007818107188252e-11,2.1562182215769076e-05
15,Seen,4.367433351392524e-11,2.7631732387192922e-05
15,Unseen,2.3196553819374198e-11,2.1656174034698545e-05
15,Seen,3.492806780840096e-11,2.544789550832127e-05
15,Seen,3.650652701041926e-11,2.7434130514932505e-05
15,Seen,3.9276880696477294e-11,2.5823072461815218e-05
15,Seen,3.1473458746070676e-11,2.3477258221372652e-05
15,Unseen,2.173687418389998e-11,2.1568206832422663e-05
15,Seen,4.1705327127048823e-11,2.8613563806363167e-05
15,Seen,4.241437283511305e-11,2.8622282708127997e-05
15,Seen,4.8212426086621325e-11,3.0290473380598697e-05
15,Unseen,3.295921745274304e-11,2.603555320741062e-05
15,Seen,2.190706093075151e-11,2.1379657982651613e-05
15,Seen,3.5279047281230673e-11,2.519390111318485e-05
15,Unseen,3.3949483596632815e-11,2.547143448729457e-05
15,Seen,1.3363116434590505e-10,4.7238682499379824e-05
15,Seen,4.0333262027619975e-11,2.9351634166346214e-05
15,Unseen,3.052524422597761e-11,2.3900477098257414e-05
15,Seen,5.415402907969933e-11,2.876349684427224e-05
15,Seen,3.063733522077766e-11,2.4256443152445454e-05
15,Seen,3.966833893853844e-11,2.575831928715095e-05
15,Unseen,2.6041163165957958e-11,2.343759660178155e-05
15,Unseen,4.0911145207474824e-11,2.8241969116667747e-05
15,Seen,5.2695566462636917e-11,3.104409210364979e-05
15,Seen,5.1172914325774426e-11,3.034744797017492e-05
15,Seen,2.8353849518077092e-11,2.340220035430132e-05
15,Seen,4.847730361291612e-11,3.041890951847942e-05
15,Seen,3.1067872683625564e-11,2.5485032773849434e-05
15,Unseen,3.7839739299487714e-11,2.7847618481254583e-05
15,Seen,4.152018043766649e-11,2.9334965982973547e-05
15,Seen,3.31804046578736e-11,2.558080265697963e-05
15,Seen,2.0904076173711064e-11,1.9060058652839466e-05
15,Seen,2.6922906505085206e-11,2.1904932908878152e-05
15,Seen,1.7805166311158504e-11,1.9371917607074144e-05
15,Seen,4.381556190904032e-11,2.7064999021981094e-05
15,Seen,3.5130147593447166e-11,2.4864653903394185e-05
15,Unseen,4.219919161550503e-11,2.9461223742318792e-05
15,Unseen,3.082479643171527e-10,4.2420329024456474e-05
15,Seen,2.2180824043750874e-11,2.13350239349604e-05
15,Unseen,2.9381865712103236e-11,2.1272484513741515e-05
15,Seen,3.594309594810179e-11,2.597591370401574e-05
15,Unseen,2.915263841661697e-11,2.442679030459162e-05
15,Seen,4.880573900075759e-11,2.8495779864315857e-05
15,Unseen,2.0509823934926574e-11,2.056259772338432e-05
15,Seen,2.574258180284273e-11,2.3877558659489233e-05
15,Unseen,3.648110921920734e-11,2.6024432332431157e-05
15,Seen,4.542287042557389e-11,2.89413535324407e-05
15,Seen,3.7246388566115764e-11,2.5923351375469308e-05
15,Seen,3.4581413969578036e-11,2.6608312336744647e-05
15,Seen,3.083852553552246e-11,2.3209998455411676e-05
15,Unseen,2.4835961050001203e-11,2.296877542880973e-05
15,Seen,3.034527181769931e-11,2.500895590199352e-05
15,Seen,2.7675469089338896e-11,2.5003104851426594e-05
15,Seen,3.887385996387337e-11,2.6357747124669882e-05
15,Seen,3.206781206501669e-11,2.535818576824619e-05
15,Seen,3.088793796656169e-11,2.426184842865043e-05
15,Seen,2.5988779111130056e-11,2.2077086439030743e-05
15,Seen,4.324236145132733e-11,2.9343886057222057e-05
15,Seen,2.9214205142158775e-11,2.3810518247189392e-05
15,Seen,2.6024238622801484e-11,2.4032751260759077e-05
15,Seen,5.3933486579968456e-11,3.182101838374779e-05
15,Seen,3.9243768484837236e-11,2.8338530952034365e-05
15,Unseen,2.386091375034867e-11,2.2392787975438986e-05
15,Unseen,2.2988646247894956e-11,2.192664746962586e-05
15,Unseen,4.773830743751202e-11,2.908562562200587e-05
15,Seen,3.069854778843894e-11,2.5645096741327808e-05
15,Unseen,3.804179814658684e-11,2.684395142799909e-05
15,Seen,7.683946909380295e-11,3.421917520806725e-05
15,Seen,3.423502006593922e-11,2.5989955896177515e-05
15,Seen,3.33732449415184e-11,2.6487613712884723e-05
15,Seen,3.2830894696227236e-11,2.6425926181811944e-05
15,Unseen,3.005648233533214e-11,2.639623055441491e-05
15,Unseen,2.2181273316232295e-11,2.1475970188846863e-05
15,Unseen,2.2247802317737462e-11,2.2171304427281027e-05
15,Seen,5.7691531709780175e-11,3.0717959880749366e-05
15,Seen,2.4306897000445117e-11,2.1672337138312983e-05
15,Seen,5.41427584225304e-11,2.8882354766703918e-05
15,Seen,4.783642937421402e-11,2.7161559662470816e-05
15,Unseen,2.2719378422661912e-11,2.2519309887410914e-05
15,Unseen,3.47691224661624e-11,2.6214743291141185e-05
15,Unseen,2.034868925989638e-11,2.1153625774132398e-05
15,Seen,3.133800309543077e-11,2.5214760877958288e-05
15,Seen,3.3435489799675923e-11,2.64721285166382e-05
15,Unseen,2.8683383243525048e-11,2.461320122499082e-05
15,Seen,2.624501605815301e-11,2.400100383934408e-05
15,Seen,3.713671923328025e-11,2.612414775076506e-05
15,Seen,3.77141415700997e-11,2.6169323925755085e-05
15,Unseen,2.295339470207302e-11,2.2415806944758828e-05
15,Unseen,4.477122854605382e-11,2.8124775434090688e-05
15,Seen,2.2253648970399058e-11,2.262967560896234e-05
15,Seen,5.35656598006802e-11,2.9858243384197596e-05
15,Unseen,2.45926625632685e-11,2.124151703218006e-05
15,Unseen,3.253759387166353e-11,2.4025016318156686e-05
15,Unseen,2.976749559474742e-11,2.384503332634638e-05
15,Unseen,2.3609489154605888e-11,2.1660853144494398e-05
15,Unseen,1.9722039681117908e-10,6.240143285327502e-05
15,Unseen,4.0838643610710164e-11,2.8757646466374755e-05
15,Unseen,3.944215622451135e-11,2.9174761458022553e-05
15,Unseen,2.7308831714312966e-11,2.369898170744501e-05
15,Seen,3.1045229192003856e-11,2.641781698488421e-05
15,Seen,3.6804599207600604e-11,2.752934548991011e-05
15,Unseen,3.679899906123371e-11,2.6968268218057394e-05
15,Unseen,2.261743001172101e-11,2.067554061877098e-05
15,Unseen,2.4567229991830783e-11,2.2019016514747496e-05
15,Unseen,2.6219253875976898e-11,2.2410786246380973e-05
15,Unseen,2.4666671057859078e-11,2.1476679420424414e-05
15,Unseen,3.4037593123777445e-11,2.6778264516158506e-05
15,Unseen,3.5513592833836154e-11,2.7011553203493054e-05
15,Unseen,3.4166477265257e-11,2.4575836591817896e-05
15,Unseen,2.2420729736011117e-11,2.1633383612455743e-05
15,Seen,2.2521054334355462e-11,2.226284055918114e-05
15,Unseen,2.5730452446839785e-11,2.2299604157324542e-05
15,Seen,1.758130564137547e-11,1.957939296846713e-05
15,Unseen,2.2376821117388514e-11,2.187985605614938e-05
15,Unseen,1.9740547386851192e-11,1.9676613700388426e-05
15,Seen,2.1988851886649262e-11,2.1252800306557335e-05
15,Unseen,6.073091360313767e-11,3.4844754921233985e-05
15,Unseen,1.848892522570776e-11,1.9990812034213322e-05
15,Unseen,2.247667054781782e-11,1.976208383979374e-05
15,Unseen,2.0037225664854983e-11,1.9775359727782257e-05
15,Seen,2.4507817975790587e-11,2.2389427847406773e-05
15,Unseen,1.725693907601492e-11,2.051783213036154e-05
15,Seen,4.015028047500155e-11,2.5496159279805438e-05
15,Unseen,2.0485847977859234e-11,2.084401293471536e-05
15,Unseen,1.7499081182236387e-11,1.9712395198812898e-05
15,Unseen,2.2655336286086604e-11,2.0719990948107665e-05
15,Unseen,1.7786519836004563e-11,2.0005445910287602e-05
15,Unseen,3.040928073041391e-11,2.4182933066835154e-05
15,Unseen,1.9875661210979562e-11,2.195217303155378e-05
15,Seen,2.907580512857092e-11,2.428280582459383e-05
15,Seen,6.272649663649212e-11,3.546095573960227e-05
15,Unseen,1.8056741479541157e-10,5.4234079193679923e-05
15,Seen,8.354671787398715e-11,3.9469971361479707e-05
15,Seen,6.636882191017428e-11,3.53074665221678e-05
15,Unseen,6.554150764196531e-11,3.7174043807927284e-05
15,Unseen,4.0014354794097445e-11,2.7853565362013714e-05
15,Unseen,2.54621742241563e-11,2.3333954728311774e-05
15,Unseen,5.795858253009738e-11,3.429466753414039e-05
15,Seen,2.4854582325378036e-11,2.3752405146534847e-05
15,Unseen,2.9788707792008716e-11,2.3416762851578965e-05
15,Seen,4.656443602426964e-11,3.4916438682348865e-05
15,Unseen,5.2854248885971887e-11,3.4347709677274325e-05
15,Unseen,2.50641194411281e-11,2.429411104556163e-05
15,Seen,4.5439282590105504e-11,2.89011141321004e-05
15,Unseen,2.5593234617045687e-11,2.2302579009611576e-05
15,Unseen,2.2109187688570714e-11,2.2658870832159657e-05
15,Seen,6.252237527818268e-11,3.826208614909641e-05
15,Unseen,2.4460593893692265e-11,2.226590544979112e-05
15,Unseen,2.0546095955756572e-11,2.1648370912978496e-05
15,Seen,2.2588649675312907e-11,2.091472144564652e-05
15,Unseen,2.0336605801150692e-11,2.0787617530274948e-05
15,Unseen,2.153457394163963e-11,2.1994466796435097e-05
15,Seen,3.611672796996806e-11,2.809041224262914e-05
15,Unseen,2.238726145613084e-11,2.2745761249844197e-05
15,Seen,2.787190609836418e-11,2.3537672966365676e-05
15,Seen,2.5318664654224042e-11,2.4403567376510307e-05
15,Seen,2.025339655176109e-11,2.0441809984118622e-05
15,Seen,2.2443541553025587e-11,2.162699189901479e-05
15,Seen,3.441751247834254e-11,2.520184024574806e-05
15,Seen,3.1956147746027264e-11,2.5755992408486247e-05
15,Seen,4.205198467442571e-11,2.8670157746509003e-05
15,Seen,7.496721059330298e-11,3.9924487068350414e-05
15,Seen,4.07391564523503e-11,2.915997297828168e-05
15,Seen,4.4693226942105104e-11,3.146782296627922e-05
15,Unseen,3.71680811599522e-11,2.926614320561454e-05
15,Unseen,3.373640605507322e-11,2.8362764876887606e-05
15,Seen,4.711827386250121e-11,3.0276045232501446e-05
15,Seen,3.7098718721075664e-11,3.069412461134368e-05
15,Unseen,5.773932994318449e-11,3.1938472229985e-05
15,Seen,3.9837509285379804e-11,3.0375643618125487e-05
15,Seen,3.544227161942632e-11,2.761313282255749e-05
15,Unseen,7.012420355876412e-11,3.620071676439018e-05
15,Seen,7.516279436651247e-11,3.838354799312866e-05
15,Seen,3.3634143399469576e-11,2.9869406066214336e-05
15,Seen,6.334164718642304e-11,3.6801596802575094e-05
15,Seen,5.020503228812512e-11,3.392491694830205e-05
15,Unseen,3.652313536941925e-11,2.9376208629725933e-05
15,Unseen,4.6724700349372094e-11,2.9838934564705752e-05
15,Seen,4.1627161029658695e-11,3.0454042295672092e-05
15,Unseen,1.1974376930331125e-10,4.433751533347169e-05
15,Seen,3.7567402442338916e-11,2.946359253116402e-05
15,Seen,4.803028834383398e-11,3.194035142828653e-05
15,Seen,3.876982599365752e-11,3.074861749135114e-05
15,Seen,7.769945787758665e-11,4.073163501839386e-05
15,Unseen,5.953890633758498e-11,3.5876261031798356e-05
15,Unseen,3.347958541746709e-11,2.7836835006722077e-05
15,Unseen,2.4995892857121282e-11,2.3272390946212598e-05
15,Unseen,2.1588898809446465e-11,2.3147864028294143e-05
15,Seen,2.4316420667793828e-11,2.3436366217737715e-05
15,Unseen,5.101466273296965e-11,2.989653704371191e-05
15,Seen,3.777930641491605e-11,2.7195458830333963e-05
15,Unseen,3.0437329145059164e-11,2.410279568494082e-05
15,Seen,5.536085877099503e-11,3.0061608509918773e-05
15,Unseen,3.3164071207885587e-11,2.5333003400067042e-05
15,Seen,3.4733097261158235e-11,2.772843526508296e-05
15,Unseen,3.629927279819038e-11,2.932608773904117e-05
15,Unseen,3.285591736188084e-11,2.677870320980831e-05
15,Unseen,2.3104467711064268e-11,2.2517543203348257e-05
15,Unseen,3.1547802390482565e-11,2.5294458821598355e-05
15,Unseen,3.041481405393935e-11,2.5837082534883906e-05
15,Seen,4.493628417921898e-11,2.812776065898893e-05
15,Seen,4.4348736840670127e-11,3.1692057291157564e-05
15,Seen,2.368945576598459e-11,2.3128972254905358e-05
15,Seen,4.4960531328910136e-11,2.881350599867965e-05
15,Unseen,3.522643449457783e-11,2.772924987073659e-05
15,Unseen,2.5950573946090148e-11,2.4400955915671235e-05
15,Unseen,2.187106604989155e-11,2.212355261015983e-05
15,Seen,2.6405165963571196e-11,2.387824849691344e-05
15,Seen,3.0763188038162466e-11,2.482856015347825e-05
15,Seen,2.514239453017254e-11,2.3061971913398176e-05
15,Unseen,2.631723369009376e-11,2.362343310518169e-05
15,Unseen,2.489737774784556e-11,2.3926538286997506e-05
15,Seen,3.958734183787827e-11,2.706796088197965e-05
15,Seen,3.565347182214656e-11,2.659164960850361e-05
15,Seen,3.755182133544363e-11,2.847516430084527e-05
15,Unseen,2.8540194350862908e-11,2.619802437966871e-05
15,Unseen,3.370729487184061e-11,2.7048238059110482e-05
15,Unseen,2.2516831467000812e-11,2.2200083402034283e-05
15,Seen,4.406351338378322e-11,2.927420945721363e-05
15,Seen,3.1924522040401954e-11,2.640462178334056e-05
15,Seen,3.432140606281203e-11,2.597837693948323e-05
15,Seen,3.164530607144145e-11,2.5051100504909785e-05
15,Seen,3.570020641837703e-11,2.7504093050937537e-05
15,Seen,3.555045780439555e-11,2.9391143066112265e-05
15,Unseen,2.068159256889667e-10,5.719627187075501e-05
15,Seen,8.65461999909813e-11,4.261371303778372e-05
15,Seen,9.717652202500755e-11,4.5027233349689616e-05
15,Unseen,4.967599824436843e-11,3.134891679152138e-05
15,Unseen,3.482608572230425e-11,2.7535088018383163e-05
15,Unseen,4.9102736532643646e-11,2.8857770102170735e-05
15,Unseen,4.922350297658149e-11,3.07738477752979e-05
15,Seen,2.4266382500993906e-11,2.194254066366262e-05
15,Seen,4.6809582375662074e-11,2.7841831751155628e-05
15,Seen,6.395315491289311e-11,3.0620521789211795e-05
15,Seen,1.7371667381917412e-11,1.9806844865236073e-05
15,Seen,3.3453126011706835e-11,2.7636730029115966e-05
15,Seen,7.588284921300407e-11,3.553764350528913e-05
15,Seen,7.543427257540297e-11,4.0068631461205885e-05
15,Seen,6.184706155082366e-11,3.211300746489873e-05
15,Seen,3.241988538796383e-11,2.801252796654587e-05
15,Seen,5.543389439179286e-11,3.247453689948225e-05
15,Seen,6.398998160544818e-11,3.7761137042355863e-05
15,Unseen,6.558167007379204e-11,3.5776621820788556e-05
15,Seen,5.1045481342617805e-11,3.179462037071245e-05
15,Seen,1.1090598410136746e-10,4.510491088403519e-05
15,Seen,3.349479156615661e-11,2.828579367033952e-05
15,Unseen,5.037843505450624e-11,3.2346655416272685e-05
15,Seen,3.1077979320615174e-11,2.5740241794586206e-05
15,Seen,4.7134621619476015e-11,3.1377063262348405e-05
15,Unseen,1.1455626257002052e-10,4.9733872121733575e-05
15,Seen,2.1334425994804457e-10,5.828675921628584e-05
15,Seen,4.0124231433416707e-11,2.9659885969042506e-05
15,Seen,6.960837155329708e-11,3.853641416797037e-05
15,Seen,7.0809379365431e-11,4.0001303607662704e-05
15,Unseen,7.10430130914708e-11,3.884920531348616e-05
15,Unseen,4.2234488312550426e-11,3.0390531594210002e-05
15,Seen,1.1224992933055244e-10,4.695699380051074e-05
15,Seen,9.353494737103541e-11,4.31216130446431e-05
15,Seen,3.674211373232845e-11,2.901342942644635e-05
15,Unseen,8.554976265245889e-11,4.256733380262215e-05
15,Seen,6.007220347828934e-11,3.5101170712926496e-05
15,Unseen,5.5399898180209494e-11,3.577567069358944e-05
15,Seen,4.6684306243072017e-11,3.258281738970207e-05
15,Unseen,9.796217372779092e-11,4.467357389397262e-05
15,Unseen,4.2520693702347605e-11,3.0185621576068305e-05
15,Seen,7.539364274091611e-11,4.311836482318204e-05
15,Seen,2.0830473046904274e-11,2.1487398171048436e-05
15,Unseen,5.01082935001796e-11,2.7840857809243693e-05
15,Unseen,2.628855800438829e-11,2.5158851424680822e-05
15,Unseen,4.429027627883849e-11,3.0730967692056876e-05
15,Seen,2.3911359562771103e-11,2.350456915612242e-05
15,Unseen,8.342675672102986e-11,4.223230911025863e-05
15,Seen,5.247660176466538e-11,3.3088526627854097e-05
15,Seen,3.280991859605317e-11,2.5624386995270913e-05
15,Seen,4.28484782314222e-11,3.177543644766282e-05
15,Seen,5.882543650990084e-11,3.420845181447511e-05
15,Unseen,3.1149815903166503e-10,7.434425677831224e-05
15,Seen,1.681435116373523e-10,6.0862938199100536e-05
15,Unseen,2.616087882671412e-10,7.81318528197355e-05
15,Seen,4.716031932414153e-11,3.2026190185176155e-05
15,Seen,4.21751850987885e-11,3.0400710087678043e-05
15,Unseen,3.2259307917797946e-11,2.739517022119513e-05
15,Unseen,2.8859305237208788e-11,2.6204095032232638e-05
15,Seen,8.324725373980632e-11,3.7207155392592644e-05
15,Unseen,7.422554308149513e-11,3.9310925108312866e-05
15,Seen,5.213631778067045e-11,3.2376393543163474e-05
15,Seen,4.7251634189155434e-11,3.058322625610394e-05
15,Seen,2.7805091879413823e-11,2.4245567765910593e-05
15,Unseen,3.1940117046299016e-11,2.623512400632856e-05
15,Unseen,4.6950747138417646e-11,3.2844151042733665e-05
15,Seen,5.136188874867951e-11,3.488614785987136e-05
15,Unseen,7.219108252917624e-11,3.85572918391991e-05
15,Unseen,8.249710983958411e-11,3.867747048142971e-05
15,Unseen,2.5139892052649454e-11,2.3419989678695635e-05
15,Unseen,2.7377900007400717e-11,2.5822252799098405e-05
15,Seen,2.402567822066413e-11,2.2657807946478746e-05
15,Seen,3.589238766815825e-11,2.8130751587296787e-05
15,Unseen,1.2215803294063768e-10,4.981456488806259e-05
15,Unseen,2.9693364157689964e-11,2.666943159097515e-05
15,Seen,3.6896538376696934e-11,2.7610974889305305e-05
15,Seen,3.693636651753913e-11,2.6596691886024182e-05
15,Seen,5.411881904459498e-11,3.511218620809969e-05
15,Seen,3.411178827890362e-11,2.849270795119087e-05
15,Unseen,4.1502015645593755e-11,2.9290417686893206e-05
15,Seen,2.955427265929328e-11,2.6644251429631687e-05
15,Seen,3.730902099080342e-11,2.914966338831637e-05
15,Seen,1.9840573747251775e-10,5.933252806577245e-05
15,Unseen,4.732191179953262e-11,3.105861604066404e-05
15,Unseen,5.653544318226763e-11,3.3885317361270135e-05
15,Seen,4.09522624905938e-11,2.962645496263946e-05
15,Unseen,5.022682631331284e-11,3.309685593065417e-05
16,Seen,2.635886733020319e-11,2.4156779095597736e-05
16,Unseen,3.220134105107006e-11,2.7729977754409126e-05
16,Unseen,3.0077320226059464e-11,2.519193669635828e-05
16,Unseen,2.8248978057811812e-11,2.5840229951013255e-05
16,Unseen,7.96702798333104e-11,4.0954051224394946e-05
16,Unseen,3.508891704440414e-11,2.7557314040071604e-05
16,Unseen,3.9237657674821094e-11,2.9217800985097065e-05
16,Unseen,2.3561428811990424e-11,2.3179006469450473e-05
16,Unseen,2.5534348048017987e-11,2.431465222054793e-05
16,Unseen,2.1847311184948744e-11,2.1235141352091343e-05
16,Unseen,3.360303322330221e-11,2.6903124308129155e-05
16,Unseen,2.7226889927021497e-11,2.3847228031418977e-05
16,Unseen,4.1218466340300554e-11,3.0256005460825517e-05
16,Unseen,3.1974859839924895e-11,2.6658609418296772e-05
16,Unseen,2.9124235925611584e-11,2.5522668794270267e-05
16,Unseen,2.899496280074215e-11,2.4915121855878484e-05
16,Unseen,2.8182548444085593e-11,2.5122746220492622e-05
16,Unseen,3.171884924562001e-11,2.6488301394686733e-05
16,Unseen,4.637594605389746e-11,2.9462857596146502e-05
16,Unseen,2.812501540874936e-11,2.5513180955851548e-05
16,Unseen,5.045969816442127e-11,3.0168621112433366e-05
16,Unseen,9.764584758882341e-11,3.084355593785565e-05
16,Unseen,3.08396021382288e-11,2.454174728260532e-05
16,Unseen,3.145204316206829e-11,2.6155317331622103e-05
16,Unseen,2.9505013775467e-11,2.551343548598344e-05
16,Unseen,3.81481326165559e-11,2.9556585888740094e-05
16,Unseen,3.849737208772307e-11,2.7853039548314363e-05
16,Unseen,2.987405169635806e-11,2.6486970610005173e-05
16,Unseen,3.828451113826904e-11,2.8781161646476757e-05
16,Seen,2.649375029156516e-11,2.340131798863898e-05
16,Seen,2.8244590275873983e-11,2.435536858050295e-05
16,Unseen,2.9136377403902494e-11,2.5522816539806395e-05
16,Unseen,2.230894999566007e-11,2.3148350015628856e-05
16,Seen,3.149562458151675e-11,2.4928553354254636e-05
16,Unseen,2.983266795576756e-11,2.507394747740657e-05
16,Unseen,3.628009363876271e-11,2.7881680476398844e-05
16,Unseen,3.228640755648852e-11,2.617322947070203e-05
16,Seen,2.6838571083102994e-11,2.4685800868756507e-05
16,Unseen,2.940827491857972e-11,2.5563117684271886e-05
16,Unseen,2.974898060585931e-11,2.6208619643474888e-05
16,Unseen,3.4175457467727015e-11,2.621369778551121e-05
16,Seen,2.4716464048564145e-10,3.554660828926939e-05
16,Unseen,2.7797198130884385e-10,3.33937463841699e-05
16,Unseen,3.58185204153424e-11,2.7570034075144055e-05
16,Unseen,2.8800135093068812e-11,2.5316820076795178e-05
16,Unseen,2.2269074084776742e-11,2.201313210724543e-05
16,Unseen,3.1984962620264165e-11,2.5646362632075692e-05
16,Unseen,3.22899002354639e-11,2.5343839056396852e-05
16,Unseen,2.9311816770477286e-11,2.6913837521966464e-05
16,Unseen,3.147076256265776e-11,2.7437829584113903e-05
16,Seen,2.547150013553449e-11,2.4246886361692865e-05
16,Unseen,2.3295659914159508e-11,2.3146328306557126e-05
16,Unseen,2.7166075831238942e-11,2.4025869948845066e-05
16,Unseen,2.7331672026989582e-11,2.4976833746126747e-05
16,Unseen,2.24255333547505e-11,2.1642888094541264e-05
16,Unseen,2.980182038016395e-11,2.555664983781453e-05
16,Unseen,3.429606061273018e-11,3.0182164082692776e-05
16,Unseen,2.4413028898612634e-11,2.371960474808461e-05
16,Unseen,2.638998667793423e-11,2.4099643163976264e-05
16,Unseen,3.443831674300547e-10,4.991961528058628e-05
16,Unseen,2.947255753729361e-11,2.4888364323631657e-05
16,Unseen,7.896181233868688e-11,3.499003064005892e-05
16,Unseen,2.1257252311599004e-11,2.1147930284351234e-05
16,Unseen,3.273984958673276e-11,2.6072651384155786e-05
16,Unseen,3.059895243654644e-11,2.635356640769094e-05
16,Seen,3.8171454771348075e-11,2.7799043330251214e-05
16,Unseen,4.535572628020429e-11,3.2625877287209376e-05
16,Unseen,2.316491314749043e-11,2.2833335411174817e-05
16,Unseen,2.3065914509361337e-11,2.206851977342795e-05
16,Unseen,1.4667453706521898e-10,3.8875845302723715e-05
16,Unseen,4.615645811888588e-11,3.1271068524114896e-05
16,Unseen,2.63486939780456e-11,2.403234625340667e-05
16,Unseen,2.8323157612372492e-11,2.3893058322650308e-05
16,Unseen,3.580345648351122e-11,2.7206877297571154e-05
16,Unseen,3.321716367148709e-11,2.692885178048055e-05
16,Unseen,5.535612878592417e-11,3.2125432654618636e-05
16,Unseen,2.9036513524460326e-11,2.5421475818730157e-05
16,Unseen,3.140070745895009e-11,2.719003015207267e-05
16,Unseen,3.5314515844418295e-11,2.6805023684550867e-05
16,Unseen,4.0060495540167794e-11,3.083154890087988e-05
16,Unseen,4.086456479107153e-11,2.9917457226521484e-05
16,Unseen,3.490392527367503e-11,2.8028630929948376e-05
16,Unseen,2.0004359479001282e-11,2.2182537350743148e-05
16,Unseen,2.9097320766363815e-11,2.578965072684387e-05
16,Unseen,3.100550759749269e-11,2.7534706298483476e-05
16,Unseen,4.6033944703769443e-11,3.092244301478473e-05
16,Unseen,3.8145427469667894e-11,2.746677337514756e-05
16,Unseen,3.15324154545774e-11,2.6256554228994157e-05
16,Unseen,4.295127303659935e-11,3.2083058608837006e-05
16,Unseen,1.6963375376945083e-10,3.507825278450249e-05
16,Unseen,3.9435912280962927e-11,2.9849295628880637e-05
16,Unseen,2.75477445993685e-10,4.2949236890092e-05
16,Unseen,3.6629626117721964e-11,2.863761368516721e-05
16,Unseen,4.5895491715282656e-11,3.2300422148500664e-05
16,Unseen,5.5953541187456304e-11,2.7292730781024136e-05
16,Unseen,4.4596208858820686e-11,3.0899212772195415e-05
16,Unseen,3.5336247106316034e-11,2.8528957251506616e-05
16,Unseen,2.96442524806397e-11,2.5923544372955478e-05
16,Seen,3.833199741480977e-11,2.916169423275872e-05
16,Unseen,3.6952819339649e-11,2.9251587103665758e-05
16,Unseen,3.8111641627589875e-11,2.8032539412149925e-05
16,Unseen,4.983444099527066e-11,3.233281120148188e-05
16,Unseen,3.553418691102332e-11,2.6935958524850006e-05
16,Unseen,1.4374443513921671e-10,3.132062835547759e-05
16,Unseen,3.281318309887099e-11,2.766966466796271e-05
16,Unseen,2.8398241914578263e-11,2.4839366124967184e-05
16,Unseen,4.098573722400499e-11,3.072078177106648e-05
16,Unseen,3.2488432589500334e-11,2.6784065207035938e-05
16,Unseen,3.7111251545340674e-11,2.8261685625370672e-05
16,Unseen,4.4491207176057676e-11,3.2129693185488194e-05
16,Unseen,3.9360118121720096e-11,2.9664770970662714e-05
16,Unseen,4.267145979843543e-11,2.9508297756826942e-05
16,Unseen,3.6293035968128466e-11,2.8210060631837525e-05
16,Unseen,2.638437592124233e-11,2.244490816640771e-05
16,Unseen,2.51325474482031e-11,2.626448212370573e-05
16,Unseen,5.2691466185133174e-11,3.287699186205476e-05
16,Unseen,5.6278914453813216e-11,3.306918870092659e-05
16,Seen,1.614107411766151e-10,3.650515822926417e-05
16,Unseen,3.011978015773032e-11,2.5984439424391416e-05
16,Seen,3.2910586998932526e-11,2.6610552888810694e-05
16,Unseen,4.414851994275975e-11,3.0350101505914804e-05
16,Unseen,2.5906447335436558e-11,2.396455006327477e-05
16,Unseen,2.6540276502468696e-11,2.4541626055806393e-05
16,Unseen,3.523166613085712e-11,2.7404528512414067e-05
16,Seen,3.5183947891676795e-11,2.823624213144305e-05
16,Unseen,2.203356915797734e-10,4.123919405875391e-05
16,Unseen,3.12302923564573e-11,2.54013192534451e-05
16,Unseen,2.967161827289378e-11,2.6610836087213658e-05
16,Unseen,2.938410434269607e-11,2.4779569486061364e-05
16,Unseen,4.111148491175559e-11,2.8899847243674404e-05
16,Unseen,3.9616362240147594e-11,2.834686947135939e-05
16,Unseen,3.507062096963077e-11,2.9120110635265003e-05
16,Unseen,7.244496169520195e-11,3.008158470918386e-05
16,Seen,2.8137920558937595e-11,2.4256854041469797e-05
16,Seen,3.408048276587613e-11,2.6051718705345073e-05
16,Unseen,4.1794720701131997e-11,3.06822865486104e-05
16,Unseen,5.3972402431419705e-11,3.256986421042591e-05
16,Seen,2.5303556649282917e-11,2.3976451007036834e-05
16,Unseen,3.414422819254142e-11,2.6291244312154918e-05
16,Unseen,3.83717691548403e-11,2.995578760870201e-05
16,Unseen,9.62189844500232e-11,3.148723194717376e-05
16,Unseen,3.5070610621531904e-11,2.6825734378325863e-05
16,Unseen,2.672034789875451e-11,2.4012689267802112e-05
16,Unseen,3.813834645590037e-11,2.8718638725312016e-05
16,Unseen,2.6157701228893326e-11,2.297585414364414e-05
16,Unseen,2.789685439097841e-11,2.376950722220343e-05
16,Unseen,3.060661859126346e-11,2.4395733997714773e-05
16,Unseen,3.262675147764978e-11,2.7060285839816956e-05
16,Unseen,3.134162922233063e-11,2.5705564459644053e-05
16,Unseen,2.5131028291449612e-11,2.34145313069982e-05
16,Unseen,1.6370788389421078e-10,3.4921266757492967e-05
16,Unseen,8.29225486048742e-11,3.180272905358034e-05
16,Unseen,2.854152869786085e-11,2.4023262989174536e-05
16,Unseen,3.428925603711948e-11,2.8650882513573604e-05
16,Seen,2.5624209892912104e-11,2.680286811105856e-05
16,Unseen,4.479536599295675e-11,2.996191760086423e-05
16,Unseen,7.74674586274802e-11,2.9420117095307337e-05
16,Unseen,3.680542349902923e-11,2.8228598687643296e-05
16,Unseen,1.8891973459324716e-11,2.036462463607723e-05
16,Unseen,3.154230765947717e-11,2.5749741243066476e-05
16,Seen,2.6356236260871557e-11,2.418921761986667e-05
16,Unseen,2.1820556147141356e-11,2.230542842968455e-05
16,Seen,2.1819303110727967e-11,2.2167799297663257e-05
16,Unseen,2.7804019462472774e-11,2.309131139701804e-05
16,Seen,3.4620057596803806e-11,2.732654158950716e-05
16,Seen,2.1526440545103363e-11,2.1758272569969668e-05
16,Seen,3.4277455309156894e-11,2.67818271583424e-05
16,Seen,2.1675538881266634e-11,2.279191329284778e-05
16,Unseen,2.8181722187344404e-11,2.3410809818844552e-05
16,Seen,3.458412780070701e-11,2.5636743060393407e-05
16,Seen,2.445707036665842e-11,2.1813188915314665e-05
16,Seen,2.4875197122806535e-11,2.2265788707037337e-05
16,Seen,2.044652017499516e-11,2.0686713196809083e-05
16,Seen,1.2255515929357712e-10,3.0287145128574583e-05
16,Unseen,3.2098653083749144e-11,2.779000274028334e-05
16,Unseen,3.420557747195513e-11,2.6406893175236938e-05
16,Unseen,3.0841319041768924e-11,2.4576676346695622e-05
16,Seen,4.5232634361070525e-11,2.7441185074550036e-05
16,Seen,2.3118131357547156e-11,2.260537050255603e-05
16,Unseen,3.010558336898176e-11,2.4040345831134837e-05
16,Unseen,2.4966379200932377e-11,2.439028039030412e-05
16,Unseen,2.5537820912863048e-11,2.3760076925762777e-05
16,Seen,2.991387215308779e-11,2.6925887902025972e-05
16,Seen,2.6661453990605187e-11,2.5239566921135345e-05
16,Unseen,3.769091857449236e-11,2.843852963587702e-05
16,Seen,2.980849217255355e-11,2.543523282514605e-05
16,Unseen,2.7673490419441053e-11,2.508644099003586e-05
16,Unseen,2.4012545717487673e-11,2.3410518499343566e-05
16,Seen,9.847841777065476e-11,2.9731116111178605e-05
16,Unseen,2.8222102004704017e-11,2.4657548435435508e-05
16,Unseen,2.2837133708680167e-11,2.2787341644883395e-05
16,Unseen,3.314348067068684e-11,2.6067499126926726e-05
16,Unseen,2.6316572896410613e-11,2.4429166083182403e-05
16,Unseen,8.542120682834402e-11,3.20992448883447e-05
16,Unseen,3.656767191112902e-11,2.734729321754135e-05
16,Unseen,2.98941644197853e-11,2.6839433434398814e-05
16,Seen,5.0127118766353986e-11,3.192843285956429e-05
16,Seen,4.091553147840576e-11,2.9356598264510098e-05
16,Unseen,4.782088010642347e-11,3.0434886003193688e-05
16,Unseen,4.9137733817830086e-11,2.6127704827645645e-05
16,Unseen,4.241624478380542e-11,2.8827834466351213e-05
16,Unseen,2.6663627648790733e-11,2.4379997620805794e-05
16,Unseen,3.784736948850397e-11,2.8060311896313697e-05
16,Unseen,3.311716425558618e-11,2.6066630932985135e-05
16,Seen,2.5238579323997633e-11,2.4100998626126934e-05
16,Seen,2.7906499873872385e-11,2.5592683503566864e-05
16,Unseen,3.173038776988513e-11,2.4971488558310268e-05
16,Seen,3.695879915511475e-11,3.0410748529093267e-05
16,Seen,4.020693219907152e-11,2.7962846228283462e-05
16,Unseen,3.069163856667101e-11,2.5483450039497317e-05
16,Unseen,3.778215322112311e-11,2.8999707164396693e-05
16,Unseen,2.468371067120437e-11,2.3080614580091638e-05
16,Unseen,1.937066388350111e-10,3.4404953799131647e-05
16,Seen,2.9689439791438664e-11,2.5462969675870305e-05
16,Unseen,3.0492572135099456e-11,2.529844434392512e-05
16,Unseen,2.7053111091325634e-11,2.3789645544026988e-05
16,Unseen,2.622475126043971e-11,2.4575865993193904e-05
16,Unseen,2.4612599660510046e-11,2.2648734174827473e-05
16,Unseen,2.6550215289468763e-11,2.327654273974837e-05
16,Unseen,2.2878368453085393e-11,2.2427012538305095e-05
16,Unseen,5.259112681466488e-11,3.16538853097834e-05
16,Unseen,2.6925590842585473e-11,2.301109651841392e-05
16,Unseen,2.8005040068959972e-11,2.341657433437752e-05
16,Unseen,2.834039613129535e-11,2.515747147836511e-05
16,Unseen,3.142568881750437e-11,2.6228010670998292e-05
16,Unseen,4.1663053114298705e-11,3.1132463133308606e-05
16,Unseen,3.2929202396736296e-11,2.8867806717091e-05
16,Seen,3.250561624762074e-11,2.7124201345210046e-05
16,Unseen,2.6947705915752833e-11,2.3570282615888296e-05
16,Seen,2.5279645677412213e-11,2.4282781096717053e-05
16,Seen,3.185680280273724e-11,2.455485383570813e-05
16,Unseen,2.4406450697157464e-11,2.3021121533300444e-05
16,Seen,1.4165083864220364e-10,3.0510135954190337e-05
16,Unseen,2.8271328855984767e-11,2.61558952833366e-05
16,Unseen,3.534060286076387e-11,2.7748851307257123e-05
16,Unseen,1.375833349301699e-10,3.4919914907683775e-05
16,Unseen,2.68120372002532e-11,2.457261257445932e-05
16,Unseen,4.4074937443963573e-11,3.0193235197860984e-05
16,Unseen,2.5375112144798612e-11,2.2788377523955978e-05
16,Unseen,3.5844810631205964e-11,2.7390545379071748e-05
16,Unseen,2.4937747623879973e-11,2.3705408572369196e-05
16,Seen,2.362833676249924e-11,2.23788147312239e-05
16,Seen,5.2393660262456174e-11,2.928957584676705e-05
16,Seen,3.19019911272428e-11,2.4122290492156816e-05
16,Seen,3.015841001854776e-11,2.577967088117792e-05
16,Unseen,2.266632488695316e-11,2.3094085351511902e-05
16,Seen,3.615791307491042e-11,2.681844874059276e-05
16,Seen,2.5834627122049373e-11,2.248289837285381e-05
16,Seen,2.9016728747380455e-11,2.4922262838254247e-05
16,Seen,4.150589861556998e-11,2.8748010828699475e-05
16,Seen,3.664141440011377e-11,2.6945206786579505e-05
16,Seen,4.6249969979887204e-11,2.8083342444984904e-05
16,Unseen,5.754201024028056e-11,3.488586965746934e-05
16,Unseen,2.677016533565345e-11,2.474526498959758e-05
16,Seen,3.3036990664571196e-11,2.5496397037878687e-05
16,Unseen,3.231784033002538e-11,2.6217189060772934e-05
16,Unseen,3.08045487233628e-11,2.5503032833055342e-05
16,Unseen,2.968094611966472e-11,2.5674450127887148e-05
16,Unseen,2.7225698581784767e-11,2.4924682901469013e-05
16,Unseen,2.7411983073421562e-11,2.4701596342268318e-05
16,Unseen,2.8874002587966186e-11,2.6232951286883338e-05
16,Unseen,3.733987698628908e-11,2.984788289304074e-05
16,Seen,2.3003442361132503e-11,2.1894515427407394e-05
16,Unseen,2.547221383299529e-11,2.3423041892893325e-05
16,Seen,3.115762772273583e-11,2.5482663198895094e-05
16,Unseen,1.0125377539445859e-10,2.9186539303186474e-05
16,Unseen,3.740258991150005e-11,2.6647802864120127e-05
16,Seen,3.674063034073341e-11,2.7551736335892268e-05
16,Seen,4.4940866649743525e-11,3.144778453474921e-05
16,Seen,3.9080938285398554e-11,2.956089295583634e-05
16,Seen,3.939329979003488e-11,2.9431295714388015e-05
16,Unseen,2.223019323399638e-11,2.1802660260556765e-05
16,Seen,2.50893697501113e-11,2.304367588151628e-05
16,Unseen,2.8811507067924268e-11,2.499207733648396e-05
16,Seen,2.6049343459005348e-11,2.4136776238325225e-05
16,Unseen,3.132580009248116e-11,2.6939084553081405e-05
16,Unseen,7.893032605293753e-11,2.7766305717207393e-05
16,Unseen,3.045420310981175e-11,2.6595563782923014e-05
16,Seen,2.649232822534775e-11,2.3951771489038583e-05
16,Seen,3.3028812178118204e-11,2.6950751819732996e-05
16,Unseen,3.971937663448499e-11,2.863138223156764e-05
16,Seen,2.0750323815411288e-11,2.1561582456062787e-05
16,Seen,2.310868201035605e-11,2.1481922823333753e-05
16,Seen,3.921642069172044e-11,2.6828624793720265e-05
16,Seen,3.0139907037155263e-11,2.660558515627996e-05
16,Seen,3.7293567707675224e-11,2.7504905049000987e-05
16,Seen,3.146557850031874e-11,2.5863383402023925e-05
16,Seen,4.273795510571975e-11,2.8434468296102257e-05
16,Unseen,2.814500486797719e-11,2.4539921126613014e-05
16,Seen,4.566799241675395e-11,3.128323381201702e-05
16,Seen,3.162490846721088e-11,2.7516836081693552e-05
16,Unseen,3.213234181870178e-11,2.6230562384030873e-05
16,Seen,4.003736547731589e-11,2.952199984273272e-05
16,Seen,3.725979156583745e-11,3.0408037303599345e-05
16,Unseen,2.8935505473423623e-11,2.5445317938208256e-05
16,Seen,4.205977677007532e-11,2.8506088223724958e-05
16,Seen,2.6613670575290808e-11,2.3732672111947192e-05
16,Unseen,3.4530248250443435e-11,2.708754569703784e-05
16,Unseen,2.9404627206479667e-11,2.4996864032563615e-05
16,Seen,4.130527271589908e-11,3.09236403425824e-05
16,Seen,2.3834388815752618e-11,2.3650761985289284e-05
16,Unseen,2.7782751728964064e-11,2.5736597692159273e-05
16,Unseen,3.310936407381034e-11,2.688594645673544e-05
16,Unseen,1.1437407517969131e-10,3.450966995847602e-05
16,Unseen,3.1735619574944037e-11,2.854645669637634e-05
16,Seen,5.3880489312260833e-11,3.4401481507207395e-05
16,Seen,3.5283854841970823e-11,2.7893964020359547e-05
16,Seen,3.916396980502812e-11,2.938497641225653e-05
16,Unseen,3.044862543616207e-11,2.7218831376220657e-05
16,Unseen,3.6582095572202155e-11,2.863047394068945e-05
16,Unseen,3.490264268037698e-11,2.738171641755498e-05
16,Unseen,8.661791661277039e-11,3.0268316226007703e-05
16,Unseen,7.437895927490061e-11,3.440298829392896e-05
16,Unseen,2.3961462786971506e-11,2.3488924799820642e-05
16,Unseen,2.7815397256415814e-11,2.6291363492742283e-05
16,Unseen,2.4245723560460586e-11,2.3701663748414432e-05
16,Unseen,3.5196721629057207e-11,2.7461234171019964e-05
16,Seen,3.6625446102824814e-11,2.8030660786150153e-05
16,Unseen,5.257657988629605e-11,3.456513675711657e-05
16,Unseen,2.1652171456483867e-11,2.2913979434620486e-05
16,Seen,5.018246770490389e-11,3.052830718247685e-05
16,Seen,3.2740549212711545e-11,2.5365245393343102e-05
16,Seen,3.8403442081093964e-11,2.7439894368629648e-05
16,Seen,2.496537059820728e-11,2.2367703934557168e-05
16,Unseen,3.236091507594706e-11,2.6205435373690984e-05
16,Seen,5.4373925377184594e-11,2.969849759706707e-05
16,Seen,4.093797188026589e-11,2.7453315207258847e-05
16,Seen,3.479842408875561e-11,2.7151672723441167e-05
16,Seen,3.448203216144838e-11,2.5851918498838185e-05
16,Seen,5.9320323804162e-11,3.450902688362064e-05
16,Seen,4.8596572079218135e-11,3.1472575299900207e-05
16,Seen,5.164401844078863e-11,2.9707842481096667e-05
16,Seen,4.3048667025717015e-11,2.7439840181179714e-05
16,Seen,4.117423519105314e-11,2.6464375703036023e-05
16,Seen,2.944995144824743e-11,2.482154727483403e-05
16,Seen,7.295199437339644e-11,2.9539053470264142e-05
16,Seen,3.76804382043228e-11,2.5206163211229537e-05
16,Seen,3.125360257657166e-11,2.447295286050629e-05
16,Seen,2.562284737350409e-11,2.317626933781144e-05
16,Seen,2.3847330761251665e-11,2.3056626128641275e-05
16,Seen,4.0526807155339174e-11,2.7725336456226398e-05
16,Unseen,3.312026107031805e-11,2.6050552831760506e-05
16,Unseen,1.038313243924476e-10,4.214874862757006e-05
16,Seen,2.875012342313898e-11,2.4108205537092053e-05
16,Unseen,3.5105857789452506e-11,2.8757529780385572e-05
16,Seen,4.322479632618322e-11,2.7841891362221213e-05
16,Seen,5.463094983780719e-11,3.5764316329879187e-05
16,Seen,3.5447728007741523e-11,2.5474630491413287e-05
16,Seen,3.7270527557379614e-11,2.7638544118960187e-05
16,Seen,4.972647811945178e-11,2.758012564141892e-05
16,Seen,4.336392372336505e-11,2.9133644845986945e-05
16,Seen,5.87740721344308e-11,3.309254812971432e-05
16,Unseen,2.6344991744174643e-11,2.3469095970406733e-05
16,Seen,3.18352153745379e-11,2.5840781766659166e-05
16,Seen,3.2438713504175605e-11,2.4650609708547508e-05
16,Seen,4.356731972189605e-11,2.9281690204720603e-05
16,Seen,3.3309877474659486e-11,2.7288905871353333e-05
16,Seen,4.4877165290076385e-11,2.9019417499054193e-05
16,Unseen,1.480068681606702e-09,0.00016455731872267056
16,Unseen,5.868742016321857e-11,3.611123292807788e-05
16,Seen,5.655616263772815e-11,3.3973646867087945e-05
16,Seen,5.1063565299019774e-11,3.250527587585813e-05
16,Seen,4.108794230707811e-11,2.9976287242746284e-05
16,Seen,5.094097651028511e-11,3.1789834645182094e-05
16,Seen,4.203926775415263e-11,2.8619143401636308e-05
16,Seen,4.430663658807567e-11,3.0246731461633096e-05
16,Unseen,3.3794594004153134e-11,2.9803404624777496e-05
16,Unseen,2.9334612641021235e-11,2.4486692196881603e-05
16,Seen,4.53338781942067e-11,2.9787620642605063e-05
16,Seen,5.442765593735266e-11,3.1864122169422235e-05
16,Seen,4.799778798243149e-11,3.0034715054751254e-05
16,Seen,3.8146687067031045e-11,2.6937742681664922e-05
16,Seen,3.449270337298114e-11,2.7407816931089874e-05
16,Seen,3.5511712583565655e-11,2.755489393029913e-05
16,Seen,2.9559435407369794e-11,2.5750984610534912e-05
16,Unseen,7.06505537756624e-11,3.094083622309306e-05
16,Seen,1.2536852896321153e-10,3.494654045973207e-05
16,Seen,5.5453882937178947e-11,3.121892961703431e-05
16,Seen,4.9440855458710865e-11,3.1036879207332276e-05
16,Seen,2.879108840364242e-11,2.4946048786565616e-05
16,Unseen,4.4220396017916454e-11,3.1562457936705246e-05
16,Unseen,2.7471918254987018e-11,2.4732468813501013e-05
16,Seen,3.3943610733231866e-11,2.577818028167845e-05
16,Seen,3.6662661243286275e-11,2.6966548342405e-05
16,Seen,3.2775926216497474e-11,2.656544879174406e-05
16,Seen,4.488386921657014e-11,2.9477607409705164e-05
16,Seen,3.1695689784637334e-11,2.5128008299492082e-05
16,Seen,2.9952714519658474e-11,2.5145034828284622e-05
16,Seen,4.070836490254133e-11,2.8623088238608582e-05
16,Seen,4.105376752187383e-11,2.8540207920441756e-05
16,Seen,3.3198382984952424e-11,2.78262017718762e-05
16,Seen,5.291093569804053e-11,3.1493454583458405e-05
16,Seen,4.22438346459878e-11,2.7801483882083762e-05
16,Seen,1.5438127398327277e-10,3.495994775508014e-05
16,Seen,4.951382173436965e-11,2.9652027008148044e-05
16,Seen,4.927459502469525e-11,2.9646271152350045e-05
16,Seen,2.6685829020398138e-11,2.56574482510465e-05
16,Seen,6.651596127239521e-11,3.087110317221348e-05
19,Unseen,4.322207066158031e-11,3.228097746500153e-05
19,Unseen,3.882958686816485e-11,2.9685333263691286e-05
19,Seen,4.2108789556904585e-11,3.142261093553659e-05
19,Unseen,4.352289490143933e-11,3.248843883983022e-05
19,Unseen,5.5822086825686327e-11,3.427178326560123e-05
19,Unseen,3.052737057159019e-11,2.7660804729091275e-05
19,Unseen,3.8894881050084204e-11,3.112602595468664e-05
19,Unseen,6.201811749449427e-11,3.233253329346788e-05
19,Unseen,4.4771503932152565e-11,3.212426530676612e-05
19,Seen,8.687579465831472e-11,3.8465738230249085e-05
19,Unseen,4.108333212298755e-11,2.9596389159328134e-05
19,Unseen,4.204775676704643e-11,3.119514427365987e-05
19,Unseen,4.708734489758764e-11,3.240662107508337e-05
19,Unseen,4.301023957371523e-11,3.183744779623784e-05
19,Unseen,4.534869549157957e-11,3.2067967454168483e-05
19,Unseen,9.051756316534764e-11,4.040010338573961e-05
19,Unseen,6.689048484814975e-11,4.005520178789215e-05
19,Unseen,5.5937392689216996e-11,3.5575505218709544e-05
19,Unseen,9.392464290254499e-11,4.337559724650506e-05
19,Unseen,4.6800328394478354e-11,3.304364990550542e-05
19,Unseen,4.695705288545389e-11,3.2978099983652544e-05
19,Unseen,6.408642962575163e-11,3.7858532471984896e-05
19,Unseen,6.83470028015573e-11,3.710097908983614e-05
19,Unseen,6.375211784725432e-11,3.7510903929684554e-05
19,Unseen,1.0273554733313144e-10,4.68582940693923e-05
19,Unseen,1.542062372523418e-10,6.382273555265612e-05
19,Unseen,4.398500144842058e-11,3.125429409514154e-05
19,Unseen,6.929724291784721e-11,3.6712905821226434e-05
19,Unseen,8.782972696696418e-11,4.105403361643969e-05
19,Unseen,9.944465699847736e-11,4.349571574561389e-05
19,Unseen,9.676139184089694e-11,4.547929096427658e-05
19,Unseen,6.580178732489603e-11,3.752397525059476e-05
19,Unseen,6.157491038213084e-11,3.70038948426618e-05
19,Unseen,7.151960240155597e-11,4.161265881646961e-05
19,Unseen,7.351717635070772e-11,4.1346973835712896e-05
19,Unseen,3.812800245786209e-11,3.1034815586401266e-05
19,Unseen,4.632848948134661e-11,3.4957747130910366e-05
19,Unseen,6.179669773932844e-11,3.3203048814739394e-05
19,Unseen,6.012895485274903e-11,3.498756463763062e-05
19,Unseen,6.79500807321821e-11,3.8684054671318915e-05
19,Unseen,4.065231831332116e-11,3.1953982885422564e-05
19,Unseen,4.542378885869578e-11,3.462092746565851e-05
19,Unseen,4.945938463441717e-11,3.387470109921828e-05
19,Unseen,3.827159653041259e-11,3.0453862632673604e-05
19,Unseen,1.3627384733618292e-10,3.4312514914214477e-05
19,Unseen,3.9140172718910266e-11,2.9015375858922994e-05
19,Unseen,4.5360795757821356e-11,3.183120601398829e-05
19,Unseen,4.647114033778415e-11,3.170302532736596e-05
19,Seen,3.357125085955352e-11,2.7976589512753e-05
19,Unseen,3.777088269189163e-11,3.121528465794543e-05
19,Unseen,4.367840679539324e-11,3.213917531664734e-05
19,Unseen,4.461256205356927e-11,3.257270428833526e-05
19,Unseen,6.538809483694816e-11,3.420730436028649e-05
19,Unseen,6.548313072793846e-11,3.702760207118887e-05
19,Unseen,5.87107853284641e-11,3.490700514920692e-05
19,Unseen,6.995706977684228e-11,3.700353522227682e-05
19,Unseen,1.4175049796002142e-10,5.003596673969708e-05
19,Unseen,1.1117868593112233e-10,4.7610062190606614e-05
19,Unseen,9.547915173482849e-11,4.911619661711372e-05
19,Seen,9.356916011291658e-11,4.682712948135776e-05
19,Unseen,6.820226871388571e-11,4.1286935759958084e-05
19,Seen,4.394295375379697e-10,6.240004494344125e-05
19,Unseen,7.062459392065323e-11,3.7824446805555386e-05
19,Seen,7.955450180157099e-11,4.251748918720814e-05
19,Unseen,8.035872002374968e-11,4.1321401685628525e-05
19,Unseen,9.146308845200615e-11,4.2389445652630186e-05
19,Unseen,6.202699492887465e-11,3.760619080266685e-05
19,Seen,1.4341943212313154e-10,4.591730336153587e-05
19,Unseen,8.062683285713782e-11,3.737064102450938e-05
19,Unseen,4.0866507623414947e-10,7.748409933230607e-05
19,Unseen,9.291134512837148e-11,4.5711104708933964e-05
19,Unseen,9.815680998433673e-11,4.102300890664993e-05
19,Unseen,1.2360629503390033e-10,4.9168266944965665e-05
19,Unseen,1.1268719395246266e-10,4.856400103625495e-05
19,Unseen,1.45556814890158e-10,5.6185263605702376e-05
19,Unseen,8.194402658707812e-11,4.06380163899907e-05
19,Seen,5.776834729846938e-10,7.830745441434149e-05
19,Unseen,1.0457109132497106e-10,4.9035854974028614e-05
19,Unseen,1.6234278381370937e-10,5.7700702160331756e-05
19,Unseen,6.75715653513707e-11,3.794765517156326e-05
19,Unseen,6.302190136579037e-11,3.7559243202024265e-05
19,Seen,5.823501841500732e-11,3.48723636160731e-05
19,Seen,4.6523766382180275e-11,3.1365283582810516e-05
19,Unseen,5.146675047491395e-11,3.332956608714551e-05
19,Unseen,4.923269932835091e-11,3.3373653902356145e-05
19,Unseen,9.632480354743367e-11,4.958475242248157e-05
19,Seen,8.846321447348418e-11,4.4544803237477975e-05
19,Unseen,6.29309303329772e-11,3.9841114348986416e-05
19,Unseen,4.565407841876036e-11,3.422740407358777e-05
19,Seen,8.849357641150663e-11,4.4888481326871204e-05
19,Seen,7.552552358299926e-11,4.185415036290143e-05
19,Seen,1.0031193758372217e-10,4.633191113249412e-05
19,Unseen,3.4369176198197156e-11,2.8092506301158694e-05
19,Seen,7.406225253539403e-11,4.088803192628376e-05
19,Unseen,5.813473940320837e-11,3.710205400146434e-05
19,Unseen,4.959138398842463e-11,3.400029283138146e-05
19,Unseen,4.109877322880393e-11,3.0364265388930588e-05
19,Unseen,4.174143151027089e-11,3.08276797925378e-05
19,Unseen,7.211203413439119e-11,4.0584960699367534e-05
19,Unseen,1.246509238277473e-10,4.349975052300361e-05
19,Seen,5.934235397236873e-11,3.691560417672232e-05
19,Seen,5.172301150536472e-11,3.488954429065501e-05
19,Seen,6.607931046048175e-11,3.8164055214001105e-05
19,Unseen,7.708239134980237e-11,4.3340049454200075e-05
19,Unseen,9.991645550455e-11,4.586164718903193e-05
19,Unseen,1.2600138989922342e-10,5.264014509388052e-05
19,Seen,6.200261481862083e-11,3.8071076336590635e-05
19,Seen,9.853774848412897e-11,4.827838024361828e-05
19,Unseen,7.83652109275832e-11,4.520095195761742e-05
19,Unseen,7.457266107820907e-11,4.119601611236984e-05
19,Unseen,1.0569184499398468e-10,4.626055871198147e-05
19,Unseen,1.1869814698408544e-10,4.900294126914209e-05
19,Unseen,3.2218737037783053e-10,5.5424200720912944e-05
19,Unseen,7.192774898174123e-11,4.1574080171362806e-05
20,Unseen,2.911342680593217e-11,2.6973489080228144e-05
20,Seen,2.1457165319093705e-11,2.2824008740523276e-05
20,Seen,3.35449416923905e-11,2.6261881230936328e-05
20,Seen,3.9274177374814274e-11,2.9152411008334156e-05
20,Seen,2.6340523068493616e-11,2.4666846692988064e-05
20,Seen,3.46260144342618e-11,3.046870579731569e-05
20,Seen,3.407729794118398e-11,2.6481586018766183e-05
20,Seen,3.193934652012604e-11,2.5410838793370023e-05
20,Seen,4.692304985059211e-11,3.325321473461343e-05
20,Seen,3.217079304003546e-11,2.540809634913758e-05
20,Seen,3.296805562227912e-11,2.6898779258532836e-05
20,Seen,3.782022815179965e-11,2.683548797032992e-05
20,Seen,4.374078976479051e-11,2.877687020844725e-05
20,Unseen,3.47701257145549e-11,2.7757571942580548e-05
20,Unseen,3.2441034412978453e-11,2.593997502746211e-05
20,Unseen,2.735514318766808e-11,2.4711915907582173e-05
20,Seen,4.0142023382457226e-11,2.7726568571467382e-05
20,Seen,2.8032885740811732e-11,2.532700804063962e-05
20,Unseen,2.8047893048126216e-11,2.72529506231183e-05
20,Unseen,3.149422375145635e-11,2.6832319278041143e-05
20,Seen,4.250101245297752e-11,3.1206147914119686e-05
20,Seen,5.472014240876127e-11,3.0749339304972065e-05
20,Seen,3.770307547051322e-11,2.8864734087693468e-05
20,Seen,3.6516921863723966e-11,2.944743459975358e-05
20,Seen,4.061604628684992e-11,2.9612324254592012e-05
20,Seen,3.4156408585945235e-11,2.528204252610314e-05
20,Seen,2.9441199664866513e-11,2.5242756964143036e-05
20,Unseen,3.931158183918838e-11,3.0202254742309203e-05
20,Unseen,2.2328164377342288e-11,2.1837088975868927e-05
20,Seen,4.7263912850526044e-11,3.20042404803023e-05
20,Seen,3.4411818092324035e-11,2.7117830896059663e-05
20,Seen,4.5012301751022687e-11,2.918322045152314e-05
20,Unseen,3.4292439846517276e-11,2.746294815604703e-05
20,Seen,6.514167956642432e-11,3.3767372524534546e-05
20,Seen,4.4030525401013795e-11,3.0021740276276757e-05
20,Seen,3.463935129867016e-11,2.792670284533652e-05
20,Unseen,4.121773790010371e-11,2.9526982075484684e-05
20,Seen,5.684834878578433e-11,3.2397319276279394e-05
20,Seen,3.4192043365067675e-11,2.9142423397915757e-05
20,Seen,3.5867729960254646e-11,2.678695533225043e-05
20,Seen,5.338761369538804e-11,3.408151743875368e-05
20,Seen,4.620645912710699e-11,3.169838452615326e-05
20,Seen,3.5249858855129304e-11,3.083131807489224e-05
20,Seen,5.1881554398169894e-11,3.181707458787764e-05
20,Unseen,4.5986763689395154e-11,3.283778244013388e-05
20,Seen,4.52056652731435e-11,3.1157845582819774e-05
20,Seen,5.2006514451442835e-11,3.377136805605373e-05
20,Seen,5.867423702421874e-11,3.456377200007627e-05
20,Seen,3.787209555469348e-11,2.8597851250709022e-05
20,Seen,5.0699373583909344e-11,3.213456183890402e-05
20,Seen,4.275149152162626e-11,3.119508477679499e-05
20,Seen,3.5249308625693344e-11,2.9007725166021292e-05
20,Unseen,3.0617951776905434e-11,2.6118825930472713e-05
20,Unseen,4.2796406051867556e-11,2.9600261151025305e-05
20,Unseen,3.7112283316650175e-11,2.8261850052894166e-05
20,Unseen,4.1256980061016755e-11,2.86809020628696e-05
20,Seen,5.2577253355158906e-11,3.1695976827324554e-05
20,Unseen,3.522110074497857e-11,2.6472370037649217e-05
20,Unseen,1.0708693256930994e-10,4.083667320831957e-05
20,Unseen,5.8024698592692546e-11,3.383702565085941e-05
20,Unseen,3.78678778286747e-11,2.9212451805924617e-05
20,Unseen,5.472546511430603e-11,3.435776983535659e-05
20,Unseen,4.8473963613126725e-11,3.158428994081081e-05
20,Seen,4.5869437734458297e-11,3.012090188284749e-05
20,Seen,3.686046289393823e-11,2.9051165601644363e-05
20,Unseen,3.3936449090739406e-11,2.710956676414452e-05
20,Unseen,3.643604331530087e-11,2.899287868904262e-05
20,Unseen,4.175672047352427e-11,2.949403036714712e-05
20,Unseen,3.976651102879934e-11,3.1149693096976414e-05
20,Seen,9.599049569211394e-11,3.781670311350488e-05
20,Unseen,5.0588407696272483e-11,3.311300859511121e-05
20,Seen,4.322699985696027e-11,2.9796628403623083e-05
20,Unseen,3.6292974902274126e-11,2.7520392371144403e-05
20,Unseen,3.9808133528923586e-11,3.1870817266234734e-05
20,Seen,3.6945957541526485e-11,2.8983319834350705e-05
20,Seen,4.537731381327155e-11,3.184984501050128e-05
20,Unseen,3.426507397371639e-10,4.4148280674772234e-05
20,Unseen,4.282842743716627e-11,2.8764891356795795e-05
20,Unseen,3.7350604176263166e-11,2.878431350349583e-05
20,Unseen,4.0622279067219574e-11,2.75384093415449e-05
20,Unseen,3.0084779237339786e-11,2.6973756563253527e-05
20,Seen,3.2716189109058234e-11,2.6103565090840282e-05
20,Seen,6.480024026060528e-11,3.7094700041359056e-05
20,Seen,5.5952965446533715e-11,3.490041778300715e-05
20,Seen,3.790463406860663e-11,2.8225756225978937e-05
20,Seen,4.506864373006365e-11,3.107681027275934e-05
20,Seen,6.24848212763871e-11,3.815840845653825e-05
20,Seen,4.645733430160963e-11,3.081115532817519e-05
20,Unseen,4.160737961164738e-11,3.111333749040064e-05
20,Seen,6.560411499132788e-11,3.708579731809647e-05
20,Seen,4.93243776376228e-11,3.347550000957622e-05
20,Seen,5.3765814804599e-11,3.375655106024971e-05
20,Seen,6.396396373127275e-11,3.576727770137988e-05
20,Unseen,4.646482410208278e-11,3.204933913083257e-05
20,Seen,4.778506907695722e-11,3.132533565274657e-05
20,Seen,4.319540629283964e-11,3.085413686475072e-05
20,Seen,4.396764595660773e-11,2.844404588561863e-05
20,Unseen,5.179946725289e-11,3.328681611145322e-05
20,Unseen,6.179629698373938e-11,3.608451098427971e-05
20,Seen,6.214766819702731e-11,3.486292015933329e-05
20,Seen,5.536268607419193e-11,3.4349397162366355e-05
20,Seen,5.029163242965504e-11,3.307990085396427e-05
20,Unseen,3.809715105577196e-11,2.8514739879317083e-05
20,Seen,6.921705286063323e-11,3.650533442657799e-05
20,Seen,5.905132310829334e-11,3.480200266421368e-05
20,Unseen,5.126490023639197e-11,3.213008165446586e-05
20,Seen,5.732154114021848e-11,3.481984825208436e-05
20,Seen,4.72169573875637e-11,3.194397358125785e-05
20,Unseen,3.5516948183903046e-11,2.75129967762654e-05
20,Unseen,3.683872446513607e-11,2.821560008021405e-05
20,Unseen,4.813039048357687e-11,3.362136614970423e-05
20,Unseen,5.1220533625949195e-11,3.531972227618664e-05
20,Unseen,4.090354274375466e-11,2.9843178248487112e-05
20,Unseen,4.56949010752704e-11,3.1392001802260097e-05
20,Seen,6.409959332800668e-11,3.719749712643539e-05
20,Unseen,4.467699657039546e-11,3.1232694386814855e-05
20,Unseen,5.662779669893808e-11,3.515457959323982e-05
20,Seen,4.137552833542353e-11,3.0245498275620633e-05
20,Seen,5.1473564677691376e-11,3.322835409707649e-05
20,Unseen,3.683713178784203e-11,2.8501289268640834e-05
20,Seen,8.371387024750631e-11,4.044541877872784e-05
20,Seen,5.553248748931249e-11,3.396116501018257e-05
20,Seen,7.115595611682791e-11,3.6144767192329804e-05
20,Seen,4.752737950649032e-11,3.306627327902539e-05
20,Seen,6.301479094663492e-11,3.709715486205679e-05
20,Seen,8.00101076759352e-11,3.9681639649522804e-05
20,Seen,6.873050990572076e-11,3.74354811349621e-05
20,Seen,5.0183140621664944e-11,3.368160611009671e-05
20,Seen,6.242886902122447e-11,3.3901607200893725e-05
20,Unseen,3.7581795197453e-11,2.9181335789494697e-05
20,Seen,7.107783114203885e-11,3.6873480709576065e-05
20,Seen,4.588992900402243e-11,3.180298463824448e-05
20,Seen,4.369888617049582e-11,2.9883263702161797e-05
20,Seen,5.053845459766233e-11,3.266762219787359e-05
20,Seen,6.527971481628424e-11,3.513876520243311e-05
20,Seen,5.1699423695753255e-11,3.238756623580519e-05
20,Unseen,5.8006483178906385e-11,3.1764093203143584e-05
20,Seen,5.3182862241336595e-11,3.254079981915271e-05
20,Seen,6.189822393194217e-11,3.661468506728341e-05
20,Seen,5.445938637751802e-11,3.406475284867894e-05
20,Unseen,2.977686566210818e-11,2.7455575895178446e-05
20,Unseen,5.0963772880493195e-11,3.2845590246276336e-05
20,Unseen,4.1571033481135575e-11,2.9061627380900613e-05
20,Seen,5.4655799106453175e-11,3.3891454418744656e-05
20,Unseen,2.5561363105553062e-11,2.436506550800758e-05
20,Seen,5.013479806168593e-11,3.124140867023343e-05
20,Seen,3.531782586490253e-11,2.8216714050183665e-05
20,Seen,3.7128585257693e-11,2.7541671619138206e-05
20,Seen,6.321569611911136e-11,3.3419543400854424e-05
20,Unseen,5.5210053137498706e-11,3.2250772594154e-05
20,Seen,3.768781022798661e-11,2.9036374232415315e-05
20,Unseen,4.255960901137568e-11,2.814598070751621e-05
20,Seen,1.5349024072418552e-10,4.806841060234213e-05
20,Seen,2.1586840921249265e-10,4.516468676679545e-05
20,Seen,4.7176929881673523e-11,3.159711472895105e-05
20,Seen,3.831713294464109e-11,3.0373517757766808e-05
20,Seen,4.595729381358237e-11,3.0354118854110592e-05
20,Unseen,3.188015607027582e-11,2.9573080900334137e-05
20,Unseen,3.686103080244085e-11,2.7619081889649e-05
20,Seen,3.559112048284278e-11,2.7969371130145993e-05
20,Seen,3.7210250347517654e-11,2.7858483018588407e-05
20,Seen,4.4455000726880294e-11,3.168897876898587e-05
20,Seen,3.003762719094232e-11,2.5226862089372764e-05
20,Seen,4.6848940745743544e-11,2.904973101376193e-05
20,Seen,4.795879172279744e-11,3.00214257151645e-05
20,Seen,4.1524535304169016e-11,2.843458884262135e-05
20,Seen,3.1840183983821426e-11,2.440576339477906e-05
20,Seen,4.097638733471492e-11,2.993973810430027e-05
20,Seen,4.960908658271546e-11,3.044578759097794e-05
20,Seen,2.814645421171113e-11,2.5140524209918817e-05
20,Seen,4.9774648719086616e-11,3.241359318600176e-05
20,Seen,4.2438850215187966e-11,3.0890328984313604e-05
20,Seen,4.226903332147291e-11,3.098512435730391e-05
20,Seen,3.9800663862353336e-11,3.1422056925947895e-05
20,Unseen,3.2147270523358377e-11,2.709242782712145e-05
20,Seen,4.659740164695055e-11,3.432852032774395e-05
20,Unseen,2.5680199432620127e-11,2.4174040867764945e-05
20,Seen,4.666506001273238e-11,3.2606714936856e-05
20,Seen,3.969154476106621e-11,3.090109109664444e-05
20,Unseen,3.94891282503078e-11,2.8031015989998682e-05
20,Seen,5.042501458459325e-11,3.551853683509766e-05
20,Unseen,5.651083397726276e-11,3.643481044464278e-05
20,Unseen,3.849929197957472e-11,3.280735682447654e-05
20,Seen,4.3467243864430654e-11,3.260556198446985e-05
20,Unseen,3.0295177533130186e-11,2.613269265162103e-05
20,Unseen,4.018408990748633e-11,2.7550115036576214e-05
20,Unseen,2.9192450935604116e-11,2.526645564968754e-05
20,Unseen,7.687786296654772e-11,3.8317965212183636e-05
20,Seen,4.667628480436596e-11,3.183175381635918e-05
20,Seen,5.921211443053612e-11,3.747152073145103e-05
20,Unseen,4.398485346867639e-11,3.174969138580674e-05
20,Unseen,4.3693693302307035e-11,3.0876254764383486e-05
20,Unseen,3.113821850074247e-11,2.5873530572893933e-05
20,Seen,4.057620778525252e-11,2.9390966301510597e-05
20,Unseen,3.943701895273393e-10,4.350458137585259e-05
20,Seen,1.0028699755642475e-10,4.160764298050787e-05
20,Unseen,3.8770292827700986e-11,2.747249377688755e-05
20,Unseen,3.5037541685036206e-10,4.188878794435967e-05
20,Seen,2.9519376847788415e-11,2.623325841595176e-05
20,Seen,1.0051203427071363e-10,4.024105267288088e-05
20,Unseen,5.567914763655073e-11,3.0192947863700396e-05
20,Seen,3.077938840835926e-11,2.6456901356140437e-05
20,Seen,4.852196447453659e-11,3.1984247755197255e-05
20,Seen,4.15756924285668e-11,2.90495959620077e-05
20,Unseen,3.4933970861527006e-11,2.898436742018163e-05
20,Seen,5.4742119014228196e-11,3.339663760107329e-05
20,Seen,4.327007029429166e-11,3.0408921185700166e-05
20,Seen,3.7871293330079455e-11,3.0118955564079105e-05
20,Seen,3.5620929925689773e-11,2.7805534037262863e-05
20,Unseen,2.8491712025459152e-11,2.3091030484957013e-05
20,Seen,4.137470149555554e-11,2.980908009044362e-05
20,Seen,4.732586382960604e-11,3.0916241928275624e-05
20,Seen,5.3324775497012434e-11,3.554400363581735e-05
20,Unseen,4.98891589455238e-11,3.2140821989694166e-05
20,Seen,6.797929728539442e-11,3.578151292755773e-05
20,Seen,7.382063881436109e-11,4.048755893090563e-05
20,Seen,5.410244893477372e-11,3.4047236303518665e-05
20,Unseen,3.830049683967734e-11,2.833121660770961e-05
20,Seen,5.478017359973314e-11,3.438796204966839e-05
20,Unseen,2.795074327263077e-11,2.515980733335724e-05
20,Seen,3.4913716295558527e-11,2.8754010848912287e-05
20,Seen,4.634879760062726e-11,3.025574172641246e-05
20,Seen,5.92808053909154e-11,3.657379603640334e-05
20,Unseen,2.8952905920045182e-11,2.4504069608966728e-05
20,Seen,3.5626694813915196e-11,2.8212441587646197e-05
20,Seen,4.317834081399083e-11,3.0456913953679446e-05
20,Unseen,7.639661661665679e-11,3.48738975515831e-05
20,Seen,7.243139967773108e-11,3.871444760417669e-05
20,Unseen,4.4195750480840306e-11,3.2537870808845216e-05
20,Seen,4.342918640738042e-11,2.9406733422985656e-05
20,Unseen,7.46157695875686e-11,3.970796634974813e-05
20,Unseen,3.536340821875856e-11,2.761348511440001e-05
20,Seen,3.107689658248406e-11,2.67835854523467e-05
20,Seen,4.539626966960684e-11,3.0824594986149015e-05
20,Unseen,4.021296524920626e-11,2.7922284030054875e-05
20,Unseen,3.723246274555092e-11,2.6517081332647482e-05
20,Seen,3.972374232450263e-11,3.141940343273669e-05
20,Unseen,2.150428606318009e-10,4.641313022376199e-05
20,Unseen,3.989817997879735e-11,3.113636266416274e-05
20,Unseen,1.61631994016844e-10,3.79028302189761e-05
20,Unseen,4.2923323560462154e-11,3.0062330194610648e-05
20,Seen,3.3968538793221445e-11,2.611545732830966e-05
20,Seen,4.2471351620348955e-11,2.980874053786629e-05
20,Seen,5.005584247907479e-11,3.1829133482268786e-05
20,Seen,4.970366406336453e-11,3.4256973510059063e-05
20,Seen,7.487278413028194e-11,3.714895146302934e-05
20,Unseen,3.0776042888724846e-11,2.6164287960028105e-05
20,Unseen,6.823559155134158e-11,3.316585697354157e-05
20,Unseen,4.1153810806069073e-11,3.1519336341630444e-05
20,Unseen,4.5176312952415954e-11,3.081228691988175e-05
20,Unseen,4.050885919351854e-11,3.2068227799179895e-05
20,Unseen,5.178716257206414e-11,3.262096629062627e-05
20,Unseen,4.420456602069732e-11,3.042537979166813e-05
20,Unseen,4.8482269341533655e-11,3.1764669355089025e-05
20,Unseen,6.743801713270023e-11,3.765907421398697e-05
20,Seen,6.006153792014129e-11,3.396654923657026e-05
20,Unseen,4.449367892302331e-11,3.1432568183878426e-05
20,Seen,5.957084071706033e-11,3.577127310540256e-05
20,Seen,7.816972498963817e-11,4.174684236816022e-05
20,Seen,4.2103230277715227e-11,3.240268018656345e-05
20,Unseen,3.512525025124777e-11,2.6772630628680576e-05
20,Seen,3.4167644048200926e-11,2.8033389816030523e-05
20,Unseen,2.6770509954130898e-11,2.4403735077466442e-05
20,Unseen,4.596961912037297e-11,3.231892973675875e-05
20,Unseen,3.8553953119443975e-11,2.997198130736063e-05
20,Seen,3.978858953409855e-11,2.902642272253567e-05
20,Unseen,3.036400314348975e-11,2.6314101895692122e-05
20,Unseen,3.653319995430548e-11,2.8983399857034768e-05
20,Unseen,3.8777500928054266e-11,2.9601520759257236e-05
20,Seen,4.6846819921269154e-11,3.076563193519344e-05
20,Seen,5.777833070346604e-11,3.478636004558907e-05
20,Seen,3.312236485202573e-11,2.6608939061246833e-05
20,Seen,6.940198311029858e-11,3.858026933624954e-05
20,Seen,4.061993941803884e-11,2.85122173649554e-05
20,Seen,4.594725790476517e-11,3.145449652950525e-05
20,Seen,1.7403312210893612e-10,5.5132824541099576e-05
20,Unseen,2.024194866536223e-11,2.1584923289699204e-05
20,Seen,3.763188232763763e-11,2.7214193472867573e-05
20,Seen,1.5994503818586264e-11,1.932035336849383e-05
20,Unseen,1.3090867632922494e-10,5.117501870908427e-05
20,Seen,5.929437021507019e-11,3.067551197151122e-05
20,Seen,3.736251737598551e-11,2.7525309933081585e-05
20,Seen,2.1209046040962913e-11,2.317556223786096e-05
20,Unseen,3.833571994964074e-11,2.8240934665618774e-05
20,Seen,2.6474205372001682e-11,2.3080165910197946e-05
20,Seen,4.13666348093989e-11,3.144463512702407e-05
20,Seen,6.291382944498167e-10,5.53099871798927e-05
20,Seen,2.6323081726336773e-11,2.6371499315630277e-05
20,Unseen,2.909441639801905e-11,2.3410579231375664e-05
20,Seen,4.084202950384791e-11,2.8034401316767323e-05
20,Seen,4.9478604702378156e-11,3.0231962883524655e-05
20,Seen,2.951662317579675e-11,2.5876209615546516e-05
20,Seen,3.6640147632632925e-11,2.6945660332498483e-05
20,Seen,6.390749348517342e-10,4.7234844067199804e-05
20,Unseen,3.852260132077443e-11,2.5083437073379036e-05
20,Seen,3.597384360156779e-11,2.7217878346959836e-05
20,Unseen,2.8187961896988398e-11,2.350341989209217e-05
20,Unseen,3.119321918326487e-11,2.3758228836386216e-05
20,Seen,3.828945608576218e-11,3.111560161213078e-05
20,Seen,3.6730659712333374e-11,2.881424800545593e-05
20,Unseen,3.706729719596442e-11,2.8920082300969118e-05
20,Seen,6.93181388392314e-11,3.801163175065045e-05
20,Unseen,3.435661051341064e-11,2.8976056951163547e-05
20,Unseen,5.182644461202415e-11,3.389207836948146e-05
20,Seen,7.106382878147831e-11,3.746782323806923e-05
20,Unseen,4.195748211724507e-11,3.052805745692207e-05
20,Seen,4.6493073559114565e-11,3.2163763457967415e-05
20,Unseen,3.599614123650405e-11,2.7482301814199662e-05
20,Unseen,3.1579095115701756e-11,2.5314336865023837e-05
20,Unseen,3.756180543635127e-11,2.8861187277102382e-05
20,Unseen,3.2948024644262625e-11,2.6494405982810894e-05
20,Unseen,3.7836803704143854e-11,2.884967127306413e-05
20,Unseen,4.500411067854752e-11,3.19916145895851e-05
20,Seen,4.3047612821821394e-11,3.119774458466488e-05
20,Unseen,4.0779837211722535e-11,3.038826262904497e-05
20,Seen,7.660891835285412e-11,3.6780272602749425e-05
20,Seen,3.2501004654808033e-11,2.759453387033506e-05
20,Unseen,6.648097963438839e-11,3.056629007578036e-05
20,Unseen,3.672292532054626e-11,2.8724199918290206e-05
20,Unseen,3.121968060418004e-11,2.6047700389912767e-05
20,Seen,2.6780889473392084e-11,2.4992994246985852e-05
20,Unseen,3.145792872289191e-11,2.5486626685097272e-05
20,Seen,9.36755921538383e-11,3.895351055622972e-05
20,Unseen,4.0382738009848126e-11,3.188890153187259e-05
20,Seen,6.389457628714968e-11,3.561841711228543e-05
20,Unseen,3.772316650767124e-11,2.8879650127335964e-05
20,Unseen,6.756127474425231e-11,3.578341354849642e-05
20,Unseen,2.7031318870986063e-11,2.670003417232768e-05
20,Seen,3.7659382282375254e-11,2.8060579418375932e-05
20,Seen,4.824228418124401e-11,3.140700518990589e-05
20,Seen,3.7616597070174146e-10,5.524769194887444e-05
20,Seen,2.075160134104737e-10,4.2240154302962404e-05
20,Unseen,3.0170605062448076e-11,2.550902906275389e-05
20,Unseen,3.12154803640092e-11,2.6356548315441526e-05
20,Unseen,3.9507516383813926e-11,2.9154720434302234e-05
20,Unseen,4.871854229690637e-11,3.125233829005968e-05
20,Unseen,3.765689639280714e-11,2.925463334486677e-05
20,Unseen,3.4853835645034025e-11,2.9068848811963533e-05
20,Unseen,3.1055026366987175e-11,2.5967180545383288e-05
20,Seen,4.940449211135091e-11,3.270931528765233e-05
20,Unseen,6.777429547382206e-11,3.976696702578378e-05
20,Unseen,4.206068702320983e-11,3.1015410468364505e-05
20,Unseen,4.280235937985202e-11,3.035573256510109e-05
20,Seen,3.803240965084349e-11,2.9864770548048803e-05
20,Unseen,3.3952533887974663e-11,2.8572498483442238e-05
20,Seen,1.1436593137321177e-10,4.5977449018560605e-05
20,Seen,6.548421970597672e-11,4.0072328032028676e-05
20,Unseen,5.211913378881463e-11,3.62530310527711e-05
20,Seen,5.6619302611722886e-11,3.55758554374803e-05
20,Seen,3.0570355679595295e-11,2.661385300851466e-05
20,Seen,2.4960125611449274e-11,2.3396690528539477e-05
20,Seen,3.95314197128943e-11,2.9344298177518882e-05
20,Seen,6.580510186458108e-11,3.711618824610742e-05
20,Seen,3.34715800193002e-11,2.7673251299546396e-05
20,Unseen,4.0463384568558345e-11,3.1151401846096e-05
20,Seen,4.2404158293130255e-11,3.019775321527733e-05
20,Seen,5.000910003196115e-11,3.416930630850731e-05
20,Seen,5.919903286510669e-11,3.373143187393382e-05
20,Seen,3.514819957733964e-11,2.999476611796626e-05
20,Unseen,4.9632772336279575e-11,3.2633641687236114e-05
20,Seen,4.6135871193579685e-11,3.304759471991511e-05
20,Seen,4.6194185432616775e-11,3.00734877409533e-05
20,Seen,4.008161695254437e-11,2.9079098290905035e-05
20,Unseen,3.1618291781727896e-11,2.7426109918544886e-05
20,Seen,1.0407236734056758e-10,4.3140228091151276e-05
20,Seen,7.542619843673201e-11,4.001637853580364e-05
20,Seen,7.391905532059226e-11,3.708957719786171e-05
20,Seen,4.3591623768238625e-11,3.116691947229788e-05
20,Seen,5.4260793080247694e-11,3.4229007590766605e-05
20,Seen,4.042347808914254e-11,2.8782542482402955e-05
20,Seen,3.636411596881961e-11,2.9253322175238662e-05
20,Seen,3.1481060948954416e-11,2.7522079301841476e-05
20,Unseen,3.807111769421466e-11,2.9530546356500142e-05
20,Seen,4.076803474493956e-11,2.9025485560860343e-05
20,Seen,5.307180446430013e-11,3.404912443803636e-05
20,Seen,1.520231209825219e-10,4.6962401726924094e-05
20,Seen,5.381613945053512e-11,3.337050213384151e-05
20,Seen,4.9102272762463026e-11,3.246552348336183e-05
20,Seen,4.2663721553851536e-11,3.308169840006172e-05
20,Seen,4.782168349274841e-11,3.21792013759289e-05
20,Unseen,3.877178490478854e-11,2.8084514974173884e-05
20,Unseen,4.647770667953145e-11,3.15415157522417e-05
20,Seen,5.407742191030011e-11,3.299825694718514e-05
20,Seen,6.351206751435252e-11,3.7077611999081076e-05
20,Seen,6.037640241322408e-11,3.499203630343951e-05
20,Unseen,5.831046952708323e-11,3.631098276701628e-05
20,Unseen,3.663689912569197e-11,2.9272157649407418e-05
20,Seen,5.106535863021999e-11,3.514000170657811e-05
20,Unseen,1.7492568116352486e-10,4.5244844221830324e-05
20,Unseen,5.775020659373514e-11,3.5042772960014795e-05
20,Seen,4.843321578420262e-11,3.201542592474399e-05
20,Seen,7.580206525179743e-11,4.157168732735501e-05
20,Seen,9.142507629281164e-11,4.4216140556932506e-05
20,Unseen,4.2942636946189484e-11,3.1388844268064895e-05
20,Seen,6.767575919475105e-11,3.896929179937595e-05
20,Seen,5.437709743606304e-11,3.5871069661791156e-05
20,Unseen,9.223189614280575e-11,4.546181089314642e-05
20,Unseen,4.173325863131703e-11,2.9375826349342976e-05
20,Unseen,2.917271523960348e-11,2.608855769564965e-05
21,Unseen,4.403830529991595e-11,3.227899371049525e-05
21,Unseen,5.8187063103746006e-11,3.538492667389804e-05
21,Unseen,5.629298183094735e-11,3.547990041258297e-05
21,Seen,1.005000337527951e-10,4.0244911402612976e-05
21,Unseen,3.816375784627342e-11,2.926623342014052e-05
21,Unseen,3.930678948926321e-11,2.8653609663954837e-05
21,Unseen,4.474669759016606e-11,3.2114422653255796e-05
21,Seen,5.221892515726104e-11,3.269909991760904e-05
21,Seen,5.0753983772649485e-11,3.287566652435723e-05
21,Unseen,5.189455833554279e-11,3.5208486392913887e-05
21,Seen,6.918809144126084e-11,3.526664204893146e-05
21,Seen,5.664173929787593e-11,3.445552983476907e-05
21,Seen,1.025413324780889e-10,3.8815304883550826e-05
21,Unseen,7.035492761722712e-11,3.69461094870109e-05
21,Seen,4.656834235579687e-11,3.173092105571026e-05
21,Unseen,8.472928463388445e-11,4.030920507573118e-05
21,Seen,5.774458731773669e-11,3.423836001141584e-05
21,Seen,5.7390508664364634e-11,3.3781650257189796e-05
21,Seen,4.893179863499487e-11,3.265201690564341e-05
21,Seen,8.338276297905321e-11,3.814047679706194e-05
21,Seen,7.342341262065125e-11,3.6470798601303246e-05
21,Seen,4.966927767906339e-11,3.313431023091942e-05
21,Seen,6.850383556729928e-11,3.6490114001907155e-05
21,Seen,4.9920722995927684e-11,3.25197572247399e-05
21,Unseen,3.594384823451343e-11,2.869652789063341e-05
21,Unseen,5.3065761935494433e-11,3.1194950878239544e-05
21,Unseen,5.8373801931308e-11,3.407012427670892e-05
21,Seen,5.714773280167778e-11,3.406253087958758e-05
21,Seen,7.72015555123716e-11,3.850468854631002e-05
21,Unseen,6.00296307448275e-11,3.60687798559473e-05
21,Unseen,3.692989384964599e-11,2.8120894101393842e-05
21,Seen,6.096109308751923e-11,3.416065436658523e-05
21,Seen,5.799514794039182e-11,3.6761636956243096e-05
21,Seen,6.337277309147383e-11,3.8075352140539476e-05
21,Seen,4.9360128072205844e-11,3.3546005637743914e-05
21,Unseen,3.913359250003715e-11,2.9804529198356202e-05
21,Unseen,4.64707781956529e-11,3.1487159314989734e-05
21,Unseen,4.079877704175839e-11,2.9228733543073257e-05
21,Seen,4.1429102097563883e-11,3.118156614099967e-05
21,Seen,5.0128712393930535e-11,3.362375764044937e-05
21,Unseen,4.255223297046239e-11,2.9004626833607676e-05
21,Unseen,8.262257146157313e-11,3.7548175754171444e-05
21,Unseen,3.8021878694086464e-11,2.895034948448317e-05
21,Seen,7.281534683821305e-11,3.758706511257443e-05
21,Seen,5.721358156927504e-11,3.426613368029438e-05
21,Seen,4.396000561836233e-11,3.0876281292611295e-05
21,Unseen,4.2453942813854255e-11,2.9953793690310817e-05
21,Seen,7.384485460856737e-11,3.4979016113286187e-05
21,Seen,4.1692964683860965e-11,2.9715204888920235e-05
21,Unseen,3.547017017351769e-11,2.7589191996426207e-05
21,Unseen,3.0230930708806966e-11,2.7288258647489274e-05
21,Seen,4.478540151841217e-11,3.079151458369225e-05
21,Seen,3.778818628777949e-11,2.9652747499529868e-05
21,Seen,5.884457612677014e-11,3.286959151327492e-05
21,Unseen,3.7196699507860874e-11,2.7196080085020933e-05
21,Seen,3.638456167775003e-11,2.9480198975425402e-05
21,Seen,4.298013472452497e-11,2.845612893343599e-05
21,Unseen,3.6609852687189886e-11,2.9634047972257356e-05
21,Seen,6.428812993404399e-11,3.374213303433688e-05
21,Unseen,3.1568300355384374e-11,2.5941572496435635e-05
21,Unseen,3.0723540587517e-11,2.620422213013848e-05
21,Seen,5.5711283185126464e-11,3.303576549258264e-05
21,Seen,7.354339665006685e-11,3.639268295562624e-05
21,Unseen,7.710131349471643e-11,3.3921160507123024e-05
21,Seen,4.971368554385768e-11,3.066439962912835e-05
21,Seen,4.5431528034523225e-11,3.0082935304279424e-05
21,Unseen,3.637583183858349e-11,2.7034427126818434e-05
21,Unseen,4.5239433140314866e-11,2.964128805290831e-05
21,Seen,4.2150761764690734e-11,3.0831461825776416e-05
21,Seen,3.623847468750013e-11,2.789070330137527e-05
21,Unseen,4.348012980000219e-11,3.034240438581511e-05
21,Unseen,6.388055386935799e-11,3.792831682588491e-05
21,Seen,4.328366482746803e-11,3.0444204459631776e-05
21,Unseen,4.4953809686321595e-11,2.911719101027656e-05
21,Unseen,4.014053654109894e-11,2.900609661339238e-05
21,Seen,7.669292565018345e-11,3.766975360830019e-05
21,Unseen,1.1259636667640425e-10,4.288818755355169e-05
21,Unseen,5.521048054602285e-11,3.147094462238306e-05
21,Unseen,5.412440843671781e-11,3.2810269836120644e-05
21,Unseen,1.8105611190566028e-10,4.111633135709786e-05
21,Unseen,5.3770805683924606e-11,3.4193668914228705e-05
21,Seen,4.4994263582133536e-11,3.188777135122292e-05
21,Seen,5.95512377196311e-11,3.6812005412920965e-05
21,Seen,6.383550535906385e-11,3.5611459130111434e-05
21,Seen,5.621881046693903e-11,3.4375520853764255e-05
21,Seen,5.813056749327453e-11,3.544794871525445e-05
21,Unseen,6.237707654757596e-11,3.5283353320394833e-05
21,Unseen,5.4619264727409075e-11,3.4237244707030475e-05
21,Unseen,4.840547184730484e-11,3.309404278994186e-05
21,Seen,5.994811214870613e-11,3.6142560923932445e-05
21,Seen,7.931423771717715e-11,3.993928390663363e-05
21,Seen,4.188571313517777e-11,3.108515876152367e-05
21,Seen,5.7952054314230554e-11,3.543451918394175e-05
21,Seen,8.318557676734375e-11,3.9490232795868706e-05
21,Seen,8.565490530960116e-11,3.908801753147267e-05
21,Seen,4.854376306890351e-11,3.190979345083646e-05
21,Unseen,5.592515707472334e-11,3.424751605341439e-05
21,Unseen,5.7046551317868163e-11,3.3365019503381044e-05
21,Unseen,5.065964078746557e-11,3.285227559390333e-05
21,Unseen,5.164632264936274e-11,3.399065091548785e-05
21,Seen,4.995014183394501e-11,3.214797888671818e-05
21,Unseen,3.560675681946897e-11,2.8635470036538218e-05
21,Unseen,4.126378786423394e-11,2.9545103060117846e-05
21,Unseen,5.903575387350577e-11,3.5567834036002344e-05
21,Unseen,6.321438686476198e-11,3.702610997235191e-05
21,Unseen,5.6990566537447024e-11,3.8445139434718575e-05
21,Unseen,4.8827582384710194e-11,3.3552883882578924e-05
21,Unseen,4.575581581823921e-11,3.301872011436203e-05
21,Seen,6.311416889418612e-11,3.4612331915873245e-05
21,Unseen,4.044544882900617e-11,3.0490555154555994e-05
21,Seen,5.3752618228847356e-11,3.3247915533357224e-05
21,Unseen,5.991873872079962e-11,3.359742584036359e-05
21,Unseen,4.983759426128223e-11,3.372677925691029e-05
21,Unseen,3.924207441018287e-11,2.965553811022529e-05
21,Unseen,6.822688748746395e-11,3.9013185536245195e-05
21,Seen,5.1838796878190025e-11,3.503560177117268e-05
21,Seen,4.392588787052714e-11,3.2363705090337836e-05
21,Seen,4.5531422837597347e-11,3.222237873138811e-05
21,Unseen,4.3311301707647364e-11,3.204499250830176e-05
21,Unseen,7.570386328195933e-11,3.6982695393158746e-05
21,Unseen,3.8588588815231044e-11,2.9141189165093367e-05
21,Unseen,4.2636459521638944e-11,3.1679203177387125e-05
21,Unseen,1.5104657113844367e-10,4.147030477066895e-05
21,Unseen,3.945213102528302e-11,2.9819762662141824e-05
21,Unseen,5.162121675311949e-11,3.211063965412365e-05
21,Unseen,4.815380647363977e-11,3.299113082173432e-05
21,Unseen,1.6904809717830455e-10,4.857019003029295e-05
21,Seen,4.5934134171459385e-11,3.080954279142398e-05
21,Unseen,3.6882281543745493e-11,2.828164856070092e-05
21,Unseen,4.945644302016071e-11,3.174693241286924e-05
21,Unseen,5.196970467582172e-11,3.43650243582107e-05
21,Seen,4.025002410688209e-11,2.8746145455890448e-05
21,Unseen,3.987069177950434e-11,2.8728233462034776e-05
21,Unseen,4.042639131679254e-11,2.9556661653183915e-05
21,Unseen,4.5494274178265714e-11,3.1749637893857436e-05
21,Unseen,3.820243839864989e-11,2.9329469924596604e-05
21,Unseen,4.0865768446356594e-11,2.9192195968489206e-05
21,Unseen,4.875153203852061e-11,3.3127299409768066e-05
21,Seen,4.1983169310743484e-11,3.0078091731666868e-05
21,Seen,5.6535454324986356e-11,3.476505683398127e-05
21,Unseen,6.282217739500616e-11,3.625896092554932e-05
21,Unseen,4.782663287353983e-11,3.104895554260155e-05
21,Unseen,4.377678923125721e-11,3.013787154783776e-05
21,Unseen,7.281238471482524e-11,3.8487540248321176e-05
21,Unseen,4.28138463770671e-11,3.0343398707023723e-05
21,Seen,5.00132939606298e-11,3.233834989060952e-05
21,Unseen,4.294031095153012e-11,2.9706495954624963e-05
21,Seen,4.303384353800052e-11,3.0473622477521373e-05
21,Unseen,5.437711936751633e-11,3.449721016276479e-05
21,Seen,5.717301460203235e-11,3.3391560243030827e-05
21,Unseen,5.372528755022264e-11,3.3757328277730414e-05
21,Unseen,6.256291249723358e-11,3.557906477537043e-05
21,Unseen,4.353457184881385e-11,3.0017438985560374e-05
21,Unseen,1.0998313774193288e-10,4.4309687665522865e-05
21,Unseen,4.9858627221477756e-11,3.134765794970106e-05
21,Unseen,4.693204851121829e-11,3.144547013749159e-05
21,Unseen,5.299107753612588e-11,3.194538128886453e-05
21,Seen,4.1468447010059895e-11,2.995486543646207e-05
21,Unseen,5.820055414786307e-11,3.275390614106544e-05
21,Unseen,1.2643902634880927e-10,4.0258716227965384e-05
21,Unseen,4.889051757653275e-11,3.27434418992642e-05
21,Unseen,4.130562628454565e-11,2.9913632611954974e-05
21,Unseen,7.035934886907318e-11,3.745937552693551e-05
21,Unseen,5.637278106652701e-11,3.4483029295942295e-05
21,Unseen,3.980486589134479e-11,2.9468568932741264e-05
21,Unseen,6.123076942798913e-11,3.6096353225657445e-05
21,Unseen,1.483573070409351e-10,4.263766510115669e-05
21,Unseen,5.6326329520466734e-11,3.3530314950069374e-05
21,Unseen,5.871023684001944e-11,3.563445822770322e-05
21,Unseen,4.833503832722282e-11,3.313599756040123e-05
21,Seen,5.943204267728853e-11,3.5410010222969235e-05
21,Unseen,5.2358329071943645e-11,3.378442685831069e-05
21,Unseen,4.418247627703562e-11,3.09254031399712e-05
21,Unseen,5.063174873985064e-11,3.272960080777979e-05
21,Unseen,4.894848884864095e-11,3.391440456439109e-05
21,Unseen,5.478687886085961e-11,3.358826264602562e-05
21,Unseen,4.8702025225108554e-11,3.2423826124777844e-05
21,Unseen,5.838389068918893e-11,3.5581532388695666e-05
21,Unseen,5.4905762304373615e-11,3.352559450060409e-05
21,Seen,4.657077556429722e-11,3.22230679316879e-05
21,Seen,4.9083217730236004e-11,3.317408217747689e-05
21,Unseen,4.92302265886574e-11,3.2119342687765767e-05
21,Unseen,4.6847933744351736e-11,3.255161284413545e-05
21,Unseen,5.1562262744310345e-11,3.247418486306992e-05
21,Unseen,5.037959567789169e-11,3.3290101401450585e-05
21,Unseen,2.953010712382394e-10,4.6312444967981616e-05
21,Unseen,5.917338403970023e-11,3.3914425001079096e-05
21,Unseen,3.838945211775292e-11,2.805800604597813e-05
21,Seen,4.4395684891773505e-11,3.0695415913202814e-05
21,Unseen,4.250047839459842e-11,3.135482169074134e-05
21,Unseen,3.8005608666236544e-11,2.890055875729626e-05
21,Unseen,4.201227892260501e-11,3.011858134391101e-05
21,Unseen,4.789418635296754e-11,3.2414481759329564e-05
21,Unseen,3.796028144266198e-11,2.8791118593984133e-05
21,Unseen,5.4589249895443546e-11,3.388379218783254e-05
21,Unseen,5.0542571055759714e-11,3.2266124079508494e-05
21,Unseen,4.404057462069097e-11,2.8892297874393348e-05
21,Seen,4.508693515205693e-11,2.9314502251373894e-05
21,Unseen,4.142343767362006e-11,2.8779579248593667e-05
21,Unseen,4.673305266738919e-11,3.149772831881217e-05
21,Unseen,6.214310412107856e-11,4.246700238225162e-05
21,Unseen,3.655134859013048e-11,2.820040778213319e-05
21,Unseen,3.5605053393607756e-11,2.7950528440765327e-05
21,Unseen,3.960063665525534e-11,2.794831048566526e-05
21,Unseen,3.5998207961719953e-11,2.7162607947383735e-05
21,Unseen,3.4375400708771436e-11,2.5622784822535644e-05
21,Seen,4.177008163925492e-11,2.99809953995423e-05
21,Unseen,4.336620277364504e-11,2.826651644795715e-05
21,Seen,4.077441721277727e-11,2.7388049640656243e-05
21,Seen,3.072734160658642e-11,2.5945209680475673e-05
21,Unseen,3.506880902479348e-11,2.6388639646519696e-05
21,Unseen,9.319016381548301e-11,3.725406859066529e-05
21,Unseen,4.000247246252682e-11,2.8374363170467003e-05
21,Seen,4.590357665637157e-11,3.0118923590389347e-05
21,Unseen,4.3321662496320215e-11,3.015537931758505e-05
21,Unseen,3.822689776282974e-11,2.8987061450120768e-05
21,Unseen,5.368380867587975e-11,3.1219719877658834e-05
21,Unseen,3.841053250663722e-11,2.9473418642181052e-05
21,Seen,6.817015071770604e-11,3.4803446887394276e-05
21,Unseen,1.5540877046081062e-10,3.875156134803104e-05
21,Unseen,1.5443416322029403e-10,4.073570112854371e-05
21,Unseen,5.0651779316633165e-11,3.106692020970702e-05
21,Unseen,4.497012194305109e-11,3.147660597175004e-05
21,Unseen,1.4007455102169448e-10,3.6551243946326196e-05
21,Unseen,4.143790310512281e-11,3.016460844051237e-05
21,Unseen,3.803851243943629e-11,2.799737920315164e-05
21,Unseen,4.7373543414457764e-11,3.089920691595116e-05
21,Unseen,4.933542346231607e-11,3.277556880688299e-05
21,Unseen,2.0133335115228366e-10,3.8692832283257546e-05
21,Unseen,3.778146395616278e-11,2.7781914017782228e-05
21,Unseen,3.9012807656337095e-11,2.9781042901317503e-05
21,Unseen,2.2332426601250602e-10,4.321720258861354e-05
21,Unseen,7.94361792664332e-11,3.7083715168269336e-05
21,Unseen,4.494711740851458e-11,3.003169368253271e-05
21,Unseen,4.4625886516096624e-11,2.8954817447700253e-05
21,Unseen,4.3779952915616955e-11,2.9613534500543946e-05
21,Unseen,4.4507474612459304e-11,2.965448107962471e-05
21,Unseen,1.1621579653710108e-10,3.832447329596701e-05
21,Unseen,4.123286082368696e-11,2.9245617484924482e-05
21,Unseen,1.8099326763133096e-10,4.910990142958385e-05
21,Unseen,4.1722099997517123e-11,2.7908288368747752e-05
21,Unseen,2.529312583952845e-11,2.3935112677375782e-05
21,Unseen,2.9936909197765166e-11,2.6448303670430464e-05
21,Unseen,2.955955943289717e-11,2.501245583594939e-05
21,Unseen,3.1121698606338766e-11,2.5554035364982298e-05
21,Seen,7.219978638489166e-11,3.9689111114137706e-05
21,Unseen,4.378508112588457e-11,2.8972668602620137e-05
21,Unseen,3.2138148626289004e-11,2.6297432192030993e-05
21,Unseen,1.5349825505220662e-10,4.111265740293856e-05
21,Unseen,3.8372774634280036e-11,2.9531255440525546e-05
21,Seen,4.858257813974506e-11,3.2433746244013583e-05
21,Unseen,3.078412437293354e-11,2.5634777289274543e-05
21,Unseen,2.797027021649408e-11,2.5385458221835904e-05
21,Seen,3.277090863131147e-11,2.661592281839853e-05
21,Unseen,4.325253215029524e-11,2.9185048956352155e-05
21,Unseen,3.199809776465952e-11,2.5421398087581006e-05
21,Unseen,5.0281651515601925e-11,3.074744517668579e-05
21,Unseen,5.194918276738363e-11,3.27171203834195e-05
21,Unseen,4.062630750937551e-11,3.0772948636233914e-05
21,Unseen,4.2322327768104486e-11,2.8806157466487662e-05
21,Unseen,1.56153873825053e-10,3.8512494665630655e-05
21,Unseen,4.282494662852412e-11,3.0695808923348366e-05
21,Unseen,4.343354900884718e-11,2.9874456197305137e-05
21,Unseen,2.235745099464921e-10,4.4641660841696274e-05
21,Unseen,2.90956133013991e-10,4.737098542237265e-05
21,Unseen,3.920980103958696e-11,2.861160424353652e-05
21,Unseen,6.665348123767086e-11,3.528934548453047e-05
21,Unseen,4.606420573012704e-11,2.9550149137106093e-05
21,Unseen,4.0921782768832643e-11,2.7055620375729206e-05
21,Unseen,5.3547374606749796e-11,3.243791548062106e-05
21,Unseen,6.319761784615031e-11,3.6913586032292765e-05
21,Unseen,3.7810759322250866e-11,2.7151910785213963e-05
21,Unseen,4.602851482127815e-11,3.076827886591567e-05
21,Unseen,6.108279349541579e-11,3.37467281690568e-05
21,Unseen,4.110397475642171e-11,2.9786636471246894e-05
21,Unseen,4.425229510759625e-11,3.000706271742649e-05
21,Unseen,7.199175024825849e-11,3.803937508323825e-05
21,Unseen,5.022767594684063e-11,3.134805139820541e-05
21,Unseen,5.442367814760039e-11,3.258152865353117e-05
21,Unseen,8.762732932421172e-11,4.246040366134146e-05
21,Unseen,5.6091060802884736e-11,3.5597744830774035e-05
21,Unseen,7.227699509804084e-11,3.758428860242015e-05
21,Unseen,4.049279610873049e-11,3.0501587308292224e-05
21,Unseen,5.973456071786552e-11,3.3628395013760766e-05
21,Unseen,6.098331549126612e-11,3.415179628429222e-05
21,Unseen,7.097571089461693e-11,3.728445120848227e-05
21,Unseen,4.909888946803014e-11,3.298270651570108e-05
21,Unseen,2.56635129494176e-10,4.767453837981589e-05
21,Unseen,5.1051605119386664e-11,3.382779330613821e-05
21,Unseen,4.8478010838121794e-11,3.186270383447992e-05
21,Unseen,2.4443512714897215e-10,4.488950379230801e-05
21,Seen,4.534609709848328e-11,3.293900829544852e-05
21,Unseen,6.865930211791813e-11,3.3770714231022e-05
21,Seen,7.188485667830559e-11,3.610133969731027e-05
21,Seen,4.9199563293378056e-11,3.1665538164315285e-05
21,Unseen,4.798586772720763e-11,3.156545951115088e-05
21,Unseen,5.25339166220021e-11,3.446761830553057e-05
21,Unseen,1.3677566315189487e-10,4.498229152952699e-05
21,Unseen,6.299982631197033e-11,3.6115333247404094e-05
21,Seen,5.832715368723795e-11,3.350424751758159e-05
21,Seen,5.240126297071165e-11,3.1324419568823187e-05
21,Unseen,6.695398901128419e-11,3.774075172254333e-05
21,Unseen,5.018508026645935e-11,3.0376197667109164e-05
21,Unseen,6.952885197534999e-11,4.0272628504047e-05
21,Unseen,4.391915709750063e-11,2.9251232040027578e-05
21,Unseen,1.825252573228378e-10,4.101200475224219e-05
21,Unseen,1.8790463326831327e-10,4.294678002013856e-05
21,Seen,5.435325527377144e-11,3.3911789565098545e-05
21,Unseen,8.321231092422424e-11,3.924112193148685e-05
21,Unseen,5.358342349271023e-11,3.2573436783012246e-05
21,Unseen,4.644031783590694e-11,3.255712769284798e-05
21,Unseen,5.337218007133803e-11,3.3232236046752616e-05
21,Unseen,5.639762395546081e-11,3.579870806690538e-05
21,Unseen,2.16473759397934e-10,4.693627024821116e-05
21,Unseen,5.754215374312446e-11,3.239480664952286e-05
21,Unseen,1.5600756363184642e-10,5.1424502529055065e-05
21,Seen,5.54963880181654e-11,3.283648541955483e-05
21,Unseen,5.2514218165623653e-11,3.240437011414482e-05
21,Unseen,4.18792463255362e-11,2.9866422415056396e-05
21,Unseen,5.860800736683103e-11,3.347495938998631e-05
21,Seen,3.4218454508591566e-10,5.593833499345787e-05
21,Unseen,6.237954481229586e-11,3.743793298169627e-05
21,Unseen,5.4671972721535494e-11,3.4625303211830665e-05
21,Unseen,5.2644252692727216e-11,3.464535195231316e-05
21,Unseen,2.540365602597114e-10,4.8243060847704505e-05
21,Unseen,4.52653617624331e-11,3.18891516141311e-05
21,Unseen,4.608924654832847e-11,3.067588405503834e-05
21,Unseen,4.5752734145456924e-11,3.244545909107094e-05
21,Seen,1.0090204682912702e-10,4.292218427343667e-05
21,Unseen,4.820365352601908e-11,3.184126609645904e-05
21,Unseen,4.7921780622968674e-11,3.2547721250207764e-05
21,Unseen,5.102057804604131e-11,3.2703372420257754e-05
21,Unseen,2.2482476049792823e-10,4.8400634983889374e-05
21,Seen,5.963235301205885e-11,3.4698283151904374e-05
21,Unseen,5.095121460061278e-11,3.2999007383056616e-05
21,Unseen,4.783425768874239e-11,3.2257847647761355e-05
21,Unseen,2.361296485088378e-10,4.842427327548242e-05
21,Unseen,6.6720170301316e-11,3.6914153394634084e-05
21,Unseen,5.6176882058269604e-11,3.435085659058036e-05
21,Unseen,1.1122656401769816e-10,4.714798515055469e-05
21,Unseen,6.232600360921716e-11,3.853485670926448e-05
21,Unseen,5.857280549073756e-11,3.576255721037079e-05
21,Unseen,6.11576705353406e-11,3.552103365228677e-05
21,Unseen,8.135103381659958e-11,4.103350927367893e-05
21,Unseen,3.020259224006015e-10,5.440062650855916e-05
21,Unseen,6.992079508590536e-11,3.885715383566606e-05
21,Unseen,5.780832455184724e-11,3.535255278834592e-05
21,Unseen,5.747986334634225e-11,3.492465919040144e-05
21,Seen,6.512780899355989e-11,3.6344929638630354e-05
21,Seen,6.284077445028552e-11,3.571544704594584e-05
21,Seen,6.391940451364244e-11,3.829910077676876e-05
21,Seen,6.171491379882916e-11,3.47925923558506e-05
21,Unseen,6.46007807461022e-11,3.677878797311296e-05
21,Unseen,6.922870206066586e-11,3.509918356590725e-05
21,Unseen,5.4829797323050295e-11,3.374595484684523e-05
21,Unseen,7.010511036486602e-11,3.861911943306876e-05
21,Unseen,6.305602126597574e-11,3.670269188659328e-05
21,Seen,2.2185478431473368e-10,5.0298887968545934e-05
21,Unseen,6.722627335496291e-11,3.949935478698715e-05
21,Unseen,6.400266771255926e-11,3.539035412303565e-05
21,Unseen,3.836783010593679e-11,2.9639459843183573e-05
21,Unseen,7.472971535806119e-11,3.5981709445510287e-05
21,Unseen,1.283256672804947e-10,4.73788701905666e-05
21,Unseen,5.090972415021076e-11,3.153446186019019e-05
21,Unseen,4.131938785087177e-11,2.944380345451776e-05
21,Seen,3.272922469048831e-10,7.450284071265407e-05
21,Unseen,7.739121378012731e-11,3.810146944278635e-05
21,Seen,5.853802783422498e-11,3.431060622267497e-05
21,Unseen,2.4642331272986427e-10,4.478898774803539e-05
21,Unseen,3.115581347785464e-10,5.8714563790149285e-05
21,Unseen,6.114288261821835e-11,3.374984161667737e-05
21,Unseen,6.086085419193795e-11,3.6393893086616435e-05
21,Unseen,4.1108759542619834e-11,2.8058652732637775e-05
21,Seen,5.544358044917613e-11,3.394379028984965e-05
21,Seen,5.2785211481138005e-11,3.365679604927985e-05
21,Unseen,4.2678743782999015e-11,2.99621437366993e-05
21,Unseen,5.921960660481135e-11,3.389100085491887e-05
21,Unseen,8.045274485075322e-11,3.7817391399840924e-05
21,Unseen,8.16327029471309e-11,4.179849445685087e-05
21,Unseen,5.202384908243394e-11,3.2837665647599165e-05
21,Unseen,1.093437616347902e-10,4.417645409750228e-05
21,Unseen,4.3712690238257807e-11,3.0686601890266066e-05
21,Unseen,4.25249395309093e-11,2.970128188021091e-05
21,Seen,5.736553217126872e-11,3.414442623240814e-05
21,Unseen,3.1756898166436657e-10,5.094249447131431e-05
21,Unseen,5.229300687517654e-11,3.238151516255105e-05
21,Unseen,5.3986822157778705e-11,3.242114901534484e-05
21,Unseen,4.459337136728169e-11,2.87432462210323e-05
21,Unseen,5.204746274653461e-11,3.2731677184450275e-05
21,Unseen,2.672073606208108e-10,5.2688086441012525e-05
21,Unseen,6.269880970422619e-11,3.444371678664541e-05
21,Unseen,4.437922178925243e-11,2.9290578482198676e-05
21,Unseen,5.4575426787219217e-11,3.215042443341989e-05
21,Unseen,3.856374087100384e-11,2.991383953449552e-05
21,Unseen,4.7529106354368954e-11,3.267191726024213e-05
21,Unseen,5.317554632731834e-11,3.1756241119405575e-05
21,Unseen,6.623203008261474e-11,3.364874805117007e-05
21,Seen,5.03197780485801e-11,3.306211032882859e-05
21,Seen,6.206802584118079e-11,3.489878743211028e-05
21,Unseen,7.437687805530147e-11,3.626201252017127e-05
22,Unseen,2.6195527490822157e-11,2.3906770549542658e-05
22,Unseen,2.1383839606035964e-11,2.3558429766603842e-05
22,Seen,1.4749275475857215e-11,1.7325832030532716e-05
22,Unseen,1.7502959720351487e-11,1.9826253763759276e-05
22,Seen,2.349287801120344e-11,2.0690903467072975e-05
22,Seen,3.347323944414203e-11,2.4474541338110666e-05
22,Unseen,2.8897545828769e-11,2.2694240169549287e-05
22,Unseen,2.1777894358002587e-11,2.1589672875698746e-05
22,Seen,5.0001611505835176e-11,3.030294129311032e-05
22,Unseen,2.144425456744883e-11,2.0955168504855534e-05
22,Seen,2.225715492966712e-11,2.0979157285074993e-05
22,Seen,4.366317419885412e-11,2.7365283888563122e-05
22,Unseen,1.8164706368173167e-11,1.9784585909694547e-05
22,Seen,2.1923052727103515e-11,2.111755522177697e-05
22,Unseen,3.804481757184823e-11,2.7878689642459902e-05
22,Unseen,1.9973488008885284e-11,2.1418760061642263e-05
22,Unseen,2.256762075171902e-11,2.230451978353519e-05
22,Unseen,1.9993267386123224e-11,2.0201828192731305e-05
22,Seen,3.8300184743375296e-11,2.476609230973207e-05
22,Unseen,2.022719686193795e-11,2.070589781321054e-05
22,Seen,1.88512193734562e-11,1.9616331980948926e-05
22,Unseen,5.2386741922310976e-11,3.098721346021239e-05
22,Seen,4.261271735898458e-11,2.8435358817691354e-05
22,Seen,3.333128587036117e-11,2.496436466465835e-05
22,Unseen,3.406808077949213e-11,2.3364104173632287e-05
22,Seen,2.496739742992169e-11,2.231702245818555e-05
22,Seen,6.53460713941566e-11,3.475249552239598e-05
22,Seen,3.712466239970379e-11,2.397113094613367e-05
22,Unseen,2.3949826356059337e-11,2.1589448071268825e-05
22,Seen,3.529625435669514e-11,2.626577966455046e-05
22,Seen,2.2624994263467455e-11,2.1377684291349173e-05
22,Unseen,2.654799174593131e-11,2.3398791746168273e-05
22,Seen,1.7783490758418982e-11,1.9637244057612666e-05
22,Unseen,2.355776280412503e-11,2.1911388432038596e-05
22,Unseen,3.1539850000804536e-11,2.5673215361419334e-05
22,Seen,5.680102788832537e-11,3.0222022047851713e-05
22,Seen,4.1128797200124195e-11,2.5387673154265866e-05
22,Seen,3.1603298872323836e-11,2.4005044372297e-05
22,Seen,3.2921465049485e-11,2.340776045183019e-05
22,Seen,3.485245143841443e-11,2.6679862776619747e-05
22,Unseen,2.525641765343021e-11,2.1511041117338553e-05
22,Unseen,2.440342891965249e-11,2.329855716557609e-05
22,Unseen,2.0430595092372123e-11,2.0280121102878674e-05
22,Unseen,2.7719991973297124e-11,2.677350170776794e-05
22,Unseen,1.8970621507602633e-11,2.0431426473394995e-05
22,Seen,2.4499231507629686e-11,2.1974407011388226e-05
22,Unseen,2.5473793713691118e-11,2.2926208631939684e-05
22,Unseen,3.150223294429621e-11,2.4730211158458407e-05
22,Seen,8.41906392753457e-11,3.582670578269968e-05
22,Unseen,4.437477258406288e-11,2.7879690353267213e-05
22,Unseen,3.7924929409447183e-11,2.6867499765789356e-05
22,Unseen,6.814531977862533e-11,3.4077303678645306e-05
22,Seen,2.1710755384145085e-11,2.114873808935527e-05
22,Seen,4.1476177269541105e-11,2.5967582093855607e-05
22,Seen,2.4679360399765525e-11,2.2308146426102767e-05
22,Seen,4.2167419525870256e-11,2.7789693683009252e-05
22,Seen,4.55234423338401e-11,2.624745973378771e-05
22,Seen,3.144835666639201e-11,2.4903729363727622e-05
22,Seen,2.7670298166286655e-11,2.413565282564523e-05
22,Seen,3.6837268317480674e-11,2.5282512775229073e-05
22,Seen,3.3703815337554846e-11,2.327142395422593e-05
22,Unseen,2.3679625067675028e-11,2.2304971309207478e-05
22,Unseen,4.9960673735839014e-11,2.930591035601111e-05
22,Unseen,5.2015816497884954e-11,3.0169133446420793e-05
22,Seen,4.179870106510104e-11,2.771805209243996e-05
22,Seen,4.4730481973769783e-11,2.6985593177504667e-05
22,Seen,2.270982613780278e-11,2.132054645180151e-05
22,Seen,3.2394308472266036e-11,2.5074489613166356e-05
22,Seen,3.022805516341138e-11,2.496057929323157e-05
22,Seen,4.052638552794703e-11,2.7008519330886203e-05
22,Seen,3.1559215350239843e-11,2.49322178747465e-05
22,Seen,4.186671668532533e-11,2.7057555176835204e-05
22,Unseen,2.0078109816038377e-11,2.0898811255536868e-05
22,Unseen,3.6628278614066874e-11,2.6512696995502526e-05
22,Unseen,2.303396624664042e-11,2.1773341528068555e-05
22,Seen,3.797030760537488e-11,2.7163523343685487e-05
22,Seen,3.614414716118324e-11,2.5529929187694085e-05
22,Seen,4.0209637786131096e-11,2.8868430309691527e-05
22,Seen,3.905303265110793e-11,2.8103801141188618e-05
22,Seen,3.615724699072465e-11,2.541293624421107e-05
22,Unseen,2.316181476731125e-11,2.190008479180175e-05
22,Seen,2.1372546330377335e-11,1.9634686244086898e-05
22,Seen,3.198549228705168e-11,2.3408455151670517e-05
22,Seen,1.719770257985131e-11,1.8477457258214832e-05
22,Seen,4.000334648673888e-11,2.5856524188550206e-05
22,Unseen,2.160504496955217e-11,2.0969652357467954e-05
22,Seen,1.930505893172073e-11,2.0276571668760358e-05
22,Seen,3.2963926171866204e-11,2.4920058794599386e-05
22,Seen,2.6113972308267932e-11,2.2017149886670847e-05
22,Unseen,1.6949794695900746e-11,1.8102609423356174e-05
22,Seen,3.361253860472185e-11,2.3501683364267243e-05
22,Seen,3.1268235965422075e-11,2.3776537617650665e-05
22,Unseen,3.3960779236342486e-11,2.4957205586552287e-05
22,Seen,2.951313878212996e-11,2.0751443519156207e-05
22,Unseen,2.1881191007161893e-11,2.1476274442797317e-05
22,Seen,1.738269099399931e-11,1.7961263779484674e-05
22,Unseen,2.027327096410491e-11,2.073658520785692e-05
22,Seen,4.91291714222087e-11,2.8166796361003618e-05
22,Unseen,2.4535774284952027e-11,2.1635137273430208e-05
22,Unseen,1.3306141249361637e-11,1.7082799131499245e-05
22,Seen,4.0145133769881165e-11,2.445945377590706e-05
22,Seen,4.655934577229588e-11,2.8269617134645277e-05
22,Seen,4.479959576020207e-11,2.5024869818869187e-05
22,Seen,3.059593016973588e-11,2.3540031160465672e-05
22,Seen,3.585033043557886e-11,2.544415884915715e-05
22,Seen,3.9510342702491993e-11,2.805881318628124e-05
22,Unseen,2.421694674768342e-11,2.1165268441522898e-05
22,Seen,4.099160989260915e-11,2.513679795770222e-05
22,Unseen,3.7763137294992525e-11,2.5085630029135024e-05
22,Seen,2.8484546899606113e-11,2.2559211851759228e-05
22,Seen,5.3095657894103e-11,2.5638869223377226e-05
22,Seen,4.0270598427632876e-11,2.6677127871155754e-05
22,Unseen,3.024947173088774e-11,2.3495650175801145e-05
22,Seen,4.51474629870452e-11,2.7700627106965507e-05
22,Unseen,1.8522180475607594e-11,1.945647667144992e-05
22,Unseen,3.8825366040471973e-11,2.7134338228973883e-05
22,Seen,2.4507053190956683e-11,2.2008873270125395e-05
22,Seen,7.532215525768853e-11,3.391534491276292e-05
22,Seen,6.389963595187619e-11,3.337829040038252e-05
22,Unseen,2.7684960112576866e-11,2.4170736467616303e-05
22,Unseen,1.6268926114899012e-11,1.9241095106243387e-05
22,Seen,1.706102150769066e-11,1.8639949096278618e-05
22,Seen,2.233616112836366e-11,1.9979219795856455e-05
22,Seen,3.3225415753177107e-11,2.500342652727396e-05
22,Unseen,3.164731571358359e-11,2.4763434336952428e-05
22,Seen,3.751167828567274e-11,2.762919539570979e-05
22,Unseen,3.5851997114806007e-11,2.5970073424038937e-05
22,Unseen,2.598684315703406e-11,2.328531997277882e-05
22,Seen,4.5552347362019716e-11,3.071202599075663e-05
22,Seen,4.756340218257916e-11,2.9399577461739526e-05
22,Seen,3.5215992909530225e-11,2.6662301406407868e-05
22,Seen,2.4491116889077755e-11,2.1770691139182523e-05
22,Unseen,2.4455165264333138e-11,2.2249266809437354e-05
22,Seen,5.809973221222157e-11,3.285997925616778e-05
22,Seen,2.9849758476433384e-11,2.4440714641275823e-05
22,Unseen,3.4078999945066966e-11,2.6484348405478166e-05
22,Seen,2.088863654727949e-11,2.145017280757963e-05
22,Seen,3.804366549279407e-11,2.6155514429768534e-05
22,Seen,3.149670227278926e-11,2.653823919981019e-05
22,Unseen,2.413851159681328e-11,2.3658905727549025e-05
22,Seen,4.5073442686828544e-11,2.8582271039477986e-05
22,Seen,3.1124250772981305e-11,2.348441776089253e-05
22,Seen,3.847516602461553e-11,2.813480857499961e-05
22,Unseen,3.6152353155166327e-11,2.8186367621320322e-05
22,Seen,3.6107579865924567e-11,2.2641754652995278e-05
22,Seen,2.5580263428081467e-11,2.2561447736593423e-05
22,Unseen,3.799965515954256e-11,2.7198142454265692e-05
22,Unseen,1.827454410660552e-11,2.0828036570334876e-05
22,Unseen,2.0310783068206074e-11,2.281386179384657e-05
22,Unseen,2.5519338997039853e-11,2.3884722821339625e-05
22,Seen,5.0836493023217636e-11,3.060203675189919e-05
22,Unseen,2.2805326416960246e-11,2.1961642357908786e-05
22,Unseen,1.8731247230549498e-11,2.0538172652609422e-05
22,Unseen,2.250908383717865e-11,2.223493372825438e-05
22,Seen,4.440470525030224e-11,2.68553145717781e-05
22,Seen,3.625098477172911e-11,2.9538068129232918e-05
22,Seen,2.6022714196378294e-11,2.2493520045628396e-05
22,Seen,2.5227574245716662e-11,2.14967007740474e-05
22,Unseen,2.9165640605278464e-11,2.535306686066643e-05
22,Unseen,4.087288382108264e-11,3.229117278335331e-05
22,Unseen,4.560365710607144e-11,3.002799579090337e-05
22,Unseen,1.638426062135135e-11,1.9090236428216118e-05
22,Seen,1.916965064500614e-11,2.0694513969155215e-05
22,Seen,3.083159711364657e-11,2.670915235896454e-05
22,Seen,2.6369796812576532e-11,2.41747517396066e-05
22,Unseen,2.413440025845012e-11,2.421769145875891e-05
22,Seen,3.582543371481498e-11,2.5426822631338144e-05
22,Seen,2.7018307749735404e-11,2.322445081172999e-05
22,Unseen,2.2480851149099005e-11,2.1323274825576232e-05
22,Seen,2.277415132890136e-11,2.2518665118929107e-05
22,Seen,5.3851896638764e-11,3.306283697012641e-05
22,Seen,4.7933842081078664e-11,2.8587438415787743e-05
22,Seen,6.034561596603968e-11,3.236309877709599e-05
22,Seen,4.9813731433790595e-11,3.1160266899153345e-05
22,Unseen,2.3126308444175225e-11,2.2490207694138323e-05
22,Seen,6.661862347838336e-11,3.5603892437510465e-05
22,Unseen,2.3183636893287006e-11,2.2553567927870516e-05
22,Seen,4.6542311670647885e-11,3.181506963145805e-05
22,Seen,3.2936620842859044e-11,2.6303362653585237e-05
22,Unseen,3.0618862009652334e-11,2.5084220929094527e-05
22,Seen,2.9371351720043775e-11,2.5536217716754467e-05
22,Seen,9.77295063100214e-11,4.304051553347559e-05
22,Unseen,2.911551599710513e-11,2.416576515802052e-05
22,Unseen,1.6425787738839984e-11,1.965965195486546e-05
22,Seen,4.921857895469427e-11,2.8391898531715086e-05
22,Seen,2.8976401899189357e-11,2.3750246033402725e-05
22,Unseen,2.727001841376191e-11,2.395280838235308e-05
22,Seen,3.2891201202473875e-11,2.5249228841424094e-05
22,Seen,3.998062433860866e-11,2.682637766842115e-05
22,Seen,4.354985238690999e-11,2.9003680748250952e-05
22,Unseen,5.317607997769061e-11,3.20898978862972e-05
22,Unseen,1.709119715582502e-11,1.9391197040768912e-05
22,Unseen,2.6457221232517885e-11,2.457492089450261e-05
22,Unseen,6.09499787425519e-11,3.4893383989563006e-05
22,Seen,6.295296825116853e-11,3.279029168572918e-05
22,Seen,4.160795169186913e-11,2.662745698370601e-05
22,Seen,3.7928516994225687e-11,2.6543956542204673e-05
22,Unseen,2.345173328058863e-11,2.1998152317679596e-05
22,Seen,3.239140249115031e-11,2.4711113562007414e-05
22,Unseen,3.1404646036246695e-11,2.7574155551638912e-05
22,Unseen,3.31812770509071e-11,2.6480887975365652e-05
22,Seen,2.7939902550609806e-11,2.3776502775289396e-05
22,Seen,3.788190313723244e-11,2.7760695034094556e-05
22,Seen,7.201242390515464e-11,3.5604151011498865e-05
22,Seen,3.359822039871101e-11,2.4103609675355505e-05
22,Unseen,1.950866275655586e-11,2.026224480732996e-05
22,Unseen,2.223596614264972e-11,2.2674589934097117e-05
22,Seen,2.832849144520161e-11,2.1660685299634625e-05
22,Seen,4.376526599346199e-11,2.964243005205482e-05
22,Unseen,5.169805113540108e-11,3.0131078946635538e-05
22,Unseen,1.9506477917104016e-11,2.1335646955292745e-05
22,Seen,5.224963362764324e-11,2.8076217510158112e-05
22,Seen,5.6777529590403553e-11,2.803864023841073e-05
22,Unseen,2.694708119860019e-11,2.4580411059747247e-05
22,Unseen,3.99241092035974e-11,2.8280095720520327e-05
22,Seen,2.598877379834805e-11,2.305855720871144e-05
22,Unseen,3.046473198257617e-11,2.5479227045427257e-05
22,Unseen,2.830343444615021e-11,2.520306037017268e-05
22,Unseen,2.8884560050865436e-11,2.5515116462485986e-05
22,Seen,2.8170822938845056e-11,2.539797854114394e-05
22,Seen,3.989530421053941e-11,2.7945733781167604e-05
22,Unseen,3.300308983714684e-11,2.699740090448441e-05
22,Seen,3.5164545162999576e-11,2.5474807285740274e-05
22,Seen,3.291696981006993e-11,2.6289398327410913e-05
22,Seen,2.6527268822529458e-11,2.505952986299231e-05
22,Unseen,3.682753011565537e-11,2.8028448268991185e-05
22,Seen,9.40808122045984e-11,4.1888877077672266e-05
22,Unseen,3.358857758866626e-11,2.7038807717320817e-05
22,Unseen,2.954994723806843e-11,2.5349760830281495e-05
22,Seen,8.905786477822672e-11,3.730805323089915e-05
22,Unseen,4.3852874940732724e-11,3.0003390485544497e-05
22,Unseen,4.3548468096987956e-11,2.789491977450017e-05
22,Unseen,3.579472688393509e-11,2.8007602113754073e-05
22,Seen,4.734546786722009e-11,2.925203510921667e-05
22,Unseen,4.366001171845729e-11,2.950438058265816e-05
22,Unseen,3.241932303748767e-11,2.6324852202060876e-05
22,Seen,5.3749470576514475e-11,3.149492781066283e-05
22,Unseen,3.957799067728986e-11,3.0509007148783944e-05
22,Unseen,2.201669754625688e-11,2.1925194141367835e-05
22,Seen,2.7306253886409568e-11,2.342510583364003e-05
22,Unseen,2.7618802217057974e-11,2.37285825453043e-05
22,Seen,4.653344050551835e-11,2.8900348193226135e-05
22,Unseen,2.3262801090292868e-11,2.3247218010962232e-05
22,Seen,7.19389509687502e-11,3.5542486186662794e-05
22,Seen,8.904146282372728e-11,4.012514772517648e-05
22,Unseen,3.613114286601655e-11,2.7569631991884752e-05
22,Seen,4.0650138238635466e-11,2.9628806771886064e-05
22,Unseen,3.0730283376965885e-11,2.6377787689975774e-05
22,Seen,2.6090707164526335e-11,2.4383180140019624e-05
22,Seen,3.321397178687848e-11,2.685205140600685e-05
22,Seen,6.855920512969678e-11,3.5123082624396226e-05
22,Seen,4.8682261028788386e-11,3.072258485251809e-05
22,Unseen,4.382790652316597e-11,2.9550953932332916e-05
22,Seen,5.915683858438836e-11,3.189582001116852e-05
22,Unseen,3.125731664362159e-11,2.455862832158303e-05
22,Seen,3.917934539767968e-11,2.9341640743376182e-05
22,Seen,7.280889274761273e-11,3.6281940305143055e-05
22,Seen,3.0496778055962096e-11,2.573674839303588e-05
22,Seen,4.987671639888524e-11,3.1217210288972273e-05
22,Unseen,4.72931173155043e-11,2.993690464761425e-05
22,Seen,3.409810761368606e-11,2.7688590071779626e-05
22,Seen,3.175807963197062e-11,2.6449703212530233e-05
22,Seen,5.965483433618389e-11,3.380167179077627e-05
22,Unseen,2.2649819782557323e-11,2.2436975235332123e-05
22,Seen,3.874597243616821e-11,2.8416123576579566e-05
22,Seen,3.4677654084392016e-11,2.6330023483488517e-05
22,Unseen,3.353189786598531e-11,2.6802469746059527e-05
22,Seen,3.7353997139685925e-11,2.8390792012770547e-05
22,Unseen,3.242353518669921e-11,2.7720259885065276e-05
22,Unseen,3.00969350261189e-11,2.6088640260743073e-05
22,Unseen,5.7014797620302646e-11,3.4058687487220227e-05
22,Seen,8.705174238372877e-11,3.861663899273494e-05
22,Unseen,3.7393205015661923e-11,2.849335926729899e-05
22,Seen,3.4570470771627444e-11,2.758994428815984e-05
22,Seen,3.798941374185447e-11,2.7022957723471417e-05
22,Seen,9.242381284751623e-11,4.030506145629759e-05
22,Unseen,3.8186083291084354e-11,2.7659984198789365e-05
22,Seen,3.955636921743984e-11,3.0043068878313423e-05
22,Unseen,2.5260387993408892e-11,2.499774729401429e-05
22,Unseen,3.544256557646041e-11,2.7666577957363377e-05
22,Unseen,3.064790071558993e-11,2.59163809528053e-05
22,Unseen,3.264763651878141e-11,2.734534367268146e-05
22,Unseen,3.2115804585453566e-11,2.738044883792599e-05
22,Seen,3.5047571299840957e-11,2.6921003536455774e-05
22,Seen,3.777875146841104e-11,2.953082205839474e-05
22,Unseen,3.953803376664058e-11,2.9687601028920757e-05
22,Unseen,6.071108841056035e-11,3.411984492217924e-05
22,Seen,6.073311264796876e-11,3.0514280152372132e-05
22,Seen,7.488763007403256e-11,3.867684649846064e-05
22,Seen,8.603106566765803e-11,4.175929322615558e-05
22,Seen,4.508975341335272e-11,3.068885130405594e-05
22,Unseen,4.003767246191917e-11,2.8825239820659072e-05
22,Unseen,5.1030639917154616e-11,3.1812647462760164e-05
22,Seen,6.068614508286931e-11,3.307503136967229e-05
22,Seen,4.341052007037452e-11,2.983869180418511e-05
22,Seen,6.315098673023573e-11,3.258737930012038e-05
22,Unseen,6.407344783313285e-11,3.612594530923379e-05
22,Seen,8.427240184925184e-11,3.877090143998182e-05
22,Unseen,4.0724898863791206e-11,2.974832639252769e-05
22,Seen,7.526641238210961e-11,3.933643607726225e-05
22,Seen,4.0180084818576565e-11,2.9608921612292936e-05
22,Unseen,3.787091491945239e-11,3.0093460390371688e-05
22,Seen,2.8979688113659638e-11,2.5510090175391664e-05
22,Unseen,2.6576746999857508e-11,2.4419880777269845e-05
22,Unseen,5.372092440245392e-11,3.3679810841387794e-05
22,Unseen,2.389232928988791e-11,2.4921130594023406e-05
22,Unseen,5.846371725116201e-11,3.3465850289266574e-05
22,Unseen,4.669725138538308e-11,3.1300773658955444e-05
22,Unseen,5.160362780900962e-11,3.2005574907498306e-05
22,Unseen,4.627407269517675e-11,3.3304498616423003e-05
22,Seen,3.3601345547804884e-11,2.7401456562759178e-05
22,Seen,4.48909268233174e-11,3.233226188634341e-05
22,Unseen,3.807673587046656e-11,2.904048833609312e-05
22,Unseen,3.793160020076611e-11,2.8397322385164574e-05
22,Seen,4.039364312615246e-11,2.90516197614089e-05
22,Seen,3.692037027605726e-11,2.792390823497524e-05
22,Seen,6.001690642059712e-11,3.429173703121046e-05
22,Unseen,3.6314167612747426e-11,2.8262150855843545e-05
22,Unseen,3.815744205604548e-11,2.8569647336973373e-05
22,Seen,2.0840400356499513e-11,1.9567251051373938e-05
22,Unseen,2.4320926837200133e-11,2.0110433193649733e-05
22,Seen,3.396688089589108e-11,2.4312862086438694e-05
22,Seen,5.2398923091644445e-11,2.992422769812555e-05
22,Seen,3.111472216510772e-11,2.377622672815143e-05
22,Seen,3.498195793958602e-11,2.5658570663720503e-05
22,Seen,4.421742605183996e-11,2.770705943490032e-05
22,Seen,4.742898291885498e-11,2.7072109056906573e-05
22,Unseen,3.5099236538401306e-11,2.7025684462712216e-05
22,Seen,1.0464981551749187e-10,4.193289132560509e-05
22,Unseen,3.078618042440677e-11,2.370197163100156e-05
22,Seen,5.092123152990065e-11,2.96639941129299e-05
22,Unseen,3.4814147057726334e-11,2.427434037926838e-05
22,Seen,6.418915128762301e-11,3.2278686147477586e-05
22,Seen,5.047448662414912e-11,2.8357828338025846e-05
22,Unseen,3.455426909273558e-11,2.6511846943311742e-05
22,Seen,2.638006936819582e-11,2.3365730226893934e-05
22,Seen,2.89291300567537e-11,2.4191470454574182e-05
22,Unseen,2.6829063820553353e-11,2.3694545301226147e-05
22,Unseen,3.165563076677733e-11,2.747280227833415e-05
22,Unseen,3.063493390156049e-11,2.5024555001331368e-05
22,Unseen,5.245681425296423e-11,3.3907103819037655e-05
22,Seen,1.6189900542333508e-10,5.035022030171592e-05
22,Seen,5.3924593488161487e-11,3.305997870748989e-05
22,Unseen,4.0494229165359284e-11,2.844687208431504e-05
22,Seen,4.9746636271427136e-11,3.1852581056987416e-05
22,Seen,3.512318231920748e-11,2.754558326941319e-05
22,Unseen,7.104504975520601e-11,3.668202931773749e-05
22,Seen,3.859567367174452e-11,2.852841256322011e-05
22,Unseen,5.767468750804673e-11,3.351584035850272e-05
22,Unseen,4.626236455753671e-11,3.130885316875919e-05
22,Unseen,6.482930592952589e-11,3.538033140451887e-05
22,Seen,6.771645878792656e-11,3.9223349593943414e-05
22,Unseen,4.8128390379513076e-11,3.3698404659726803e-05
22,Unseen,3.591650546772715e-11,2.8428443899702474e-05
22,Unseen,3.8452676771510324e-11,2.7889518734151906e-05
22,Unseen,3.2649375847580204e-11,2.70940590783729e-05
22,Seen,4.252217321541455e-11,2.9762920862331163e-05
22,Seen,3.8831955629682524e-11,2.8311884537474032e-05
22,Unseen,2.09503925985921e-11,2.299924552141024e-05
22,Seen,2.6307999598585065e-11,2.4477520192391437e-05
22,Unseen,1.9233329182483782e-11,2.1182216199810074e-05
22,Unseen,2.8632509272180084e-11,2.420271263881346e-05
22,Unseen,1.9063135042848134e-11,1.98159392852339e-05
22,Unseen,2.3410436775674744e-11,2.3624035940204107e-05
22,Seen,4.7733162323651956e-11,2.9327250538742146e-05
22,Seen,2.4940497292232127e-11,2.2752899116971632e-05
22,Unseen,4.28422672184916e-11,3.0179290197704578e-05
22,Seen,7.084956168385501e-11,3.220863588527737e-05
22,Seen,5.6554302585181166e-11,3.064919580335728e-05
22,Seen,5.69719932503119e-11,3.223505128582853e-05
22,Seen,3.088146036271012e-11,2.5962100075852922e-05
22,Seen,5.233723374954163e-11,3.150621526055085e-05
22,Unseen,2.1963067701076877e-11,2.2125955715085084e-05
22,Unseen,3.078438723651318e-11,2.6600703046968264e-05
22,Unseen,2.8972798566595766e-11,2.5363829987239186e-05
22,Seen,6.218216916177031e-11,3.366731749976857e-05
22,Seen,3.0552467871916217e-11,2.903495856312602e-05
22,Seen,3.013858078224376e-11,2.5482405871539866e-05
22,Seen,6.331301796810378e-11,3.485653513690187e-05
22,Unseen,4.080164355919337e-11,2.9929646915859173e-05
22,Seen,3.762678599005565e-11,2.7474966000142834e-05
22,Seen,1.1882694169728707e-10,4.568733056909164e-05
22,Unseen,6.221427888240999e-11,3.4606582010867466e-05
22,Seen,3.0505944160800406e-11,2.739657950603394e-05
22,Seen,4.327851382845944e-11,2.94299043578508e-05
22,Seen,6.894151783672122e-11,3.425804501509508e-05
22,Unseen,3.080400186675189e-11,2.5225903086398984e-05
22,Seen,6.281099264754572e-11,3.468074772580004e-05
22,Seen,4.517330589957812e-11,2.9825889080104084e-05
22,Unseen,3.011319744057641e-11,2.553899738710317e-05
22,Unseen,5.019984356071681e-11,3.172568163241114e-05
22,Unseen,3.953690505593776e-11,3.0154645670515076e-05
22,Seen,6.245816572153184e-11,3.394542234261005e-05
22,Seen,4.817730084194176e-11,3.2191349527189646e-05
22,Unseen,3.324766083119453e-11,2.726396132642823e-05
22,Unseen,4.196329811028181e-11,3.0376027244384542e-05
22,Unseen,4.873856754178058e-11,3.2902907864500493e-05
22,Seen,3.759224155477174e-11,2.769509723085516e-05
23,Unseen,3.1948165730585114e-11,2.519540532920429e-05
23,Seen,4.7170971870723983e-11,2.8573059628537933e-05
23,Seen,4.988909767950797e-11,2.9642029506005917e-05
23,Seen,4.0771628111100335e-11,2.771831822493348e-05
23,Seen,3.864624727338536e-11,2.8103573780527514e-05
23,Unseen,3.006136358687928e-11,2.5961490798675313e-05
23,Seen,2.8551801122464578e-11,2.5707621669935863e-05
23,Seen,2.294993195030847e-11,2.180536863313718e-05
23,Seen,3.340803083638719e-11,2.6516926132146797e-05
23,Seen,3.1017299409870615e-11,2.540242424565474e-05
23,Unseen,4.9091948812773565e-11,3.212552766530553e-05
23,Seen,3.000382619853793e-11,2.460720718601182e-05
23,Seen,4.580330133666858e-11,2.856613800981947e-05
23,Seen,3.2483734328199784e-11,2.5534668167129904e-05
23,Unseen,2.8393593177511833e-11,2.4645380133995762e-05
23,Seen,4.2631772455130284e-11,2.9292510474083783e-05
23,Seen,3.477196103101692e-11,2.7535366618674587e-05
23,Unseen,3.232760247353221e-11,2.7109173261203464e-05
23,Unseen,2.5429007027086296e-11,2.3433029594994604e-05
23,Unseen,2.666819593975306e-11,2.4101439288989e-05
23,Seen,3.1336970772242224e-11,2.4660053600960094e-05
23,Seen,4.834265663425166e-11,3.119157940758405e-05
23,Seen,3.481218154052869e-11,2.5021060932215033e-05
23,Seen,4.943689846453836e-11,2.9392176243404835e-05
23,Unseen,3.095218300800218e-11,2.4781806054219565e-05
23,Unseen,3.816045979562573e-11,2.8540909864662513e-05
23,Seen,6.096172274805573e-11,3.379328209771801e-05
23,Unseen,3.823993835509469e-11,3.2007722015723644e-05
23,Unseen,3.1900710695561195e-11,2.5740523114922586e-05
23,Seen,4.917422160094365e-11,2.8389741247763967e-05
23,Seen,3.8662797222289355e-11,2.816929895994464e-05
23,Seen,3.634911271136902e-11,2.631107753625897e-05
23,Unseen,2.2347800238152558e-11,2.2603369850218106e-05
23,Unseen,3.095509305921517e-11,2.4007140551575233e-05
23,Seen,2.9251207833764584e-11,2.386326308985714e-05
23,Seen,2.143520577571656e-11,2.138035459082104e-05
23,Seen,6.759668537511512e-11,3.2929688274671194e-05
23,Seen,3.811722365865766e-11,2.8905865437780767e-05
23,Seen,3.982200822419333e-11,2.7781168190318708e-05
23,Unseen,2.2950985702569565e-11,2.212733978641433e-05
23,Unseen,3.71352002420882e-11,2.595005462271883e-05
23,Seen,3.204219725707829e-11,2.4126336674351225e-05
23,Seen,2.891363358440177e-11,2.5332420638403392e-05
23,Unseen,3.098262986638239e-11,2.457183753319366e-05
23,Seen,6.145760826259517e-11,3.150816627484385e-05
23,Seen,4.808829587056387e-11,2.895513926035566e-05
23,Seen,3.6580595630393174e-11,2.7424976541170902e-05
23,Unseen,2.5370430247708884e-11,2.367943260287041e-05
23,Seen,3.8585805221194094e-11,2.77155176838356e-05
23,Unseen,2.034124893232512e-11,2.1023430786061762e-05
23,Unseen,3.39094605744757e-11,2.5835645692533664e-05
23,Unseen,3.987108242366199e-11,2.9691048639766576e-05
23,Seen,3.67202513453387e-11,2.628155178524969e-05
23,Seen,2.52543152380088e-11,2.270018395798082e-05
23,Seen,2.7115699364937605e-11,2.3625368449222265e-05
23,Seen,3.869873516437115e-11,2.7515913051963463e-05
23,Unseen,2.5650102372521365e-11,2.428040732583819e-05
23,Seen,3.568647928022882e-11,2.6181100404629146e-05
23,Seen,2.8612699390743726e-11,2.4016197269851823e-05
23,Unseen,2.1072804543682398e-11,2.1458288978360616e-05
23,Unseen,3.759704363420789e-11,2.6364821011827395e-05
23,Seen,2.701012534345657e-11,2.4227909309970284e-05
23,Unseen,2.2956382140173755e-11,2.320084893758152e-05
23,Seen,4.057093259954382e-11,2.9953063704467915e-05
23,Seen,3.0247168251313586e-11,2.3602072536438914e-05
23,Unseen,3.056714595492655e-11,2.5101039882105965e-05
23,Seen,4.739962887942384e-11,2.8823318425309864e-05
23,Seen,5.858626981120937e-11,3.04253803532258e-05
23,Seen,5.820955926088299e-11,2.9132755011185687e-05
23,Unseen,2.2395703746462172e-11,2.1808339404998642e-05
23,Seen,4.962276469365086e-11,2.9032944211717696e-05
23,Seen,4.7434643465302546e-11,2.9289323019752182e-05
23,Unseen,2.6834001361814217e-11,2.2895697120521614e-05
23,Seen,3.073135615887422e-11,2.4813272388086754e-05
23,Unseen,2.8688691573739614e-11,2.3536608442121806e-05
23,Seen,3.314845676860438e-11,2.5548046040867272e-05
23,Seen,4.139579729962968e-11,2.6845524260062443e-05
23,Unseen,2.1297943461485856e-11,2.1549545372438985e-05
23,Seen,2.795149698912131e-11,2.4128873682845827e-05
23,Seen,3.537869120717998e-11,2.681490008792778e-05
23,Seen,3.0878764915648456e-11,2.5268808209945908e-05
23,Seen,3.4094469905750845e-11,2.722307960009548e-05
23,Seen,2.5329082147400045e-11,2.23570966029913e-05
23,Seen,4.401752444359068e-11,2.8253555425675788e-05
23,Unseen,1.8697104798722316e-11,2.0886769641936936e-05
23,Seen,3.334302601195781e-11,2.465786732856407e-05
23,Unseen,1.7207910486178717e-11,2.0379428317628282e-05
23,Seen,4.3206789986117874e-11,2.923799463181135e-05
23,Seen,3.860948462996578e-11,2.496716384555468e-05
23,Unseen,3.290636683087605e-11,2.483363550345065e-05
23,Unseen,2.6374148699951325e-11,2.466550742235717e-05
23,Seen,3.376871736571442e-11,2.5715805999420753e-05
23,Seen,3.351078196893956e-11,2.7154142572969257e-05
23,Seen,3.7625879641027735e-11,2.7941431114849822e-05
23,Seen,5.0378939417968334e-11,3.093578673449872e-05
23,Seen,5.606352321857633e-11,2.951422836450079e-05
23,Seen,3.799867328521595e-11,2.6174628198220856e-05
23,Seen,2.725903639095587e-11,2.431139626477603e-05
23,Seen,4.50369089931104e-11,2.8632148283254836e-05
23,Seen,2.916547238735871e-11,2.4769856698671164e-05
23,Seen,2.3969069507793927e-11,2.1437143850966734e-05
23,Unseen,3.045838862107446e-11,2.6280470356973956e-05
23,Seen,7.588794286596711e-11,2.786614667694214e-05
23,Unseen,3.887583571966983e-11,2.8074816933044526e-05
23,Seen,3.80373400482981e-11,2.5903297245841784e-05
23,Seen,4.794743467753584e-11,3.0064413262878236e-05
23,Seen,6.434060414845703e-11,3.4013217469435385e-05
23,Seen,3.68657080006015e-11,2.887829623811979e-05
23,Unseen,4.4960214359199594e-11,2.8748531929146465e-05
23,Seen,2.8532827548823904e-11,2.5129014960375352e-05
23,Seen,2.6240845581780095e-11,2.3344114553568693e-05
23,Unseen,3.858074823811984e-11,2.6874081671485442e-05
23,Seen,2.981369948998012e-10,3.771712350460725e-05
23,Unseen,2.993099068691507e-11,2.498400613257655e-05
23,Seen,5.636990019715992e-11,2.8753981278316887e-05
23,Seen,5.173376951468445e-11,2.7690042234125022e-05
23,Unseen,2.5908965159270032e-11,2.3006969332779276e-05
23,Seen,5.970598349382417e-11,2.799191119714092e-05
23,Seen,3.983632231538528e-11,2.6544694084454237e-05
23,Unseen,3.519903144062063e-11,2.6257846927450425e-05
23,Unseen,5.9034958121938e-11,3.334527399043045e-05
23,Seen,4.545595751315002e-11,3.301097659081464e-05
23,Unseen,3.685920399689981e-11,2.7236900846532995e-05
23,Seen,7.818563170548096e-11,3.3310209222957e-05
23,Unseen,3.196375759578373e-11,2.7266914402060407e-05
23,Seen,2.5069857250891326e-11,2.323470392718715e-05
23,Unseen,5.14050386851075e-11,2.9384048486915575e-05
23,Unseen,2.550763460705351e-11,2.250456751899045e-05
23,Seen,3.008273545298393e-11,2.433949682826364e-05
23,Seen,3.020193734661174e-11,2.6639726932813972e-05
23,Seen,4.2264061529403996e-11,3.22507026816568e-05
23,Seen,3.906230522917e-11,3.0239125240726386e-05
23,Unseen,3.139966314818874e-11,2.6480486311215317e-05
23,Unseen,2.577428977038069e-11,2.3832494163250923e-05
23,Unseen,5.018728109836231e-11,2.8220610303464193e-05
23,Seen,5.665478007454232e-11,2.8979332618755664e-05
23,Unseen,2.7088714751114826e-11,2.338378094966797e-05
23,Seen,4.2114873553520094e-11,2.7853189234949067e-05
23,Seen,3.223243792623196e-11,2.461725015606016e-05
23,Unseen,3.285318735799073e-11,2.8277058544464544e-05
23,Seen,4.069114802449615e-11,2.7951024393599832e-05
23,Unseen,1.7007057143594728e-10,3.1932391874077023e-05
23,Seen,3.374422700273573e-11,2.7036164866486965e-05
23,Seen,3.116724022378907e-11,2.5734873132621693e-05
23,Seen,2.860594567836768e-11,2.4719112468588216e-05
23,Seen,3.826302426764168e-11,2.8920697871317244e-05
23,Unseen,3.084654298030124e-11,2.4774045266713375e-05
23,Seen,3.1992640182389496e-11,2.581485989579253e-05
23,Seen,4.1436254480431214e-11,2.6548522947949437e-05
23,Seen,3.1871042482846245e-11,2.7156767575724053e-05
23,Seen,3.848956508236205e-11,2.909210138506545e-05
23,Seen,4.826096906194767e-11,2.977507695418925e-05
23,Seen,3.74635223031882e-11,2.684738585489199e-05
23,Seen,6.076026690362464e-11,3.0567245292918024e-05
23,Seen,3.283834275051832e-11,2.622804685923566e-05
23,Unseen,3.509119106604373e-11,2.7662447121962028e-05
23,Unseen,3.102191741371889e-11,2.8179444868742436e-05
23,Unseen,4.121689584801901e-11,2.8498918983144134e-05
23,Unseen,3.4644495974621614e-11,2.770749451602958e-05
23,Seen,2.7273688364935232e-11,2.387020071225289e-05
23,Seen,3.451244420574581e-11,2.838500095289364e-05
23,Seen,6.102235628909019e-11,3.5468026125261486e-05
23,Seen,3.7048857139278316e-11,2.8236807611778274e-05
23,Seen,6.567552911784299e-11,3.4086481686618515e-05
23,Seen,5.0767724011115305e-11,3.1070940598390183e-05
23,Seen,3.329642995451479e-11,2.7330118559290607e-05
23,Unseen,3.2297952967506454e-11,2.7458047383560492e-05
23,Seen,3.796155438710124e-11,2.961760020313473e-05
23,Unseen,3.253683353450145e-11,2.690277750615748e-05
23,Unseen,7.107198678587653e-11,2.994225794821888e-05
23,Seen,6.885562684102887e-11,2.980137974523729e-05
23,Seen,4.5326629858671184e-11,3.031029989179654e-05
23,Seen,4.280343881714345e-11,2.9803681475215104e-05
23,Seen,4.017078721761935e-11,2.9774652764700183e-05
23,Seen,4.197839924303802e-11,3.1046074345992836e-05
23,Unseen,3.2624272968381174e-11,2.393265262609785e-05
23,Unseen,2.855520117519438e-11,2.644962221482018e-05
23,Seen,3.569025915229651e-11,2.675421537350357e-05
23,Unseen,2.6399761263049417e-11,2.439909465489332e-05
23,Seen,4.0227469627065995e-11,2.7828513058720327e-05
23,Seen,2.0175859637674952e-11,2.1439904749244805e-05
23,Unseen,2.970684531496502e-11,2.3595499741192293e-05
23,Seen,2.641525321160443e-11,2.4467795905335193e-05
23,Seen,5.7344721912026865e-11,3.265275289716293e-05
23,Seen,8.941299197096432e-11,3.7207487976554466e-05
23,Seen,5.432543348162451e-11,3.170955698815522e-05
23,Seen,2.2766701908341338e-10,3.528358162223806e-05
23,Seen,5.1469060322371056e-11,3.087139126432473e-05
23,Seen,6.037753443293068e-11,3.4591575344842286e-05
23,Unseen,2.96559684769827e-11,2.4277506645900202e-05
23,Unseen,3.702685439923799e-11,2.80122165849674e-05
23,Seen,4.323031625481695e-11,2.895541631457281e-05
23,Unseen,3.5281891519122286e-11,2.477564067532895e-05
23,Unseen,3.604216568031273e-11,2.6648128832678334e-05
23,Seen,5.4407246455966274e-11,3.0676119210177193e-05
23,Unseen,2.5403849406061683e-11,2.3406955835671496e-05
23,Unseen,3.36138949191175e-11,2.5687967488538285e-05
23,Unseen,3.760817015271553e-11,2.90341753362978e-05
23,Unseen,3.351698954230571e-11,2.720886918989595e-05
23,Unseen,3.725314497425813e-11,2.8776440884716637e-05
23,Unseen,3.029258670287348e-11,2.8452995743911765e-05
23,Seen,5.4433900651237314e-11,3.166971909904108e-05
23,Unseen,3.5235388354939646e-11,2.8037919574765357e-05
23,Seen,4.146403749189593e-11,2.768805867939162e-05
23,Seen,3.852384842685468e-11,2.5310680003634212e-05
23,Unseen,3.25819184582756e-11,2.6228631389913406e-05
23,Seen,3.44848806515093e-11,2.8096478634042973e-05
23,Seen,4.242089608725284e-11,2.9772446888327734e-05
23,Seen,3.0697707040632264e-11,2.585536723363313e-05
23,Unseen,2.192202790166362e-11,2.181422336390146e-05
23,Unseen,2.250248427552681e-11,2.1579885954101007e-05
23,Unseen,2.6829563267717172e-11,2.357158446700935e-05
23,Unseen,3.089661539276773e-11,2.4923159476810808e-05
23,Seen,4.890543947031234e-11,3.2295768133592934e-05
23,Seen,4.515352896186091e-11,2.483668850912949e-05
23,Unseen,2.5750773363277018e-11,2.2985723810880756e-05
23,Seen,3.2154987294211145e-11,2.4782040432202716e-05
23,Unseen,2.3984766304964175e-11,2.385755715252475e-05
23,Unseen,2.5226741913408103e-11,2.3131204080623097e-05
23,Seen,3.670889159422786e-11,2.6190548591632785e-05
23,Seen,2.243846469999024e-11,2.1559760304571168e-05
23,Seen,3.410549040385486e-11,2.4820082263275605e-05
23,Seen,4.386512743774915e-11,2.868501311652464e-05
23,Seen,3.946265416693343e-11,2.767078931325821e-05
23,Unseen,4.429957834087752e-11,2.7422295853240296e-05
23,Seen,2.7971856009176037e-11,2.3643149488044485e-05
23,Unseen,2.6972141656202483e-11,2.481233762377562e-05
23,Seen,4.1621002333282686e-11,3.0253367704121945e-05
23,Unseen,3.1253105589941094e-11,2.5569768375052206e-05
23,Seen,3.434648575547425e-11,2.6179700267888873e-05
23,Unseen,2.743465401817363e-11,2.433255023240555e-05
23,Unseen,3.713498332994334e-11,2.6598611267573147e-05
23,Seen,3.136482857259492e-11,2.5150591023113054e-05
23,Seen,3.259884212329282e-11,2.5663952350563883e-05
23,Unseen,6.943196878910571e-11,2.8461236128527224e-05
23,Seen,3.955362009509488e-11,2.6765007546360227e-05
23,Seen,3.360552172789339e-11,2.7123699014684874e-05
23,Seen,8.049021035810721e-11,3.103376943168287e-05
23,Seen,3.311422826376424e-11,2.5050663421082517e-05
23,Seen,3.975581790196888e-11,2.831034897562247e-05
23,Unseen,2.9830068317913087e-11,2.4873136353029657e-05
23,Unseen,2.9782124759090127e-11,2.4710833204341326e-05
23,Unseen,5.721502140587622e-11,3.068831295934762e-05
23,Seen,7.630886504767939e-11,3.0950865339356133e-05
23,Unseen,3.845734808927305e-11,2.7137219532665346e-05
23,Seen,3.003805588798871e-11,2.622665727654738e-05
23,Unseen,3.97660934467728e-11,2.827712803722604e-05
23,Unseen,3.188009004739154e-11,2.6729904034988983e-05
23,Unseen,3.018182511873215e-11,2.5996936381754395e-05
23,Seen,4.01987850592235e-11,2.945129265189185e-05
23,Seen,4.447246120971171e-11,2.575237062170926e-05
23,Unseen,2.910002147401425e-11,2.634651308579236e-05
23,Unseen,4.458004275469194e-11,2.424302891928159e-05
23,Unseen,3.12479546168891e-11,2.486452009222399e-05
23,Seen,3.4187458152804784e-11,2.6673460790705848e-05
23,Seen,3.937687531666847e-11,2.931541716061033e-05
23,Unseen,2.6789873629593236e-11,2.4480551718489457e-05
23,Seen,2.8433100543107563e-11,2.319454775682027e-05
23,Seen,2.974588520962386e-11,2.5691236307132403e-05
23,Unseen,3.78289420749234e-11,2.9995979574609846e-05
23,Unseen,2.7068919565520136e-11,2.4542778591321925e-05
23,Unseen,3.5078851233349466e-11,2.6775146470068245e-05
23,Unseen,3.7742488209730764e-11,2.673048118420964e-05
23,Unseen,2.5840876957265947e-11,2.3916458510210467e-05
23,Unseen,3.27490176145368e-11,2.51721607794292e-05
23,Unseen,4.4979721345456625e-11,3.0992735382832486e-05
23,Seen,3.665533957548335e-11,2.9386892292307204e-05
23,Seen,4.8574421268730934e-11,3.087394678277898e-05
23,Seen,2.984451612038967e-11,2.553128369344185e-05
23,Unseen,8.49322635624479e-11,3.109284506492319e-05
23,Seen,4.1993885047506154e-11,2.860550284282515e-05
23,Seen,3.2945489772619456e-11,2.6096200280638627e-05
23,Unseen,3.012901718842849e-11,2.6467915006195587e-05
23,Seen,3.533090274757814e-11,2.6307053069299044e-05
23,Seen,5.614429225340377e-11,3.461013577592768e-05
23,Unseen,4.1559060921673024e-11,2.9218439929566867e-05
23,Seen,5.115996508339194e-11,3.223276711849518e-05
23,Unseen,4.078782236934755e-11,2.8607679630161172e-05
23,Unseen,3.8883110127384074e-11,2.5659808858268683e-05
23,Unseen,4.3228799073999106e-11,2.9996222413920464e-05
23,Seen,4.598163420355348e-11,2.950595061194709e-05
23,Seen,7.69566129059244e-11,3.572474942636312e-05
23,Unseen,3.7881538946488794e-11,2.7647408904131595e-05
23,Seen,6.600782210413066e-11,3.6464642932203125e-05
23,Seen,4.23333229651908e-11,2.7999284599479326e-05
23,Seen,5.4011699299739003e-11,3.234851790393593e-05
23,Seen,3.836191426535077e-11,2.7477179543004075e-05
23,Seen,7.019419664430718e-11,3.243754958855375e-05
23,Unseen,5.7443297411540476e-11,3.9438787285549643e-05
23,Seen,5.796878825457439e-11,3.3864359298477e-05
23,Seen,5.508955883765206e-11,3.4297792357690914e-05
23,Seen,6.067773747945271e-11,3.1884989108023264e-05
23,Seen,6.142133056100026e-11,3.542375843252873e-05
23,Seen,2.580456093038252e-11,2.40109632695416e-05
23,Seen,2.7159537064086546e-11,2.4744498881683e-05
23,Seen,4.530565725320149e-11,3.0359236049082707e-05
23,Seen,6.108319046971993e-11,3.617081311372078e-05
23,Seen,3.497827306363599e-11,2.5764277209519844e-05
23,Seen,3.926424198210931e-11,2.6055872235841744e-05
23,Seen,3.6502399094907187e-11,2.761738711576765e-05
23,Seen,5.40405024489315e-11,3.3165906989420246e-05
23,Unseen,3.0186118332915436e-11,2.6713663386098136e-05
23,Seen,4.59597947507035e-11,2.9541249192980945e-05
23,Unseen,2.6726149953846315e-11,2.2536855163157964e-05
23,Seen,4.6518126514450114e-11,3.2892409354072296e-05
23,Unseen,2.9965471527335974e-11,2.530679737958751e-05
23,Seen,7.000724249034504e-11,3.264002906477162e-05
23,Seen,5.890671979870798e-11,3.194451389499937e-05
23,Unseen,2.991785733613669e-11,2.4824501853922265e-05
23,Unseen,4.038533146315373e-11,2.8739434622570315e-05
23,Seen,4.991520613795286e-11,3.0023541693110984e-05
23,Seen,4.068281957190954e-11,2.811168755824195e-05
23,Seen,3.111562089123152e-11,2.5343222267669145e-05
23,Seen,3.787964893021895e-11,2.751821915729206e-05
23,Unseen,3.434457159759045e-11,2.829567853061197e-05
23,Seen,2.815340655770173e-11,2.547360790617992e-05
23,Seen,3.808838970152843e-11,2.8304907664775824e-05
23,Seen,5.339764049896438e-11,3.288194227081791e-05
23,Seen,2.8754299413676234e-11,2.4570330643686967e-05
23,Unseen,3.891077802692903e-11,2.80255577540349e-05
23,Seen,5.1119738972791223e-11,2.7610163053835704e-05
23,Unseen,3.858516522616741e-11,2.8238380775833952e-05
23,Seen,6.483480669018489e-11,3.081947278085049e-05
23,Unseen,3.526127196034679e-11,2.7133700608892e-05
23,Unseen,3.964093620163294e-11,2.958886381669304e-05
23,Unseen,3.438411959862708e-11,3.0158230007788296e-05
23,Unseen,8.5345751865933e-11,2.932857733906819e-05
23,Seen,9.1264979770288e-11,3.117892294510152e-05
23,Unseen,4.053846966930499e-11,2.8562882753845836e-05
23,Unseen,3.689368851967504e-11,2.7417084092431303e-05
23,Seen,5.1483924404431e-11,2.963576696689454e-05
23,Seen,4.9783525637558285e-11,3.1775926196860885e-05
23,Unseen,2.5386443277270483e-11,2.4030918134539644e-05
23,Unseen,5.4476315726972484e-11,3.479112666168442e-05
23,Seen,5.4972816694193973e-11,3.347880340622702e-05
23,Seen,4.83013130750093e-11,3.188506760289801e-05
23,Seen,3.148170103399068e-11,2.65697004136158e-05
23,Seen,8.13362860543848e-11,3.99047079529063e-05
23,Unseen,3.9617142370943394e-11,3.099296369040589e-05
23,Seen,7.97737856001107e-11,3.6942254479568114e-05
23,Unseen,4.432127916566116e-11,2.979219394677062e-05
23,Unseen,9.306238453757077e-11,2.934781987666925e-05
23,Seen,5.2876116490640335e-11,3.16080894452962e-05
23,Unseen,3.232279461561471e-11,2.77081859038257e-05
23,Seen,6.736870680874804e-11,3.103635440339813e-05
23,Unseen,4.124782295787501e-11,2.939822655270955e-05
23,Unseen,1.5950834800412557e-10,3.931285078124164e-05
23,Unseen,9.834581584074129e-11,2.9473137164264715e-05
23,Unseen,5.987467396001404e-11,3.235391625485989e-05
23,Unseen,5.010228745369879e-11,3.377719330111186e-05
23,Unseen,5.991309335596143e-11,2.8646025790393136e-05
23,Unseen,6.504160427760848e-11,3.4140224655827004e-05
23,Seen,6.06621715809541e-11,2.8516083209959796e-05
23,Seen,4.5786105604840976e-11,3.116724677446602e-05
23,Seen,5.322047474523977e-11,2.882923593665665e-05
23,Unseen,7.591369207136859e-11,2.7516915973187817e-05
23,Unseen,4.448334188414897e-11,2.929186802345991e-05
23,Seen,6.175321016457431e-11,3.18894413864834e-05
23,Unseen,7.045494067667225e-11,2.9908287233324604e-05
23,Seen,4.8220222376614074e-11,3.0154120580340522e-05
23,Unseen,2.8110645579517882e-11,2.486922751197557e-05
23,Unseen,4.798607378225126e-11,3.267908313720712e-05
23,Unseen,4.904240513834606e-11,3.1737237119719494e-05
23,Unseen,6.490096592290426e-11,3.699055157187162e-05
23,Seen,3.595110859596217e-11,2.8553647892142946e-05
23,Unseen,5.176067203266643e-11,3.159597519951224e-05
23,Seen,1.1627894665702271e-10,5.392556696861479e-05
23,Unseen,3.6199284470026754e-11,2.8816267091783847e-05
23,Unseen,3.984407750914492e-11,2.785886636666511e-05
23,Seen,4.970790322223755e-11,3.36285876208784e-05
23,Unseen,5.4871359517781733e-11,3.158385791673274e-05
23,Seen,3.6658030185121877e-11,3.053183372273423e-05
23,Unseen,4.561510051820896e-11,3.038264766262237e-05
23,Seen,3.884228808587968e-11,2.908864947897385e-05
23,Seen,5.252628538563211e-11,3.560584050111875e-05
23,Seen,7.308646113363294e-11,3.362149918730007e-05
23,Seen,4.3950927184451854e-11,2.86962861672754e-05
23,Seen,4.6496536167727695e-11,3.1184966526144924e-05
23,Seen,5.2560523005341863e-11,3.2815746550483335e-05
23,Seen,6.574403080784164e-11,3.539739496451203e-05
23,Unseen,3.425507097522586e-11,2.689829869982768e-05
23,Seen,8.474567794825262e-11,3.548414126529712e-05
23,Seen,5.256998000057223e-11,3.288882458264839e-05
23,Seen,5.3586633394026077e-11,3.306043711045295e-05
23,Seen,5.0931597040408655e-11,3.336892411126445e-05
23,Unseen,4.337357311539617e-11,3.155275720847948e-05
23,Unseen,6.244948342333228e-11,2.928346704624411e-05
23,Unseen,3.073909062257763e-11,2.7315229030327234e-05
23,Unseen,4.555197024522683e-11,3.1441835295036006e-05
23,Seen,5.33094615920218e-11,3.089938825896687e-05
23,Seen,6.025778178409536e-11,3.458010001129586e-05
23,Seen,4.480367892845045e-11,3.127596749501932e-05
23,Seen,4.8001438273111966e-11,3.238219977852754e-05
23,Seen,5.599811316724623e-11,3.360619866043894e-05
23,Seen,4.0041868345098624e-11,2.9767890705000775e-05
23,Seen,4.387196022507335e-11,3.0432860023458874e-05
23,Seen,6.164311283700388e-11,3.464215017969356e-05
23,Seen,5.790678161902509e-11,3.366782441730308e-05
23,Seen,4.054600162866063e-11,2.9937222236768652e-05
23,Seen,8.098834630570942e-11,3.0917757371867074e-05
