subject,trial_index,event_name,awareness,perm_entropy_mean,lz_complexity_mean
10,0,Present/Unseen/Left,Unseen,0.9746703528053856,0.8643498466925892
10,1,Present/Unseen/Right,Unseen,0.9710839007607709,0.809999247813339
10,2,Present/Unseen/Left,Unseen,0.9842373978641572,0.8696095820680005
10,5,Present/Unseen/Right,Unseen,0.9801244459849436,0.8748693174434118
10,6,Present/Unseen/Left,Unseen,0.9740049325185868,0.8950316363824885
10,7,Present/Unseen/Left,Unseen,0.9787012712323634,0.8888952784445086
10,10,Present/Seen/Right,Seen,0.9859252609691872,0.8205187185641618
10,11,Present/Seen/Right,Seen,0.9781170990392691,0.8354213021278271
10,12,Present/Unseen/Right,Unseen,0.9769196806971882,0.8967848815076254
10,13,Present/Seen/Left,Seen,0.9864278249241876,0.9888302505773231
10,15,Present/Unseen/Left,Unseen,0.9892299754181154,1.0081159469538312
10,16,Present/Unseen/Right,Unseen,0.9848946276705447,0.8853887881942343
10,18,Present/Unseen/Right,Unseen,0.9861772382074742,0.9379861419483472
10,21,Present/Unseen/Right,Unseen,0.9707614613893724,0.9160705778841336
10,22,Present/Seen/Left,Seen,0.9764461965952667,0.8117524929384765
10,23,Present/Unseen/Left,Unseen,0.9749073051338218,0.8845121656316659
10,24,Present/Seen/Right,Seen,0.9778219079789039,0.8082460026882022
10,25,Present/Unseen/Right,Unseen,0.9633784481652928,0.8038628898753593
10,27,Present/Unseen/Left,Unseen,0.9700956993605266,0.8932783912573515
10,29,Present/Seen/Left,Seen,0.9749721886338508,0.8047395124379279
10,30,Present/Unseen/Right,Unseen,0.9744968423886675,0.9081809748210168
10,32,Present/Seen/Right,Seen,0.9705181324290805,0.8555836210669037
10,33,Present/Unseen/Left,Unseen,0.969544481036902,0.7749343453105972
10,35,Present/Unseen/Left,Unseen,0.9712287512058849,0.8547069985043351
10,37,Present/Unseen/Left,Unseen,0.9842274750027314,0.9081809748210167
10,39,Present/Unseen/Right,Unseen,0.984489603015329,0.9485056126991697
10,40,Present/Seen/Right,Seen,0.9870786449665286,0.9292199163226619
10,41,Present/Unseen/Left,Unseen,0.9729636485847621,0.9195770681344076
10,43,Present/Seen/Right,Seen,0.9790291930275712,0.8038628898753593
10,44,Present/Unseen/Right,Unseen,0.9796494325963344,0.9081809748210168
10,45,Present/Unseen/Left,Unseen,0.9821647839002702,0.8669797143802948
10,47,Present/Unseen/Left,Unseen,0.9787114079048118,0.8959082589450569
10,48,Present/Seen/Right,Seen,0.9758356395285378,0.9642848188254041
10,49,Present/Unseen/Left,Unseen,0.9809864787177188,0.9467523675740329
10,50,Present/Unseen/Right,Unseen,0.9814686764028162,0.9037978620081738
10,51,Present/Seen/Left,Seen,0.9801242912711597,0.7994797770625167
10,54,Present/Unseen/Left,Unseen,0.9835173816673923,0.923083558384682
10,56,Present/Unseen/Left,Unseen,0.9809820117385728,0.9020446168830367
10,57,Present/Unseen/Right,Unseen,0.9750464821094457,0.8818822979439602
10,59,Present/Unseen/Right,Unseen,0.98201496587028,0.8564602436294722
10,61,Present/Unseen/Right,Unseen,0.9688652181377322,0.8459407728786497
10,62,Present/Unseen/Left,Unseen,0.9707565047147438,0.9467523675740328
10,64,Present/Unseen/Right,Unseen,0.9791336676088751,0.8634732241300207
10,65,Present/Seen/Left,Seen,0.9828433856958463,0.8503238856914925
10,66,Present/Seen/Right,Seen,0.9860306019403661,0.9502588578243071
10,67,Present/Seen/Left,Seen,0.9832801655414587,0.8362979246903958
10,68,Present/Seen/Right,Seen,0.9738596817353522,0.8441875277535125
10,71,Present/Seen/Left,Seen,0.9812411628023046,0.8494472631289239
10,72,Present/Seen/Left,Seen,0.9747087331533644,0.9257134260723876
10,75,Present/Unseen/Right,Unseen,0.9864342075571619,1.0037328341409886
10,76,Present/Unseen/Left,Unseen,0.987320983729977,0.9195770681344079
10,77,Present/Seen/Right,Seen,0.9851502162140747,0.8696095820680007
10,78,Present/Unseen/Left,Unseen,0.977261605375813,0.905551107133311
10,81,Present/Seen/Right,Seen,0.9838117231601561,0.8950316363824884
10,82,Present/Seen/Left,Seen,0.9851434763456831,0.8152589831887506
10,83,Present/Seen/Right,Seen,0.9801809871723208,0.889771901007077
10,84,Present/Seen/Left,Seen,0.9830600705971481,0.8687329595054321
10,85,Present/Seen/Left,Seen,0.9815301320645095,0.8441875277535126
10,88,Present/Seen/Right,Seen,0.9785569210960051,0.9213303132595448
10,89,Present/Seen/Right,Seen,0.9851307489235149,0.8792524302562545
10,91,Present/Seen/Left,Seen,0.9856780958803723,0.8827589205065287
10,92,Present/Unseen/Right,Unseen,0.9847153281709373,1.020388662829791
10,94,Present/Unseen/Right,Unseen,0.9829037156078326,1.0168821725795167
10,95,Present/Unseen/Left,Unseen,0.9870482181582502,1.0344146238308878
10,96,Present/Seen/Left,Seen,0.9848138023188091,0.9888302505773231
10,98,Present/Unseen/Right,Unseen,0.9834738513623817,1.0011029664532831
10,99,Present/Unseen/Left,Unseen,0.990715099035223,0.938862764510916
10,101,Present/Seen/Right,Seen,0.9860768559532693,0.8722394497557062
10,102,Present/Seen/Left,Seen,0.9875317300293894,0.8906485235696457
10,103,Present/Unseen/Right,Unseen,0.989641779444504,1.0151289274543795
10,104,Present/Seen/Left,Seen,0.9862689579838166,0.9353562742606416
10,106,Present/Seen/Right,Seen,0.9871781154348451,1.0466873397068475
10,110,Present/Seen/Left,Seen,0.9875800361084434,0.8915251461322142
10,111,Present/Unseen/Right,Unseen,0.9836309718192588,0.9599017060125612
10,112,Present/Unseen/Left,Unseen,0.9885742014253461,1.00285621157842
10,113,Present/Seen/Right,Seen,0.9829604038956543,0.8932783912573512
10,115,Present/Seen/Right,Seen,0.9826717725489305,0.7959732868122423
10,117,Present/Seen/Right,Seen,0.9824762779657725,0.9178238230092708
10,118,Present/Unseen/Left,Unseen,0.9802480153064693,0.9853237603270488
10,119,Present/Unseen/Left,Unseen,0.9866822861761343,0.988830250577323
10,120,Present/Unseen/Right,Unseen,0.964178329363651,0.8310381893149843
10,121,Present/Unseen/Left,Unseen,0.97120055129274,0.7977265319373796
10,122,Present/Seen/Left,Seen,0.964190786875369,0.7214603689939157
10,125,Present/Seen/Right,Seen,0.9855970071061778,0.9660380639505409
10,127,Present/Unseen/Left,Unseen,0.9854850691854028,0.8994147491953312
10,129,Present/Unseen/Right,Unseen,0.9789591274232782,0.8257784539395729
10,130,Present/Unseen/Right,Unseen,0.9853282657511764,0.8967848815076255
10,131,Present/Seen/Left,Seen,0.9868877012748883,0.9309731614477988
10,133,Present/Unseen/Left,Unseen,0.987207107957624,1.014252304891811
10,135,Present/Seen/Right,Seen,0.9852254479552084,0.9222069358221134
10,136,Present/Seen/Right,Seen,0.9856231087757351,0.8880186558819398
10,137,Present/Seen/Left,Seen,0.9870849303115408,0.9108108425087225
10,139,Present/Seen/Left,Seen,0.9878590311846961,0.9020446168830367
10,140,Present/Seen/Left,Seen,0.9853809423168559,0.884512165631666
10,142,Present/Seen/Right,Seen,0.9834274683054338,0.8888952784445086
10,143,Present/Unseen/Right,Unseen,0.9787371039008248,0.915193955321565
10,145,Present/Seen/Right,Seen,0.9865937340675697,0.8327914344401216
10,147,Present/Unseen/Left,Unseen,0.9833447991234623,0.8135057380636134
10,148,Present/Seen/Left,Seen,0.9837219487809168,0.7994797770625166
10,149,Present/Seen/Right,Seen,0.9876322886374428,0.77931745812344
10,152,Present/Seen/Left,Seen,0.985424591416454,0.8503238856914924
10,153,Present/Seen/Left,Seen,0.9857911705188326,0.8652264692551577
10,154,Present/Seen/Right,Seen,0.9812910252346477,0.9134407101964278
10,155,Present/Seen/Right,Seen,0.9865653066475041,0.8406810375032384
10,157,Present/Unseen/Left,Unseen,0.9777330732799204,0.852953753379198
10,158,Present/Seen/Right,Seen,0.9845834394023862,0.8722394497557062
10,160,Present/Unseen/Left,Unseen,0.9715530595892495,0.8547069985043353
10,161,Present/Seen/Right,Seen,0.9832020169906719,0.8757459400059806
10,164,Present/Seen/Left,Seen,0.9786143144952997,0.7880836837491255
10,165,Present/Seen/Right,Seen,0.9835278782572963,0.8906485235696457
10,166,Present/Unseen/Left,Unseen,0.9762040035608648,0.8503238856914924
10,167,Present/Seen/Right,Seen,0.9788393011980011,0.8696095820680005
10,169,Present/Seen/Right,Seen,0.9786130120088912,0.9669146865131094
10,171,Present/Unseen/Left,Unseen,0.9794062358741391,0.9099342199461538
10,172,Present/Unseen/Right,Unseen,0.9772493120698279,0.7994797770625166
10,173,Present/Seen/Left,Seen,0.9828962052386553,0.8792524302562544
10,175,Present/Seen/Left,Seen,0.986957886873145,0.8152589831887506
10,177,Present/Seen/Right,Seen,0.9817675225160934,0.8748693174434118
10,178,Present/Seen/Left,Seen,0.9838021900092827,0.8652264692551578
10,179,Present/Unseen/Right,Unseen,0.9791362490843685,0.7942200416871052
10,180,Present/Seen/Left,Seen,0.9459420942365988,0.7845771934988514
10,181,Present/Unseen/Left,Unseen,0.9623985785522109,0.7574018940592262
10,183,Present/Unseen/Right,Unseen,0.9663134783367802,0.811752492938476
10,184,Present/Seen/Right,Seen,0.9652125697032682,0.5969799651091817
10,187,Present/Seen/Right,Seen,0.9618207137310197,0.7100642756805245
10,189,Present/Seen/Left,Seen,0.9733839408859825,0.8117524929384763
10,190,Present/Unseen/Left,Unseen,0.9729134308511468,0.860843356442315
10,191,Present/Seen/Right,Seen,0.9735841697106252,0.7749343453105971
10,192,Present/Seen/Right,Seen,0.9731864677687062,0.8406810375032384
10,193,Present/Unseen/Left,Unseen,0.9769096166242184,0.7591551391843633
10,195,Present/Seen/Right,Seen,0.9626630991584167,0.7723044776228916
10,196,Present/Unseen/Left,Unseen,0.9656248147155566,0.7705512324977545
10,198,Present/Unseen/Left,Unseen,0.9604434816792017,0.7258434818067585
10,201,Present/Unseen/Right,Unseen,0.9701866012553128,0.7977265319373794
10,202,Present/Unseen/Left,Unseen,0.9820585505097509,0.9239601809472504
10,203,Present/Unseen/Right,Unseen,0.978871446433343,0.7749343453105974
10,204,Present/Unseen/Right,Unseen,0.9786530969492138,0.8818822979439601
10,206,Present/Seen/Left,Seen,0.9772063076420269,0.7363629525575811
10,208,Present/Unseen/Right,Unseen,0.9890884857128671,1.0037328341409886
10,209,Present/Unseen/Left,Unseen,0.9830528540899818,0.9002913717578996
10,210,Present/Unseen/Left,Unseen,0.9842955064629683,0.9099342199461534
10,211,Present/Seen/Right,Seen,0.9810502599509042,0.8967848815076255
10,212,Present/Seen/Left,Seen,0.9875462607499891,0.9213303132595448
10,214,Present/Unseen/Right,Unseen,0.9809417236763959,0.9309731614477988
10,216,Present/Unseen/Right,Unseen,0.9844974345532921,0.9721744218885208
10,217,Present/Seen/Right,Seen,0.975355697770442,0.8038628898753593
10,218,Present/Unseen/Left,Unseen,0.9786924969241722,0.7994797770625167
10,219,Present/Seen/Left,Seen,0.9829126548129569,0.8170122283138876
10,223,Present/Seen/Left,Seen,0.9673550296276063,0.7600317617469318
10,224,Present/Seen/Right,Seen,0.982700065580081,0.8713628271931375
10,226,Present/Unseen/Left,Unseen,0.9868069844793087,0.9870770054521861
10,227,Present/Seen/Right,Seen,0.9836491885965597,0.9388627645109159
10,228,Present/Seen/Right,Seen,0.979950059037273,0.8424342826283755
10,229,Present/Seen/Left,Seen,0.987040734395778,0.8468173954412181
10,230,Present/Unseen/Left,Unseen,0.9844794307350626,0.8915251461322142
10,232,Present/Unseen/Right,Unseen,0.9865313346813932,0.9897068731398917
10,234,Present/Unseen/Left,Unseen,0.9822840098192903,0.9371095193857786
10,235,Present/Unseen/Right,Unseen,0.9834147791898281,0.876622562568549
10,237,Present/Unseen/Right,Unseen,0.9830357243874165,0.9537653480745811
10,238,Present/Seen/Left,Seen,0.9818913195447557,0.967791309075678
10,240,Present/Seen/Left,Seen,0.9554088485182342,0.788960306311694
10,241,Present/Unseen/Right,Unseen,0.9594559361758422,0.854706998504335
10,243,Present/Seen/Left,Seen,0.9677634286135107,0.7293499720570328
10,245,Present/Seen/Right,Seen,0.9724259891387697,0.7959732868122424
10,246,Present/Seen/Left,Seen,0.9836442764357669,0.9818172700767748
10,248,Present/Seen/Right,Seen,0.9773698859133096,0.8704862046305689
10,249,Present/Seen/Left,Seen,0.9619832731667761,0.5698046656695568
10,251,Present/Seen/Right,Seen,0.9742908061285019,0.8108758703759077
10,254,Present/Unseen/Left,Unseen,0.9763553855962899,0.8415576600658068
10,255,Present/Seen/Right,Seen,0.9605627935612605,0.8029862673127908
10,256,Present/Unseen/Right,Unseen,0.9790289951816823,0.8389277923781011
10,257,Present/Unseen/Left,Unseen,0.9794044888368916,0.895908258945057
10,258,Present/Seen/Right,Seen,0.9823608468137006,0.8634732241300207
10,260,Present/Seen/Left,Seen,0.9729901038945086,0.7924667965619682
10,261,Present/Seen/Left,Seen,0.9829022350154082,0.959901706012561
10,263,Present/Seen/Right,Seen,0.9784820911411347,0.8924017686947827
10,265,Present/Seen/Left,Seen,0.9777955476596034,0.8398044149406698
10,266,Present/Seen/Right,Seen,0.9857102646824739,0.8301615667524158
10,267,Present/Unseen/Right,Unseen,0.9648631258500908,0.761785006872069
10,269,Present/Seen/Left,Seen,0.9816554667215245,0.9037978620081738
10,271,Present/Seen/Right,Seen,0.9854363638162799,0.9125640876338594
10,272,Present/Unseen/Left,Unseen,0.9860417475021293,0.9572718383248555
10,274,Present/Seen/Right,Seen,0.9633344964547137,0.7118175208056617
10,275,Present/Unseen/Left,Unseen,0.9782233633981983,0.8634732241300207
10,276,Present/Seen/Right,Seen,0.9875820597083149,0.9774341572639322
10,277,Present/Seen/Right,Seen,0.9784338472976924,0.8704862046305691
10,279,Present/Seen/Left,Seen,0.9896877819124011,1.0291548884554766
10,281,Present/Seen/Left,Seen,0.9872800890182093,0.8994147491953312
10,283,Present/Seen/Right,Seen,0.9811247507512525,0.9108108425087224
10,284,Present/Seen/Left,Seen,0.9845751615106556,0.9809406475142062
10,285,Present/Unseen/Left,Unseen,0.9843487356792102,0.9599017060125611
10,286,Present/Unseen/Right,Unseen,0.9873820812299733,0.9458757450114642
10,288,Present/Unseen/Left,Unseen,0.9844975364645757,0.9756809121387948
10,289,Present/Unseen/Right,Unseen,0.9829778331437058,0.9099342199461539
10,290,Present/Unseen/Left,Unseen,0.9865191663848759,0.969544554200815
10,293,Present/Unseen/Right,Unseen,0.9837270850783609,0.9783107798265006
10,296,Present/Seen/Left,Seen,0.9804671840033511,0.8187654734390246
10,297,Present/Seen/Right,Seen,0.9801468216576127,0.8170122283138878
10,298,Present/Seen/Left,Seen,0.9875595007532479,0.921330313259545
10,299,Present/Unseen/Right,Unseen,0.9884367836624657,0.9607783285751296
10,300,Present/Unseen/Left,Unseen,0.9836032769645745,0.9712977993259522
10,303,Present/Unseen/Right,Unseen,0.9746571875337453,0.8415576600658069
10,304,Present/Seen/Right,Seen,0.9866927931770276,0.812629115501045
10,305,Present/Seen/Left,Seen,0.9693757740777208,0.8485706405663552
10,308,Present/Seen/Left,Seen,0.9793776588697989,0.7828239483737142
10,309,Present/Seen/Right,Seen,0.9803866226896666,0.8897719010070769
10,310,Present/Seen/Left,Seen,0.984369979127416,0.8117524929384763
10,311,Present/Seen/Right,Seen,0.9851205903263615,0.934479651698073
10,313,Present/Unseen/Right,Unseen,0.9792583782136268,0.814382360626182
10,314,Present/Seen/Left,Seen,0.9819202099374339,0.8731160723182747
10,315,Present/Seen/Left,Seen,0.9833609589033485,0.9634081962628354
10,316,Present/Seen/Right,Seen,0.9806351639540124,0.9108108425087222
10,318,Present/Seen/Right,Seen,0.9797900355285675,0.8713628271931375
10,319,Present/Seen/Right,Seen,0.9875623857536082,0.8801290528188231
10,321,Present/Seen/Left,Seen,0.9872856536991278,0.8713628271931375
10,323,Present/Seen/Left,Seen,0.9863786648006688,0.8801290528188231
10,326,Present/Seen/Left,Seen,0.9862867150367578,0.8827589205065287
10,327,Present/Unseen/Right,Unseen,0.9861584379258246,0.940616009636053
10,328,Present/Unseen/Right,Unseen,0.9856585792234149,0.9441224998863271
10,329,Present/Seen/Left,Seen,0.9809188936421552,0.897661504070194
10,330,Present/Seen/Left,Seen,0.9828765184162737,0.9160705778841336
10,332,Present/Seen/Left,Seen,0.9867097202150303,0.9546419706371497
10,333,Present/Seen/Right,Seen,0.9801923113705105,0.9344796516980731
10,334,Present/Unseen/Right,Unseen,0.9848581993753809,0.9572718383248555
10,336,Present/Seen/Left,Seen,0.9858037577187856,0.9037978620081738
10,338,Present/Seen/Right,Seen,0.9776154177151768,0.7828239483737142
10,340,Present/Seen/Right,Seen,0.9796440624073668,0.8853887881942343
10,341,Present/Unseen/Left,Unseen,0.9783117482558275,0.7863304386239883
10,343,Present/Seen/Left,Seen,0.9726220702886552,0.7232136141190529
10,345,Present/Unseen/Right,Unseen,0.9860718877790632,1.0151289274543795
10,346,Present/Seen/Right,Seen,0.9885477855979826,0.9362328968232102
10,347,Present/Seen/Left,Seen,0.9783865537153702,0.9143173327589966
10,348,Present/Seen/Right,Seen,0.985830465493182,0.9441224998863271
10,349,Present/Unseen/Left,Unseen,0.9790491800423543,0.9774341572639319
10,350,Present/Seen/Right,Seen,0.9728224381096063,0.7898369288742624
10,353,Present/Unseen/Left,Unseen,0.9848944709920456,0.9265900486349562
10,355,Present/Seen/Right,Seen,0.9836362343747913,0.8424342826283754
10,356,Present/Seen/Left,Seen,0.9828958019825105,0.7740577227480289
10,358,Present/Seen/Right,Seen,0.9881222920259257,1.001102966453283
10,359,Present/Seen/Left,Seen,0.9806516499992713,0.8494472631289237
10,360,Present/Unseen/Left,Unseen,0.9680135844068805,0.8196420960015932
10,361,Present/Unseen/Left,Unseen,0.9670087912819829,0.7302265946196013
10,364,Present/Seen/Right,Seen,0.9643848732959397,0.7232136141190529
10,365,Present/Seen/Right,Seen,0.9699956678546284,0.8240252088144359
10,366,Present/Seen/Left,Seen,0.9696660964384648,0.6872720890537423
10,368,Present/Unseen/Right,Unseen,0.9508557800777017,0.810875870375908
10,370,Present/Seen/Left,Seen,0.9545515885749914,0.7731811001854602
10,371,Present/Seen/Right,Seen,0.9690427444705844,0.8064927575630649
10,372,Present/Seen/Left,Seen,0.9647541329053977,0.8485706405663553
10,374,Present/Seen/Right,Seen,0.9813686251963717,0.7135707659307988
10,376,Present/Seen/Right,Seen,0.9720749925382779,0.8345446795652586
10,377,Present/Unseen/Left,Unseen,0.983461633655438,0.9327264065729359
10,378,Present/Seen/Right,Seen,0.9846669606141539,0.9248368035098192
10,380,Present/Seen/Left,Seen,0.9863196251901168,0.8021096447502221
10,381,Present/Seen/Left,Seen,0.9792823959618792,0.8941550138199198
10,383,Present/Seen/Right,Seen,0.9767884197469351,0.8669797143802949
10,385,Present/Seen/Right,Seen,0.9818077278491968,0.9274666711975249
10,386,Present/Unseen/Left,Unseen,0.9878336023631609,0.9511354803868756
10,388,Present/Seen/Right,Seen,0.9828795302248962,0.8853887881942344
10,389,Present/Seen/Left,Seen,0.9869628909201208,0.9721744218885209
10,391,Present/Seen/Right,Seen,0.9849336536643027,0.987077005452186
10,392,Present/Seen/Left,Seen,0.9828183305971125,0.8652264692551578
10,393,Present/Seen/Left,Seen,0.9861625472201078,0.9336030291355046
10,394,Present/Seen/Right,Seen,0.986520147955577,0.872239449755706
10,396,Present/Unseen/Right,Unseen,0.9727587840977069,0.8696095820680004
10,399,Present/Seen/Right,Seen,0.9865178411402127,0.9292199163226618
10,400,Present/Unseen/Left,Unseen,0.9830468883614283,0.9099342199461538
10,401,Present/Unseen/Left,Unseen,0.9820286772349515,0.8818822979439601
10,403,Present/Unseen/Right,Unseen,0.9843724411116903,0.9835705152019117
10,404,Present/Unseen/Right,Unseen,0.9857798847223659,0.9853237603270489
10,405,Present/Seen/Left,Seen,0.9887842880258977,0.874869317443412
10,407,Present/Seen/Left,Seen,0.977468210186244,0.8441875277535124
10,409,Present/Unseen/Right,Unseen,0.9712016001207537,0.8319148118775531
10,410,Present/Seen/Right,Seen,0.9830499958890893,0.8792524302562547
10,411,Present/Seen/Left,Seen,0.9838000750599628,0.899414749195331
10,412,Present/Seen/Left,Seen,0.9852851836645838,0.8871420333193714
10,414,Present/Unseen/Right,Unseen,0.9843245607570058,0.956395215762287
10,415,Present/Seen/Right,Seen,0.9846539161642173,0.9949666085153032
10,418,Present/Unseen/Left,Unseen,0.9817399592513792,0.9274666711975248
10,419,Present/Unseen/Left,Unseen,0.9799957539184765,0.7915901739993996
10,420,Present/Unseen/Right,Unseen,0.9662404402071815,0.7968499093748109
10,423,Present/Unseen/Right,Unseen,0.985651165744617,0.8547069985043351
10,424,Present/Seen/Left,Seen,0.9866444370621035,0.9458757450114641
10,425,Present/Unseen/Left,Unseen,0.9828363418321878,0.9476289901366013
10,426,Present/Seen/Right,Seen,0.9790783663338456,0.9397393870734844
10,427,Present/Seen/Right,Seen,0.9825787381381273,0.9844471377644805
10,428,Present/Unseen/Left,Unseen,0.9816592051618511,0.8915251461322142
10,430,Present/Seen/Left,Seen,0.9720162289971754,0.7424993104955608
10,432,Present/Seen/Right,Seen,0.9860859649389885,0.9160705778841338
10,435,Present/Seen/Left,Seen,0.9739825210459021,0.8888952784445086
10,436,Present/Seen/Left,Seen,0.9834898777941977,0.8362979246903955
10,437,Present/Unseen/Right,Unseen,0.9849839778592494,0.9336030291355045
10,438,Present/Seen/Right,Seen,0.9738290898495147,0.7784408355608714
10,439,Present/Seen/Right,Seen,0.9836222756542035,0.934479651698073
10,440,Present/Unseen/Left,Unseen,0.9857238643883073,0.8520771308166295
10,443,Present/Seen/Left,Seen,0.9704145990198744,0.8073693801256335
10,444,Present/Seen/Left,Seen,0.9697222685006806,0.7451291781832666
10,445,Present/Unseen/Left,Unseen,0.9854444575790916,0.9300965388852303
10,446,Present/Seen/Right,Seen,0.9763935366873633,0.8678563369428633
10,449,Present/Unseen/Right,Unseen,0.9846939091483213,0.969544554200815
10,452,Present/Seen/Right,Seen,0.9829402372069781,0.9528887255120126
10,453,Present/Seen/Left,Seen,0.9847309617628679,0.8941550138199198
10,454,Present/Seen/Left,Seen,0.977269154532318,0.8292849441898471
10,455,Present/Seen/Right,Seen,0.9798590190270237,0.8047395124379279
10,456,Present/Seen/Left,Seen,0.9753688662237424,0.7731811001854602
10,457,Present/Seen/Right,Seen,0.9849564409794311,0.9651614413879723
10,459,Present/Seen/Right,Seen,0.984456828719608,0.8959082589450569
10,460,Present/Seen/Left,Seen,0.9861372600840622,1.036167868956025
10,462,Present/Seen/Left,Seen,0.9799416159240882,0.9265900486349561
10,464,Present/Unseen/Left,Unseen,0.986756685315532,0.9388627645109159
10,465,Present/Seen/Right,Seen,0.9830795880928358,0.9327264065729363
10,467,Present/Seen/Right,Seen,0.9846172665463755,0.8091226252507705
10,468,Present/Seen/Left,Seen,0.985469553165252,0.8634732241300208
10,469,Present/Seen/Left,Seen,0.983132386474344,0.9222069358221134
10,470,Present/Seen/Right,Seen,0.9808618251487807,0.8661030918177263
10,472,Present/Seen/Right,Seen,0.9803530411094876,0.8757459400059804
10,475,Present/Seen/Right,Seen,0.9850638753090453,0.8091226252507705
10,477,Present/Seen/Left,Seen,0.9865839183441597,0.8275316990647102
10,478,Present/Unseen/Right,Unseen,0.983210192462861,0.9073043522584482
10,479,Present/Seen/Left,Seen,0.9852336338781139,0.8512005082540609
10,480,Present/Unseen/Right,Unseen,0.981138600329201,0.8389277923781013
10,482,Present/Seen/Right,Seen,0.9885642689546227,0.9046744845707424
10,483,Present/Seen/Left,Seen,0.9849686314413992,0.88801865588194
10,484,Present/Seen/Left,Seen,0.9853808800212592,0.9257134260723876
10,486,Present/Unseen/Right,Unseen,0.9880194285086585,0.9599017060125611
10,487,Present/Unseen/Left,Unseen,0.9857601018738132,0.905551107133311
10,490,Present/Seen/Left,Seen,0.9863573562411081,0.9669146865131094
10,491,Present/Seen/Right,Seen,0.9657770125659151,0.7284733494944642
10,492,Present/Seen/Right,Seen,0.9746299981438363,0.9046744845707424
10,493,Present/Unseen/Left,Unseen,0.9767665563452133,0.859090111317178
10,495,Present/Seen/Right,Seen,0.9757531569620235,0.8433109051909441
10,496,Present/Seen/Left,Seen,0.9764066473518171,0.814382360626182
10,499,Present/Seen/Left,Seen,0.9823952930755051,0.9423692547611899
10,500,Present/Unseen/Right,Unseen,0.9743448796603166,0.8994147491953312
10,502,Present/Unseen/Right,Unseen,0.9815351609616485,0.907304352258448
10,503,Present/Seen/Left,Seen,0.9871292389361147,0.8512005082540609
10,504,Present/Seen/Right,Seen,0.9846707871989757,0.9642848188254037
10,505,Present/Seen/Left,Seen,0.9877857807415253,0.9940899859527345
10,506,Present/Seen/Right,Seen,0.986304594125228,0.9397393870734844
10,509,Present/Seen/Left,Seen,0.9825037622829823,0.8582134887546095
10,511,Present/Seen/Right,Seen,0.9860724912608163,0.8459407728786497
10,512,Present/Unseen/Left,Unseen,0.9834433156862985,0.8967848815076255
10,514,Present/Seen/Left,Seen,0.9806619522165234,0.7915901739993996
10,515,Present/Seen/Right,Seen,0.9767392219152424,0.800356399625085
10,516,Present/Seen/Left,Seen,0.9836954975467093,0.8275316990647102
10,518,Present/Unseen/Right,Unseen,0.9851900077011198,0.8687329595054318
10,519,Present/Seen/Right,Seen,0.9833484080519599,0.9371095193857786
10,521,Present/Seen/Left,Seen,0.9815791977506684,0.8634732241300207
10,523,Present/Seen/Left,Seen,0.9859814190700659,0.9362328968232101
10,524,Present/Seen/Left,Seen,0.976730097661723,0.822271963689299
10,526,Present/Seen/Right,Seen,0.9831145677370152,0.9791874023890692
10,527,Present/Seen/Right,Seen,0.9874946475376443,1.0037328341409884
10,528,Present/Unseen/Left,Unseen,0.9865208125425056,1.0352912463934563
10,529,Present/Seen/Right,Seen,0.9833774632416743,0.9669146865131095
10,531,Present/Seen/Right,Seen,0.9853031793825754,0.9362328968232101
10,532,Present/Seen/Left,Seen,0.9749225130873792,0.8161356057513193
10,534,Present/Unseen/Left,Unseen,0.978233551106188,0.8178888508764561
10,537,Present/Unseen/Right,Unseen,0.9841958323021484,0.8915251461322142
10,538,Present/Seen/Right,Seen,0.9845013611908561,0.9835705152019119
10,539,Present/Seen/Left,Seen,0.9872514915435658,0.8818822979439602
10,540,Present/Unseen/Left,Unseen,0.9922258325102138,1.0843821098972952
10,541,Present/Seen/Right,Seen,0.9867952010257893,0.9660380639505408
10,542,Present/Seen/Right,Seen,0.9871126957758197,0.9511354803868756
10,545,Present/Seen/Left,Seen,0.9827302226608995,0.8652264692551577
10,546,Present/Seen/Right,Seen,0.9866961515003716,0.8213953411267304
10,547,Present/Unseen/Right,Unseen,0.9879348252407958,0.9756809121387948
10,549,Present/Unseen/Left,Unseen,0.9762448327274696,0.8170122283138875
10,551,Present/Seen/Left,Seen,0.9844874894947031,0.9423692547611899
10,554,Present/Seen/Left,Seen,0.9887193173097143,0.8590901113171779
10,555,Present/Seen/Right,Seen,0.9869785981073327,0.8643498466925893
10,556,Present/Seen/Left,Seen,0.9796687060173134,0.8967848815076255
10,557,Present/Unseen/Right,Unseen,0.9877821899909013,0.9537653480745811
10,558,Present/Seen/Left,Seen,0.9815621014938363,0.8249018313770045
10,560,Present/Seen/Right,Seen,0.9794311993611492,0.792466796561968
10,562,Present/Seen/Left,Seen,0.9801931407141988,0.7538954038089519
10,563,Present/Seen/Right,Seen,0.9806191632787765,0.8766225625685489
10,564,Present/Unseen/Left,Unseen,0.9876928386303103,1.0160055500169483
10,565,Present/Seen/Right,Seen,0.9730951885714281,0.8240252088144361
10,566,Present/Seen/Right,Seen,0.9841477656488615,0.9292199163226619
10,568,Present/Seen/Left,Seen,0.9870588801985226,0.9572718383248554
10,570,Present/Seen/Left,Seen,0.982094987541551,0.8284083216272788
10,571,Present/Seen/Right,Seen,0.9846615575603144,0.7626616294346377
10,573,Present/Unseen/Right,Unseen,0.9869811528546109,1.045810717144279
10,575,Present/Unseen/Left,Unseen,0.9864766653392576,0.9187004455718392
10,577,Present/Seen/Right,Seen,0.9815973189362921,0.7512655361212464
10,578,Present/Seen/Right,Seen,0.9855944398480291,0.8959082589450569
10,579,Present/Seen/Left,Seen,0.9758459933522455,0.8871420333193716
10,581,Present/Seen/Right,Seen,0.9862894441827832,0.862596601567452
10,583,Present/Unseen/Left,Unseen,0.984938571153027,1.0291548884554762
10,585,Present/Seen/Left,Seen,0.9868194193117249,0.8766225625685488
10,586,Present/Unseen/Right,Unseen,0.9879322109909071,0.9949666085153029
10,587,Present/Unseen/Left,Unseen,0.9860923418547718,0.9458757450114643
10,589,Present/Seen/Left,Seen,0.986808534306416,0.8669797143802948
10,590,Present/Seen/Right,Seen,0.9850528529455086,0.9485056126991698
10,592,Present/Seen/Right,Seen,0.9732593417861674,0.7714278550603231
10,593,Present/Seen/Left,Seen,0.9877967519599431,0.8950316363824883
10,594,Present/Seen/Right,Seen,0.9843479436656775,0.9572718383248554
10,595,Present/Unseen/Right,Unseen,0.98529736964792,0.8924017686947827
10,598,Present/Seen/Left,Seen,0.9858865271651969,0.8845121656316658
12,0,Present/Unseen/Right,Unseen,0.9818782425913218,0.6644799024269601
12,1,Present/Seen/Right,Seen,0.9775529711100928,0.8555836210669037
12,2,Present/Seen/Left,Seen,0.978548687116942,0.7302265946196012
12,4,Present/Seen/Left,Seen,0.9750548375258216,0.7319798397447383
12,7,Present/Seen/Right,Seen,0.9747770748086461,0.7775642129983029
12,8,Present/Seen/Right,Seen,0.962998502705861,0.8064927575630649
12,10,Present/Seen/Left,Seen,0.9755577857062586,0.7433759330581294
12,11,Present/Seen/Left,Seen,0.9663742886217057,0.8029862673127907
12,12,Present/Seen/Right,Seen,0.9712654407872369,0.8012330221876536
12,13,Present/Seen/Left,Seen,0.9701510925260403,0.7915901739993997
12,15,Present/Seen/Left,Seen,0.9692650802397854,0.7731811001854602
12,17,Present/Unseen/Right,Unseen,0.9809569096108772,0.6548370542387058
12,18,Present/Unseen/Right,Unseen,0.9862704905718996,0.8424342826283754
12,20,Present/Unseen/Left,Unseen,0.9787499093411666,0.8345446795652586
12,21,Present/Seen/Right,Seen,0.981310823683633,0.8634732241300207
12,23,Present/Seen/Left,Seen,0.9752432671599786,0.7565252714966577
12,24,Present/Seen/Left,Seen,0.9792540591602026,0.7950966642496736
12,25,Present/Seen/Right,Seen,0.9680575253040448,0.7547720263715205
12,28,Present/Unseen/Right,Unseen,0.9735596752971774,0.8029862673127907
12,29,Present/Unseen/Left,Unseen,0.984062166084386,1.014252304891811
12,30,Present/Seen/Right,Seen,0.9781241663204147,0.7477590458709722
12,31,Present/Seen/Left,Seen,0.9771563440322487,0.7574018940592261
12,32,Present/Unseen/Right,Unseen,0.9775778681677149,0.8327914344401213
12,33,Present/Seen/Left,Seen,0.9762578851570597,0.7512655361212464
12,36,Present/Seen/Right,Seen,0.981808127228696,0.740746065370424
12,37,Present/Seen/Left,Seen,0.9768794441030137,0.7679213648100487
12,38,Present/Unseen/Right,Unseen,0.9779950769977496,0.8021096447502222
12,39,Present/Seen/Left,Seen,0.9737482204314126,0.7337330848698754
12,42,Present/Seen/Left,Seen,0.9744158156727954,0.6355513578621979
12,44,Present/Seen/Right,Seen,0.9727521138854747,0.8064927575630648
12,46,Present/Seen/Right,Seen,0.9640077357366765,0.7433759330581293
12,47,Present/Unseen/Left,Unseen,0.9699596669505456,0.804739512437928
12,48,Present/Unseen/Left,Unseen,0.9768931370211333,0.8722394497557061
12,51,Present/Seen/Left,Seen,0.9791996030655608,0.8468173954412181
12,52,Present/Seen/Right,Seen,0.9768931759810736,0.7626616294346377
12,53,Present/Seen/Right,Seen,0.9586983374016771,0.7381161976827183
12,54,Present/Unseen/Left,Unseen,0.9677749944250073,0.72496685924419
12,55,Present/Seen/Right,Seen,0.9784083322668395,0.7495122909961092
12,57,Present/Unseen/Left,Unseen,0.9774198424881384,0.8652264692551579
12,58,Present/Unseen/Right,Unseen,0.9689318061413176,0.8170122283138875
12,60,Present/Unseen/Left,Unseen,0.9859564261759283,0.9458757450114643
12,61,Present/Seen/Right,Seen,0.9817642252793453,0.851200508254061
12,62,Present/Seen/Right,Seen,0.9721842927287608,0.7889603063116939
12,64,Present/Seen/Left,Seen,0.9690087430436133,0.7521421586838148
12,66,Present/Seen/Right,Seen,0.9700431866254248,0.7696746099351861
12,67,Present/Seen/Right,Seen,0.9781514428948561,0.7968499093748109
12,68,Present/Unseen/Left,Unseen,0.9705868258663325,0.7170772561810731
12,70,Present/Unseen/Left,Unseen,0.9744811224640423,0.8661030918177264
12,72,Present/Seen/Right,Seen,0.9845796665409973,0.8538303759417666
12,74,Present/Seen/Right,Seen,0.9784431173911133,0.8275316990647101
12,76,Present/Seen/Left,Seen,0.9645558296137754,0.7407460653704239
12,77,Present/Unseen/Left,Unseen,0.9654606998663072,0.7784408355608714
12,79,Present/Unseen/Left,Unseen,0.9747721796246437,0.8135057380636134
12,80,Present/Seen/Left,Seen,0.9776104406321803,0.8205187185641619
12,81,Present/Unseen/Right,Unseen,0.9800065393002647,0.7959732868122423
12,83,Present/Seen/Right,Seen,0.9699315984769427,0.792466796561968
12,84,Present/Unseen/Right,Unseen,0.9689711275397871,0.7293499720570327
12,87,Present/Seen/Left,Seen,0.9742764415648614,0.7179538787436416
12,88,Present/Seen/Left,Seen,0.9664590315979739,0.77931745812344
12,89,Present/Unseen/Right,Unseen,0.9734304071838035,0.8021096447502222
12,91,Present/Unseen/Right,Unseen,0.9721270379747753,0.8012330221876535
12,93,Present/Unseen/Right,Unseen,0.9791407006925689,0.8713628271931375
12,94,Present/Seen/Left,Seen,0.979420567763182,0.8284083216272787
12,95,Present/Seen/Left,Seen,0.9796717148386792,0.7372395751201495
12,96,Present/Unseen/Right,Unseen,0.9804759854136449,0.755648648934089
12,97,Present/Unseen/Right,Unseen,0.9765520614281703,0.8739926948808433
12,99,Present/Seen/Left,Seen,0.9884966567317609,0.9923367408275973
12,100,Present/Seen/Left,Seen,0.9819517210590516,0.8924017686947826
12,102,Present/Unseen/Right,Unseen,0.9833066276629167,0.8362979246903955
12,104,Present/Seen/Right,Seen,0.9808745583744191,0.8327914344401214
12,105,Present/Seen/Left,Seen,0.9821611875229489,0.9020446168830367
12,106,Present/Unseen/Left,Unseen,0.9854965673942708,0.9020446168830366
12,108,Present/Seen/Right,Seen,0.974280421122864,0.8064927575630648
12,109,Present/Seen/Left,Seen,0.9755666295381644,0.7503889135586777
12,111,Present/Unseen/Left,Unseen,0.9829183642529233,0.7880836837491254
12,113,Present/Seen/Right,Seen,0.9574421204805191,0.699544804929702
12,114,Present/Seen/Left,Seen,0.9853645670909381,0.8503238856914924
12,115,Present/Seen/Left,Seen,0.9763662275795858,0.7845771934988512
12,117,Present/Seen/Right,Seen,0.9783450613867463,0.8327914344401215
12,119,Present/Unseen/Right,Unseen,0.9796987333718499,0.7582785166217948
12,120,Present/Unseen/Left,Unseen,0.9865814139669541,0.9914601182650288
12,121,Present/Unseen/Left,Unseen,0.9836101627003092,0.8906485235696456
12,122,Present/Seen/Right,Seen,0.980753910829146,0.7942200416871052
12,125,Present/Unseen/Right,Unseen,0.9862487377420229,0.8678563369428633
12,127,Present/Seen/Left,Seen,0.9737920863299908,0.8161356057513192
12,128,Present/Seen/Right,Seen,0.984193162249281,0.8205187185641619
12,129,Present/Unseen/Right,Unseen,0.9815021402347395,0.843310905190944
12,130,Present/Seen/Left,Seen,0.98552559257485,0.8985381266327624
12,132,Present/Seen/Right,Seen,0.9846615107086941,0.8547069985043352
12,133,Present/Seen/Right,Seen,0.986031886765809,0.9712977993259523
12,135,Present/Seen/Left,Seen,0.9890643534191388,0.9862003828896174
12,136,Present/Seen/Left,Seen,0.9867828333917102,0.8310381893149844
12,139,Present/Seen/Right,Seen,0.9766604001215925,0.8205187185641618
12,140,Present/Seen/Left,Seen,0.9873469643397544,0.9248368035098191
12,141,Present/Seen/Right,Seen,0.9846120286505436,0.8231485862518674
12,142,Present/Seen/Left,Seen,0.9790269595673629,0.8389277923781012
12,144,Present/Unseen/Left,Unseen,0.985366195213551,0.9230835583846821
12,145,Present/Unseen/Left,Unseen,0.9776721954709553,0.8599667338797465
12,147,Present/Unseen/Right,Unseen,0.9817682922036759,0.8012330221876536
12,149,Present/Seen/Right,Seen,0.9853192648275239,0.7977265319373795
12,152,Present/Seen/Left,Seen,0.9827946988915038,0.7609083843095005
12,153,Present/Unseen/Right,Unseen,0.9829330358114163,0.9099342199461538
12,154,Present/Seen/Left,Seen,0.9824056424098382,0.8512005082540609
12,155,Present/Seen/Right,Seen,0.9696202556815828,0.8091226252507704
12,156,Present/Unseen/Left,Unseen,0.98291415472683,0.8731160723182748
12,159,Present/Seen/Left,Seen,0.9866957788500613,0.9257134260723876
12,160,Present/Seen/Right,Seen,0.9830227542964941,0.7723044776228917
12,161,Present/Seen/Right,Seen,0.9836566292302881,0.8801290528188231
12,162,Present/Unseen/Left,Unseen,0.9854755634048913,0.9932133633901657
12,165,Present/Seen/Left,Seen,0.9833575433711974,0.8161356057513192
12,166,Present/Unseen/Right,Unseen,0.9859141861635436,0.8678563369428633
12,167,Present/Unseen/Right,Unseen,0.9829905201960017,0.8345446795652586
12,168,Present/Seen/Left,Seen,0.9875920742387982,0.915193955321565
12,169,Present/Seen/Left,Seen,0.9899841212347454,0.9967198536404402
12,170,Present/Seen/Right,Seen,0.9830748452922814,0.8643498466925892
12,171,Present/Unseen/Right,Unseen,0.9841857527662367,0.8634732241300207
12,174,Present/Seen/Right,Seen,0.9866462212525248,0.9090575973835849
12,175,Present/Seen/Left,Seen,0.9854309253127931,0.8661030918177264
12,176,Present/Seen/Left,Seen,0.9832246390269505,0.7845771934988512
12,177,Present/Unseen/Right,Unseen,0.9855001944867033,0.9011679943204682
12,180,Present/Unseen/Left,Unseen,0.987911224955826,0.9835705152019117
12,182,Present/Unseen/Left,Unseen,0.9793161166376595,0.8932783912573513
12,183,Present/Unseen/Right,Unseen,0.9835364613177104,0.9414926321986213
12,184,Present/Unseen/Right,Unseen,0.97973536635739,0.8441875277535126
12,186,Present/Unseen/Right,Unseen,0.9797125987190917,0.9888302505773231
12,188,Present/Seen/Left,Seen,0.9708205515384217,0.753895403808952
12,189,Present/Seen/Right,Seen,0.9766660943867558,0.7609083843095005
12,190,Present/Seen/Left,Seen,0.9794056268921072,0.8792524302562545
12,192,Present/Unseen/Left,Unseen,0.9796225812212677,0.9187004455718392
12,193,Present/Unseen/Right,Unseen,0.9781344198753417,0.8950316363824885
12,194,Present/Seen/Left,Seen,0.9800760151496022,0.8529537533791981
12,197,Present/Seen/Right,Seen,0.9841301563981053,0.862596601567452
12,198,Present/Seen/Left,Seen,0.9805688567423155,0.8774991851311174
12,199,Present/Seen/Left,Seen,0.9794824896797553,0.8021096447502222
12,201,Present/Unseen/Right,Unseen,0.9857504207100082,0.8661030918177263
12,202,Present/Seen/Right,Seen,0.9783575448164241,0.7547720263715205
12,205,Present/Unseen/Right,Unseen,0.97858226750139,0.8327914344401215
12,207,Present/Seen/Right,Seen,0.9877684221337686,0.9248368035098192
12,208,Present/Seen/Left,Seen,0.9846859217906759,0.8406810375032383
12,209,Present/Unseen/Left,Unseen,0.975353517741963,0.8275316990647102
12,210,Present/Seen/Right,Seen,0.97074292398031,0.8406810375032383
12,211,Present/Seen/Left,Seen,0.9853858624536114,0.880129052818823
12,214,Present/Unseen/Right,Unseen,0.9873294749054325,0.8494472631289239
12,215,Present/Unseen/Left,Unseen,0.9822249475658642,0.9274666711975247
12,216,Present/Seen/Right,Seen,0.971272322181331,0.8038628898753593
12,217,Present/Unseen/Left,Unseen,0.9863393359138681,0.8389277923781012
12,218,Present/Unseen/Right,Unseen,0.983037758006604,0.8661030918177263
12,219,Present/Seen/Left,Seen,0.985175550323043,0.8196420960015931
12,222,Present/Seen/Right,Seen,0.9858100077568247,0.878375807693686
12,223,Present/Seen/Left,Seen,0.983313746564762,0.8310381893149842
12,225,Present/Seen/Right,Seen,0.984004850800074,0.8538303759417666
12,227,Present/Seen/Left,Seen,0.987167121612246,0.859090111317178
12,228,Present/Seen/Right,Seen,0.9874899048107727,0.878375807693686
12,230,Present/Seen/Left,Seen,0.9838305550516155,0.8494472631289239
12,231,Present/Unseen/Right,Unseen,0.9786987330342615,0.7801940806860085
12,232,Present/Seen/Left,Seen,0.9883245676463732,0.8967848815076256
12,234,Present/Seen/Left,Seen,0.9818118554254617,0.8669797143802948
12,235,Present/Seen/Right,Seen,0.9794566023951676,0.7600317617469321
12,236,Present/Seen/Left,Seen,0.9805217199106172,0.9187004455718393
12,238,Present/Seen/Right,Seen,0.9782803909146071,0.8021096447502223
12,240,Present/Seen/Right,Seen,0.9809347890160498,0.8810056753813916
12,242,Present/Unseen/Right,Unseen,0.9774234584264285,0.8985381266327624
12,243,Present/Seen/Left,Seen,0.9766247282561699,0.822271963689299
12,245,Present/Seen/Left,Seen,0.9758097389046041,0.7153240110559359
12,246,Present/Unseen/Left,Unseen,0.979016905686779,0.8669797143802949
12,247,Present/Seen/Left,Seen,0.9615048072833606,0.7048045403051133
12,249,Present/Unseen/Right,Unseen,0.9814197695927163,0.8126291155010448
12,250,Present/Unseen/Right,Unseen,0.9845450212886537,0.8722394497557061
12,253,Present/Seen/Right,Seen,0.9658104546209328,0.7188305013062101
12,254,Present/Seen/Left,Seen,0.9833066488139993,0.8696095820680004
12,256,Present/Unseen/Right,Unseen,0.975650753522088,0.7872070611865569
12,257,Present/Seen/Left,Seen,0.973258714974055,0.8038628898753591
12,258,Present/Unseen/Right,Unseen,0.9691255941674066,0.8108758703759077
12,259,Present/Seen/Left,Seen,0.977606618663877,0.788960306311694
12,261,Present/Seen/Right,Seen,0.9799340746221046,0.8257784539395729
12,263,Present/Seen/Left,Seen,0.9774217719702264,0.8678563369428635
12,264,Present/Seen/Right,Seen,0.9795611058773556,0.8406810375032382
12,265,Present/Unseen/Right,Unseen,0.9794214613728196,0.7293499720570327
12,267,Present/Unseen/Left,Unseen,0.9833499803880209,0.8371745472529641
12,269,Present/Seen/Left,Seen,0.9768877050995892,0.8853887881942344
12,270,Present/Seen/Right,Seen,0.9704869789219347,0.8187654734390246
12,271,Present/Seen/Left,Seen,0.9762586417633954,0.8319148118775528
12,273,Present/Unseen/Right,Unseen,0.9768087200718996,0.8170122283138876
12,274,Present/Unseen/Left,Unseen,0.9802402140838756,0.83366805700269
12,276,Present/Seen/Left,Seen,0.9757104928432843,0.8117524929384763
12,278,Present/Unseen/Right,Unseen,0.9796762673924555,0.8056161350004964
12,280,Present/Seen/Left,Seen,0.9772676012549711,0.889771901007077
12,281,Present/Unseen/Right,Unseen,0.9766596751780955,0.7503889135586779
12,283,Present/Unseen/Right,Unseen,0.9796263714852733,0.7389928202452866
12,284,Present/Unseen/Left,Unseen,0.9770933004295868,0.7609083843095005
12,285,Present/Seen/Left,Seen,0.9733489511969019,0.7530187812463834
12,286,Present/Seen/Right,Seen,0.9780416046333349,0.7600317617469322
12,288,Present/Unseen/Right,Unseen,0.9805480439907993,0.7451291781832665
12,290,Present/Unseen/Left,Unseen,0.978928069273531,0.7354863299950126
12,292,Present/Seen/Right,Seen,0.9761577835988654,0.7696746099351859
12,293,Present/Seen/Left,Seen,0.9759324209262408,0.7898369288742624
12,295,Present/Unseen/Right,Unseen,0.9788991197064185,0.8362979246903957
12,296,Present/Unseen/Left,Unseen,0.9820307046049449,0.825778453939573
12,298,Present/Unseen/Left,Unseen,0.9779397806271987,0.8117524929384763
12,299,Present/Unseen/Right,Unseen,0.9813845081563483,0.8853887881942344
12,301,Present/Seen/Right,Seen,0.9838768348495347,0.9204536906969762
12,303,Present/Seen/Left,Seen,0.9788694418096491,0.8704862046305689
12,304,Present/Seen/Right,Seen,0.9758714388050748,0.8231485862518674
12,305,Present/Seen/Left,Seen,0.9801283756502456,0.8827589205065288
12,306,Present/Unseen/Right,Unseen,0.9858569274107996,0.9187004455718393
12,307,Present/Unseen/Left,Unseen,0.976562899025093,0.8661030918177263
12,309,Present/Seen/Left,Seen,0.972352690427301,0.8704862046305691
12,310,Present/Seen/Right,Seen,0.9799588406161055,0.8888952784445084
12,312,Present/Seen/Left,Seen,0.977718660811241,0.7670447422474805
12,315,Present/Seen/Left,Seen,0.9745977768013137,0.8485706405663553
12,316,Present/Unseen/Right,Unseen,0.9794852146292656,0.9081809748210167
12,317,Present/Seen/Right,Seen,0.9844824633125427,0.8967848815076255
12,318,Present/Seen/Left,Seen,0.9776214234678606,0.8126291155010449
12,319,Present/Seen/Right,Seen,0.9803685926299414,0.8266550765021417
12,320,Present/Seen/Right,Seen,0.9822985479521714,0.7547720263715206
12,322,Present/Unseen/Left,Unseen,0.9775460842085655,0.8135057380636134
12,324,Present/Unseen/Right,Unseen,0.9818315880846502,0.7547720263715204
12,326,Present/Seen/Right,Seen,0.9807941022157819,0.8906485235696456
12,328,Present/Unseen/Left,Unseen,0.9733331788620627,0.8301615667524157
12,329,Present/Unseen/Left,Unseen,0.9695013344342576,0.8038628898753594
12,330,Present/Seen/Left,Seen,0.9715573541362391,0.8056161350004963
12,331,Present/Unseen/Right,Unseen,0.9760271455961923,0.8888952784445086
12,332,Present/Seen/Left,Seen,0.9736610319049315,0.9055511071333108
12,334,Present/Unseen/Right,Unseen,0.9811378942787492,0.8643498466925892
12,335,Present/Unseen/Right,Unseen,0.9776363098140886,0.8512005082540609
12,338,Present/Seen/Left,Seen,0.9856454150536881,0.8625966015674523
12,339,Present/Unseen/Left,Unseen,0.9791649894146873,0.9555185931997184
12,340,Present/Seen/Right,Seen,0.9819281557916294,0.8810056753813916
12,342,Present/Unseen/Right,Unseen,0.9845742169881891,0.88801865588194
12,344,Present/Seen/Left,Seen,0.9739411945296814,0.913440710196428
12,345,Present/Unseen/Left,Unseen,0.9673841390401304,0.8888952784445084
12,346,Present/Seen/Right,Seen,0.9808100463199797,0.9134407101964279
12,349,Present/Seen/Right,Seen,0.979962782368067,0.8661030918177264
12,350,Present/Unseen/Left,Unseen,0.9857186135286478,0.9458757450114644
12,351,Present/Seen/Right,Seen,0.9856712971259911,0.9292199163226619
12,352,Present/Unseen/Right,Unseen,0.9925358001798955,1.020388662829791
12,354,Present/Unseen/Left,Unseen,0.9838916688265457,1.0019795890158514
12,356,Present/Seen/Left,Seen,0.9739412758081579,0.9081809748210168
12,357,Present/Unseen/Left,Unseen,0.987971074555242,0.8862654107568027
12,358,Present/Seen/Left,Seen,0.97881954638332,0.8704862046305691
12,359,Present/Seen/Right,Seen,0.9822452880694386,0.816135605751319
12,360,Present/Seen/Right,Seen,0.9737912941236931,0.7661681196849117
12,363,Present/Unseen/Left,Unseen,0.9666240569598924,0.8345446795652586
12,364,Present/Seen/Left,Seen,0.9550316886614943,0.7030512951799761
12,365,Present/Seen/Right,Seen,0.9683901666056474,0.7284733494944641
12,366,Present/Unseen/Right,Unseen,0.9721238045885713,0.7731811001854602
12,369,Present/Unseen/Left,Unseen,0.9565865006720251,0.7162006336185043
12,370,Present/Unseen/Right,Unseen,0.9710878093185086,0.8249018313770043
12,372,Present/Seen/Right,Seen,0.9762990359273236,0.7810707032485772
12,373,Present/Seen/Left,Seen,0.9733278803348819,0.8582134887546095
12,375,Present/Unseen/Right,Unseen,0.9691757623032988,0.7512655361212462
12,376,Present/Unseen/Left,Unseen,0.9692355229203052,0.8152589831887507
12,377,Present/Unseen/Left,Unseen,0.9708694966210722,0.8275316990647102
12,378,Present/Unseen/Right,Unseen,0.9725977719448166,0.8187654734390248
12,379,Present/Seen/Left,Seen,0.972280573749502,0.8284083216272787
12,381,Present/Seen/Right,Seen,0.9789727860102471,0.9160705778841337
12,384,Present/Unseen/Right,Unseen,0.9814516056216974,0.9081809748210167
12,385,Present/Unseen/Left,Unseen,0.9885214361158667,0.9695445542008151
12,388,Present/Unseen/Right,Unseen,0.9857986217617174,0.9625315737002667
12,389,Present/Unseen/Left,Unseen,0.9710925847625805,0.8810056753813915
12,390,Present/Unseen/Right,Unseen,0.9852070509037292,0.8135057380636134
12,391,Present/Unseen/Right,Unseen,0.9815661265017936,0.8836355430690973
12,392,Present/Unseen/Left,Unseen,0.9774719179202008,0.8187654734390245
12,393,Present/Unseen/Left,Unseen,0.9806826819236943,0.9213303132595448
12,396,Present/Seen/Right,Seen,0.9724770936593014,0.7451291781832664
12,398,Present/Unseen/Left,Unseen,0.9669410713142254,0.8003563996250852
12,399,Present/Seen/Left,Seen,0.9830604714553527,0.9634081962628355
12,400,Present/Seen/Right,Seen,0.9810837070770997,0.8678563369428632
12,401,Present/Seen/Right,Seen,0.9750395933786048,0.7723044776228917
12,404,Present/Seen/Left,Seen,0.98160864535293,0.7275967269318955
12,405,Present/Seen/Right,Seen,0.9763853853834216,0.8625966015674522
12,406,Present/Seen/Right,Seen,0.9742828694777397,0.746005800745835
12,407,Present/Unseen/Left,Unseen,0.9796987254256245,0.9344796516980731
12,408,Present/Seen/Right,Seen,0.9739333226825835,0.8021096447502222
12,409,Present/Unseen/Left,Unseen,0.9733581766804476,0.8836355430690973
12,412,Present/Unseen/Left,Unseen,0.9711524265316821,0.7845771934988514
12,413,Present/Seen/Right,Seen,0.9812675313900883,0.7986031544999478
12,414,Present/Unseen/Left,Unseen,0.9769272790587739,0.8301615667524159
12,415,Present/Seen/Right,Seen,0.9797352236916042,0.8240252088144358
12,416,Present/Unseen/Right,Unseen,0.9770964717921257,0.8108758703759078
12,418,Present/Unseen/Left,Unseen,0.9803810893819548,0.8424342826283753
12,420,Present/Seen/Left,Seen,0.9833549501220405,0.8161356057513189
12,422,Present/Unseen/Right,Unseen,0.9770762548500983,0.841557660065807
12,423,Present/Seen/Right,Seen,0.9752315536886248,0.8205187185641618
12,425,Present/Seen/Left,Seen,0.9840697711534135,0.9239601809472505
12,426,Present/Seen/Left,Seen,0.9788507466130827,0.9160705778841337
12,429,Present/Unseen/Right,Unseen,0.9752012493565995,0.8713628271931376
12,430,Present/Unseen/Right,Unseen,0.9699116700939314,0.8845121656316659
12,431,Present/Seen/Left,Seen,0.9766065162593974,0.7188305013062102
12,434,Present/Unseen/Left,Unseen,0.9761057206199064,0.889771901007077
12,435,Present/Seen/Left,Seen,0.9747095418465276,0.7924667965619683
12,436,Present/Unseen/Right,Unseen,0.9736979161781235,0.7293499720570328
12,437,Present/Unseen/Right,Unseen,0.9778896817774173,0.8117524929384764
12,439,Present/Seen/Left,Seen,0.985551399741042,0.8424342826283754
12,441,Present/Unseen/Right,Unseen,0.9759315679133533,0.8959082589450571
12,442,Present/Unseen/Right,Unseen,0.9796498075708074,0.8994147491953312
12,443,Present/Unseen/Left,Unseen,0.9783195956765951,0.8047395124379279
12,444,Present/Seen/Left,Seen,0.9871047554258202,0.9397393870734845
12,446,Present/Seen/Right,Seen,0.9765674566059709,0.78545381606142
12,448,Present/Unseen/Right,Unseen,0.9642536755016926,0.7468824233084036
12,449,Present/Unseen/Left,Unseen,0.9643369884171141,0.7328564623073068
12,450,Present/Seen/Right,Seen,0.9804983564903181,0.8888952784445086
12,452,Present/Unseen/Right,Unseen,0.9706965842321449,0.8178888508764562
12,454,Present/Seen/Left,Seen,0.9863682577986815,0.9292199163226619
12,455,Present/Seen/Left,Seen,0.9887846838241031,0.9984730987655771
12,457,Present/Seen/Right,Seen,0.9820610674500712,0.8713628271931375
12,459,Present/Seen/Left,Seen,0.9867741118261129,0.8976615040701942
12,460,Present/Unseen/Left,Unseen,0.9864296418037322,0.9704211767633837
12,461,Present/Seen/Right,Seen,0.9864195454306154,0.9064277296958795
12,462,Present/Unseen/Right,Unseen,0.9875338316994753,0.9134407101964279
12,464,Present/Seen/Left,Seen,0.9867684784839889,0.9309731614477991
12,465,Present/Unseen/Right,Unseen,0.987384867077656,0.9292199163226619
12,466,Present/Unseen/Left,Unseen,0.9852459767877085,0.8117524929384762
12,467,Present/Unseen/Right,Unseen,0.9897910257927536,0.9467523675740329
12,469,Present/Seen/Left,Seen,0.9849445238755282,0.9239601809472504
12,470,Present/Seen/Left,Seen,0.9887748278669659,0.9037978620081738
12,471,Present/Unseen/Right,Unseen,0.9830990329669202,0.9046744845707424
12,472,Present/Seen/Right,Seen,0.9861145198371488,0.8836355430690973
12,475,Present/Seen/Left,Seen,0.9853268099293188,0.9178238230092707
12,476,Present/Seen/Left,Seen,0.9869248200140956,0.8547069985043353
12,477,Present/Unseen/Right,Unseen,0.9847456899036143,0.8362979246903955
12,478,Present/Seen/Left,Seen,0.9859035056356971,0.9178238230092706
12,481,Present/Unseen/Right,Unseen,0.9822403023809575,0.8538303759417665
12,482,Present/Unseen/Left,Unseen,0.9888172849563045,0.9791874023890692
12,483,Present/Unseen/Left,Unseen,0.9864776221402209,0.9388627645109159
12,484,Present/Unseen/Left,Unseen,0.9841846800075631,0.8187654734390247
12,487,Present/Unseen/Right,Unseen,0.9833057405657718,1.0072393243912627
12,488,Present/Unseen/Right,Unseen,0.9872439203296961,0.9449991224488957
12,490,Present/Unseen/Left,Unseen,0.9838233016212216,0.9151939553215651
12,491,Present/Seen/Right,Seen,0.9866057870255354,0.9984730987655771
12,493,Present/Seen/Right,Seen,0.9874758942097482,0.905551107133311
12,494,Present/Unseen/Left,Unseen,0.9859496818228461,0.9248368035098191
13,0,Present/Unseen/Right,Unseen,0.9207818811607423,0.7591551391843632
13,2,Present/Unseen/Left,Unseen,0.9494339093999037,0.8257784539395732
13,3,Present/Unseen/Right,Unseen,0.9394352829105351,0.8345446795652585
13,5,Present/Seen/Left,Seen,0.961872803097913,0.7582785166217947
13,7,Present/Unseen/Right,Unseen,0.9593871855786335,0.752142158683815
13,9,Present/Unseen/Right,Unseen,0.9628359173001697,0.808246002688202
13,10,Present/Unseen/Left,Unseen,0.9167487847159818,0.6977915598045648
13,11,Present/Unseen/Left,Unseen,0.9149612253924133,0.7714278550603229
13,12,Present/Unseen/Right,Unseen,0.9312592264259221,0.7837005709362826
13,13,Present/Unseen/Left,Unseen,0.9153562693532348,0.7661681196849117
13,15,Present/Unseen/Left,Unseen,0.9255821269871302,0.777564212998303
13,16,Present/Unseen/Right,Unseen,0.9392463520842751,0.7337330848698754
13,18,Present/Seen/Right,Seen,0.9501484704898147,0.6136357937979843
13,19,Present/Unseen/Left,Unseen,0.9470790478118198,0.8178888508764561
13,20,Present/Unseen/Left,Unseen,0.9402836495462994,0.7705512324977545
13,23,Present/Unseen/Right,Unseen,0.9193262867619374,0.7477590458709722
13,24,Present/Unseen/Left,Unseen,0.9262154843970565,0.7828239483737142
13,26,Present/Unseen/Right,Unseen,0.9431486526628964,0.7898369288742625
13,27,Present/Unseen/Right,Unseen,0.933247102486468,0.8108758703759078
13,29,Present/Seen/Left,Seen,0.918516249476682,0.7766875904357343
13,30,Present/Unseen/Left,Unseen,0.9180027333475138,0.7311032171821699
13,31,Present/Unseen/Left,Unseen,0.9419473338668338,0.7503889135586778
13,32,Present/Seen/Right,Seen,0.9627132001724271,0.8178888508764561
13,35,Present/Seen/Right,Seen,0.9432719516855208,0.8380511698155326
13,36,Present/Seen/Right,Seen,0.9670512898568857,0.8722394497557062
13,37,Present/Unseen/Left,Unseen,0.9570770954740302,0.8617199790048836
13,39,Present/Unseen/Left,Unseen,0.9748097659444964,0.9125640876338594
13,40,Present/Seen/Right,Seen,0.9634876930880538,0.8915251461322141
13,42,Present/Unseen/Left,Unseen,0.9670083824997309,0.9029212394456055
13,43,Present/Unseen/Right,Unseen,0.9612004309065357,0.8371745472529643
13,45,Present/Unseen/Right,Unseen,0.9775532846716807,0.9274666711975245
13,47,Present/Unseen/Left,Unseen,0.9530591494581654,0.8792524302562544
13,48,Present/Unseen/Left,Unseen,0.9811003721138173,0.715324011055936
13,49,Present/Seen/Right,Seen,0.9516198908283716,0.8047395124379276
13,50,Present/Unseen/Right,Unseen,0.9557089065140363,0.8354213021278271
13,52,Present/Unseen/Left,Unseen,0.9368395701174391,0.7687979873726176
13,54,Present/Seen/Right,Seen,0.9628248287049112,0.907304352258448
13,56,Present/Seen/Right,Seen,0.9492174538583017,0.8187654734390247
13,58,Present/Seen/Left,Seen,0.9506113519649106,0.8170122283138876
13,59,Present/Unseen/Left,Unseen,0.9539134836771322,0.8503238856914923
13,61,Present/Unseen/Right,Unseen,0.9527115014392968,0.7723044776228916
13,63,Present/Seen/Right,Seen,0.953398882497176,0.8205187185641618
13,64,Present/Seen/Left,Seen,0.9451641765559359,0.8301615667524157
13,65,Present/Unseen/Left,Unseen,0.9461662797751587,0.8266550765021414
13,66,Present/Seen/Right,Seen,0.966355692192702,0.8108758703759077
13,67,Present/Unseen/Left,Unseen,0.9338684677777456,0.8424342826283755
13,69,Present/Unseen/Right,Unseen,0.9455386376060394,0.8792524302562545
13,71,Present/Seen/Left,Seen,0.9161741754043702,0.6916552018665849
13,72,Present/Seen/Right,Seen,0.9206716985646489,0.7574018940592262
13,73,Present/Seen/Right,Seen,0.9313237936136666,0.8117524929384763
13,74,Present/Seen/Left,Seen,0.950904670911287,0.8108758703759075
13,77,Present/Unseen/Left,Unseen,0.9412874079966869,0.822271963689299
13,78,Present/Unseen/Right,Unseen,0.9211176936825755,0.7135707659307989
13,79,Present/Unseen/Left,Unseen,0.9398106307488564,0.7880836837491255
13,80,Present/Unseen/Right,Unseen,0.9560861758460488,0.77931745812344
13,83,Present/Seen/Left,Seen,0.9387902685502519,0.7626616294346376
13,84,Present/Seen/Left,Seen,0.9421599314708476,0.7924667965619683
13,86,Present/Unseen/Right,Unseen,0.939270368447859,0.774934345310597
13,87,Present/Unseen/Right,Unseen,0.9335230989253843,0.787207061186557
13,88,Present/Seen/Left,Seen,0.938719633575038,0.7696746099351859
13,90,Present/Seen/Left,Seen,0.9451795193281547,0.7872070611865568
13,92,Present/Unseen/Right,Unseen,0.9600452286353,0.8117524929384764
13,94,Present/Seen/Right,Seen,0.9480853448767759,0.7740577227480286
13,95,Present/Seen/Left,Seen,0.9178718385696577,0.7591551391843632
13,96,Present/Unseen/Right,Unseen,0.9343286697046077,0.7968499093748108
13,97,Present/Unseen/Right,Unseen,0.9352545451057673,0.7714278550603231
13,99,Present/Unseen/Left,Unseen,0.9266131012371568,0.7880836837491254
13,101,Present/Unseen/Left,Unseen,0.9338596010399657,0.7766875904357344
13,102,Present/Unseen/Left,Unseen,0.9384470023849042,0.7372395751201496
13,103,Present/Unseen/Left,Unseen,0.9319028146540543,0.771427855060323
13,104,Present/Unseen/Right,Unseen,0.9502756552297498,0.7950966642496736
13,105,Present/Unseen/Right,Unseen,0.9376886079727454,0.806492757563065
13,108,Present/Unseen/Left,Unseen,0.9612131094228471,0.8257784539395729
13,109,Present/Seen/Left,Seen,0.9234392497581602,0.7749343453105971
13,110,Present/Unseen/Right,Unseen,0.901329726843707,0.7424993104955611
13,111,Present/Unseen/Right,Unseen,0.9149278468505441,0.6960383146794278
13,115,Present/Unseen/Left,Unseen,0.9321133867867285,0.7389928202452867
13,116,Present/Unseen/Left,Unseen,0.9636471761634491,0.7714278550603231
13,117,Present/Unseen/Right,Unseen,0.9399086649472337,0.8266550765021417
13,118,Present/Seen/Right,Seen,0.9261433608356645,0.734609707432444
13,120,Present/Unseen/Left,Unseen,0.9223890224537075,0.7547720263715206
13,122,Present/Unseen/Left,Unseen,0.9114105210558097,0.7284733494944641
13,123,Present/Unseen/Right,Unseen,0.9114005807307638,0.6863954664911738
13,124,Present/Seen/Right,Seen,0.929385038082127,0.710940898243093
13,126,Present/Seen/Left,Seen,0.9148243512732195,0.7232136141190528
13,127,Present/Unseen/Right,Unseen,0.9123144158836793,0.7451291781832664
13,129,Present/Unseen/Left,Unseen,0.8951125991368545,0.7293499720570327
13,131,Present/Unseen/Right,Unseen,0.9329016124768701,0.7591551391843632
13,132,Present/Seen/Right,Seen,0.8832674606263261,0.6294149999242182
13,134,Present/Unseen/Right,Unseen,0.9270332674719399,0.7398694428078552
13,135,Present/Unseen/Left,Unseen,0.923401228476823,0.7302265946196012
13,137,Present/Unseen/Left,Unseen,0.8846416234048758,0.697791559804565
13,139,Present/Unseen/Right,Unseen,0.9252677487372138,0.7109408982430933
13,140,Present/Unseen/Left,Unseen,0.8944151493931546,0.6443175834878835
13,141,Present/Unseen/Left,Unseen,0.896624464050383,0.7188305013062102
13,143,Present/Unseen/Right,Unseen,0.9188956703847677,0.7687979873726172
13,145,Present/Unseen/Right,Unseen,0.9477249515275615,0.736362952557581
13,147,Present/Unseen/Left,Unseen,0.9275020242724604,0.7609083843095003
13,148,Present/Unseen/Right,Unseen,0.9507988168016756,0.7626616294346377
13,149,Present/Unseen/Left,Unseen,0.9740980903380246,0.8512005082540608
13,152,Present/Unseen/Right,Unseen,0.9220596603997686,0.7731811001854602
13,153,Present/Unseen/Left,Unseen,0.9052514949336438,0.7407460653704236
13,154,Present/Unseen/Right,Unseen,0.9520899490689132,0.8476940180037867
13,155,Present/Unseen/Left,Unseen,0.9591932689657614,0.8836355430690972
13,156,Present/Unseen/Right,Unseen,0.9493071643104194,0.7302265946196013
13,157,Present/Unseen/Left,Unseen,0.9567031690826311,0.8441875277535127
13,159,Present/Unseen/Right,Unseen,0.9514339723569227,0.8249018313770046
13,160,Present/Unseen/Left,Unseen,0.9592446054994765,0.8117524929384764
13,162,Present/Unseen/Left,Unseen,0.9400980549406772,0.8135057380636134
13,165,Present/Unseen/Right,Unseen,0.9339458491591227,0.7652914971223433
13,166,Present/Seen/Right,Seen,0.9660756015318982,0.8187654734390246
13,167,Present/Seen/Left,Seen,0.9469945244541663,0.8196420960015932
13,168,Present/Seen/Left,Seen,0.9515197550204874,0.7775642129983027
13,169,Present/Unseen/Left,Unseen,0.9423580993605214,0.8249018313770045
13,172,Present/Seen/Right,Seen,0.935286670668215,0.7495122909961093
13,173,Present/Unseen/Right,Unseen,0.9381515326585479,0.7626616294346377
13,174,Present/Seen/Right,Seen,0.9667473996398146,0.8012330221876537
13,175,Present/Seen/Right,Seen,0.9455721941049506,0.7819473258111455
13,176,Present/Seen/Left,Seen,0.9436175551539946,0.7486356684335407
13,179,Present/Unseen/Left,Unseen,0.9488202551659998,0.6837655988034683
13,181,Present/Unseen/Right,Unseen,0.9692614997899712,0.8538303759417665
13,182,Present/Seen/Right,Seen,0.9475007386602784,0.7968499093748109
13,184,Present/Seen/Left,Seen,0.9434606364161431,0.7679213648100487
13,185,Present/Unseen/Left,Unseen,0.9288195664031539,0.7819473258111456
13,187,Present/Seen/Left,Seen,0.9249348178511028,0.7275967269318955
13,188,Present/Unseen/Right,Unseen,0.9460162078459525,0.9108108425087221
13,189,Present/Seen/Right,Seen,0.9389490498370796,0.8240252088144361
13,191,Present/Seen/Left,Seen,0.940334943815974,0.7240902366816214
13,192,Present/Seen/Right,Seen,0.9446854702054601,0.7723044776228914
13,193,Present/Seen/Left,Seen,0.9246911375079662,0.7687979873726174
13,194,Present/Unseen/Right,Unseen,0.9593921044736033,0.7942200416871052
13,196,Present/Seen/Left,Seen,0.9379624599995899,0.8108758703759078
13,198,Present/Seen/Right,Seen,0.9482523102217236,0.7232136141190529
13,199,Present/Seen/Right,Seen,0.9450755739681983,0.6504539414258633
13,200,Present/Unseen/Left,Unseen,0.9509371401532118,0.7801940806860085
13,201,Present/Seen/Left,Seen,0.9358332893076626,0.7056811628676818
13,204,Present/Seen/Right,Seen,0.9335409228409884,0.7091876531179561
13,205,Present/Seen/Left,Seen,0.9482176120238066,0.7547720263715206
13,208,Present/Seen/Right,Seen,0.9285105917691718,0.7451291781832664
13,209,Present/Seen/Left,Seen,0.9436592402427394,0.7600317617469318
13,210,Present/Seen/Right,Seen,0.9448270260424714,0.7933434191245367
13,211,Present/Unseen/Left,Unseen,0.9332477657217629,0.7258434818067585
13,212,Present/Seen/Left,Seen,0.9396543706682691,0.7556486489340892
13,214,Present/Unseen/Right,Unseen,0.9354615158161731,0.734609707432444
13,217,Present/Seen/Right,Seen,0.9392241561923531,0.7574018940592261
13,218,Present/Seen/Left,Seen,0.9288624571261218,0.742499310495561
13,219,Present/Seen/Left,Seen,0.9195378097538892,0.7319798397447382
13,221,Present/Seen/Right,Seen,0.9178132341560761,0.7556486489340891
13,223,Present/Unseen/Right,Unseen,0.9003709908868368,0.7091876531179563
13,224,Present/Unseen/Right,Unseen,0.9438993401855523,0.7994797770625165
13,226,Present/Unseen/Left,Unseen,0.9021288236674069,0.6749993731777827
13,227,Present/Unseen/Left,Unseen,0.9315794132162561,0.7661681196849117
13,230,Present/Unseen/Left,Unseen,0.9465992025855311,0.7512655361212464
13,231,Present/Seen/Right,Seen,0.9471357301661847,0.8573368661920406
13,232,Present/Seen/Left,Seen,0.9464576853337742,0.8205187185641617
13,233,Present/Unseen/Right,Unseen,0.9308839807592386,0.7898369288742626
13,234,Present/Unseen/Right,Unseen,0.9345228808344643,0.8292849441898472
13,235,Present/Unseen/Right,Unseen,0.9664765590649247,0.8459407728786498
13,236,Present/Unseen/Left,Unseen,0.9413686018002673,0.8029862673127909
13,239,Present/Unseen/Left,Unseen,0.9637297978371586,0.8836355430690973
13,240,Present/Unseen/Right,Unseen,0.9813110956312445,0.8424342826283755
13,241,Present/Seen/Left,Seen,0.9214501444631545,0.7600317617469318
13,242,Present/Unseen/Left,Unseen,0.9291518725159162,0.8380511698155326
13,244,Present/Unseen/Right,Unseen,0.9100424177120912,0.6793824859906255
13,246,Present/Unseen/Left,Unseen,0.9607706807249043,0.8503238856914923
13,249,Present/Unseen/Left,Unseen,0.9503159347883706,0.8047395124379279
13,250,Present/Unseen/Right,Unseen,0.9080442745662313,0.753895403808952
13,251,Present/Unseen/Right,Unseen,0.9199077729176854,0.672369505490077
13,252,Present/Seen/Right,Seen,0.9205767467764415,0.7188305013062101
13,253,Present/Seen/Right,Seen,0.9463791973392813,0.8047395124379279
13,254,Present/Seen/Left,Seen,0.9335244074007153,0.7363629525575811
13,256,Present/Seen/Left,Seen,0.9314302031605699,0.7109408982430933
13,258,Present/Unseen/Left,Unseen,0.9747107453560538,0.862596601567452
13,259,Present/Seen/Right,Seen,0.9314798284423178,0.7048045403051132
13,260,Present/Unseen/Left,Unseen,0.9121957235474113,0.7337330848698755
13,264,Present/Unseen/Right,Unseen,0.9000490080638699,0.6460708286130206
13,265,Present/Unseen/Left,Unseen,0.9386092528222828,0.7495122909961093
13,267,Present/Unseen/Left,Unseen,0.8922204692836384,0.6399344706750407
13,268,Present/Seen/Right,Seen,0.9109646600114256,0.6679863926772343
13,270,Present/Unseen/Right,Unseen,0.9296000997277593,0.7661681196849118
13,272,Present/Unseen/Left,Unseen,0.9101002251770695,0.7030512951799761
13,273,Present/Unseen/Left,Unseen,0.8958317008175276,0.6793824859906253
13,274,Present/Unseen/Right,Unseen,0.8931762573425196,0.6776292408654883
13,276,Present/Unseen/Right,Unseen,0.9114504434613223,0.7302265946196013
13,278,Present/Unseen/Left,Unseen,0.964310704152383,0.8310381893149843
13,279,Present/Seen/Right,Seen,0.959143681178779,0.744252555620698
13,280,Present/Seen/Left,Seen,0.9383258310459863,0.790713551436831
13,281,Present/Unseen/Left,Unseen,0.9418739211192562,0.7267201043693269
13,283,Present/Unseen/Right,Unseen,0.9375500786387069,0.8047395124379279
13,284,Present/Unseen/Left,Unseen,0.9416470404734102,0.8056161350004963
13,285,Present/Seen/Right,Seen,0.939980901917871,0.7056811628676818
13,287,Present/Seen/Right,Seen,0.9192492088524692,0.7074344079928189
13,289,Present/Seen/Right,Seen,0.9396590685954079,0.7179538787436417
13,290,Present/Seen/Left,Seen,0.9309398609586017,0.7188305013062101
13,292,Present/Seen/Left,Seen,0.928346717883173,0.6916552018665851
13,293,Present/Seen/Right,Seen,0.9462673914700335,0.6977915598045649
13,294,Present/Seen/Right,Seen,0.9583465177430073,0.7424993104955608
13,295,Present/Seen/Left,Seen,0.9407612015493477,0.7819473258111456
13,297,Present/Unseen/Left,Unseen,0.9420451198261459,0.7872070611865567
13,300,Present/Seen/Right,Seen,0.9392605376001149,0.7214603689939159
13,301,Present/Unseen/Left,Unseen,0.9341140273915253,0.6846422213660367
13,302,Present/Seen/Left,Seen,0.9054732556367733,0.7179538787436416
13,304,Present/Unseen/Right,Unseen,0.9351939578713261,0.7556486489340891
13,305,Present/Seen/Left,Seen,0.965439642335699,0.790713551436831
13,306,Present/Seen/Left,Seen,0.9019815973912789,0.6565902993638433
13,308,Present/Seen/Right,Seen,0.8899982596592533,0.6986681823671335
13,309,Present/Seen/Right,Seen,0.9199011479897662,0.72496685924419
13,311,Present/Seen/Right,Seen,0.8565703137213586,0.6311682450493553
13,313,Present/Seen/Right,Seen,0.9507946976535449,0.7512655361212462
13,315,Present/Seen/Left,Seen,0.9340491726345701,0.744252555620698
13,316,Present/Unseen/Left,Unseen,0.9453960922640569,0.6960383146794278
13,317,Present/Seen/Right,Seen,0.9859025668893652,0.8704862046305692
13,318,Present/Seen/Left,Seen,0.9829363769678604,1.05107045251969
13,319,Present/Seen/Right,Seen,0.9794075096350582,0.9441224998863271
13,322,Present/Seen/Left,Seen,0.968934460883825,0.8178888508764561
13,323,Present/Unseen/Left,Unseen,0.9606519365647124,0.8643498466925891
13,325,Present/Seen/Left,Seen,0.9673356104405856,0.9029212394456054
13,327,Present/Seen/Right,Seen,0.9637667303890163,0.860843356442315
13,328,Present/Seen/Left,Seen,0.9622061481491513,0.8538303759417666
13,329,Present/Seen/Right,Seen,0.9701000193061132,0.8433109051909441
13,332,Present/Seen/Left,Seen,0.9535238952576174,0.812629115501045
13,333,Present/Seen/Right,Seen,0.9540353160895065,0.8073693801256335
13,334,Present/Seen/Left,Seen,0.9492675612620531,0.8099992478133393
13,335,Present/Seen/Right,Seen,0.9571528154472181,0.8704862046305691
13,336,Present/Seen/Right,Seen,0.9694366644089109,0.7197071238687787
13,337,Present/Seen/Left,Seen,0.9510880018316504,0.8082460026882022
13,340,Present/Unseen/Left,Unseen,0.9551224698043053,0.798603154499948
13,342,Present/Seen/Right,Seen,0.9518069220275708,0.8266550765021417
13,343,Present/Seen/Right,Seen,0.9677603681257467,0.8108758703759078
13,345,Present/Seen/Left,Seen,0.9589787439983716,0.8319148118775528
13,346,Present/Seen/Right,Seen,0.9482614955929448,0.857336866192041
13,347,Present/Seen/Left,Seen,0.951322367929723,0.7670447422474803
13,348,Present/Seen/Right,Seen,0.9687268303182199,0.8292849441898471
13,350,Present/Seen/Left,Seen,0.9590673846148284,0.806492757563065
13,352,Present/Seen/Right,Seen,0.9496625050927859,0.769674609935186
13,354,Present/Seen/Left,Seen,0.9622832570760416,0.8371745472529643
13,356,Present/Seen/Right,Seen,0.9718786604934656,0.8985381266327626
13,357,Present/Unseen/Left,Unseen,0.9530828962352836,0.816135605751319
13,360,Present/Unseen/Right,Unseen,0.9351490217250192,0.7468824233084036
13,361,Present/Unseen/Right,Unseen,0.9288008646171773,0.7986031544999479
13,362,Present/Unseen/Left,Unseen,0.9051825162031845,0.7512655361212464
13,363,Present/Unseen/Left,Unseen,0.9096408318546475,0.7004214274922705
13,364,Present/Unseen/Left,Unseen,0.926739749809765,0.7302265946196013
13,366,Present/Seen/Left,Seen,0.8782001592204509,0.6758759957403513
13,367,Present/Seen/Right,Seen,0.9456978429012268,0.7530187812463833
13,369,Present/Seen/Right,Seen,0.9301061235998482,0.7372395751201496
13,371,Present/Unseen/Right,Unseen,0.9511783147433106,0.8143823606261819
13,372,Present/Unseen/Left,Unseen,0.9398810491664226,0.7731811001854599
13,374,Present/Seen/Right,Seen,0.9390183993869028,0.6960383146794279
13,375,Present/Unseen/Left,Unseen,0.9078333282581111,0.6995448049297021
13,376,Present/Unseen/Right,Unseen,0.9263361908255182,0.7135707659307989
13,378,Present/Seen/Right,Seen,0.9190258412296649,0.6942850695542908
13,379,Present/Seen/Left,Seen,0.9102894564176839,0.7293499720570326
13,380,Present/Unseen/Left,Unseen,0.9123176895520073,0.7644148745597747
13,384,Present/Unseen/Left,Unseen,0.9230651427185711,0.7635382519972063
13,385,Present/Unseen/Right,Unseen,0.9663891154420865,0.7249668592441899
13,386,Present/Seen/Left,Seen,0.9315979347096486,0.7723044776228917
13,387,Present/Unseen/Right,Unseen,0.9122328003704433,0.7600317617469318
13,389,Present/Unseen/Right,Unseen,0.9533011174088026,0.8564602436294723
13,391,Present/Unseen/Left,Unseen,0.9403479704500978,0.7337330848698753
13,392,Present/Unseen/Right,Unseen,0.9177402701917733,0.7284733494944641
13,393,Present/Seen/Left,Seen,0.9421356875659452,0.7749343453105974
13,395,Present/Seen/Left,Seen,0.9155958299075374,0.6960383146794279
13,396,Present/Seen/Left,Seen,0.9599783575080845,0.8599667338797464
13,398,Present/Unseen/Right,Unseen,0.949529764698777,0.7819473258111457
13,399,Present/Seen/Right,Seen,0.967138361172841,0.83366805700269
13,400,Present/Unseen/Left,Unseen,0.9375986759412757,0.8178888508764564
13,401,Present/Unseen/Right,Unseen,0.9436617624393867,0.7959732868122424
13,402,Present/Seen/Right,Seen,0.9356449378306473,0.7994797770625165
13,404,Present/Unseen/Left,Unseen,0.9320677410298237,0.7451291781832664
13,406,Present/Unseen/Right,Unseen,0.9344608698657921,0.7617850068720691
13,407,Present/Seen/Left,Seen,0.9252096554873014,0.753895403808952
13,409,Present/Seen/Right,Seen,0.9337170056297017,0.7749343453105971
13,410,Present/Seen/Left,Seen,0.9435401523076253,0.7758109678731657
13,412,Present/Unseen/Left,Unseen,0.9365353105845526,0.7986031544999479
13,413,Present/Seen/Right,Seen,0.9314926659336237,0.7205837464313473
13,416,Present/Unseen/Right,Unseen,0.9343972794745559,0.7372395751201495
13,417,Present/Unseen/Left,Unseen,0.921747024870241,0.8029862673127907
13,418,Present/Unseen/Right,Unseen,0.9721320307001274,0.8380511698155328
13,419,Present/Unseen/Left,Unseen,0.93579891237839,0.7302265946196013
13,420,Present/Unseen/Left,Unseen,0.9107902629790902,0.7056811628676818
13,422,Present/Unseen/Right,Unseen,0.941958200985179,0.7766875904357344
13,424,Present/Unseen/Left,Unseen,0.9283940832190476,0.6934084469917222
13,425,Present/Unseen/Left,Unseen,0.9264506733068693,0.7328564623073069
13,427,Present/Seen/Right,Seen,0.9151305144597989,0.7389928202452868
13,429,Present/Unseen/Right,Unseen,0.9226611444407486,0.7162006336185045
13,430,Present/Seen/Right,Seen,0.9362293077712515,0.7626616294346377
13,433,Present/Unseen/Left,Unseen,0.8875189132788306,0.6346747352996295
13,434,Present/Unseen/Left,Unseen,0.9082188646063566,0.7170772561810729
13,435,Present/Seen/Right,Seen,0.909537626524184,0.7074344079928188
13,436,Present/Unseen/Left,Unseen,0.9103463117788543,0.7223369915564843
13,437,Present/Unseen/Right,Unseen,0.981666699483197,0.7766875904357342
13,438,Present/Unseen/Left,Unseen,0.928905882133221,0.7670447422474801
13,439,Present/Unseen/Right,Unseen,0.955370747116709,0.765291497122343
13,442,Present/Unseen/Right,Unseen,0.9241436292336419,0.7240902366816215
13,444,Present/Unseen/Left,Unseen,0.900017803888587,0.6557136768012746
13,445,Present/Unseen/Left,Unseen,0.9066832901817167,0.7486356684335406
13,446,Present/Unseen/Right,Unseen,0.9271838416362134,0.7205837464313471
13,448,Present/Unseen/Right,Unseen,0.9660367236483041,0.7530187812463833
13,449,Present/Unseen/Left,Unseen,0.9821110319645693,0.9134407101964279
13,450,Present/Seen/Right,Seen,0.9658559544834904,0.8652264692551579
13,453,Present/Unseen/Left,Unseen,0.9579659246973434,0.83366805700269
13,454,Present/Unseen/Right,Unseen,0.966562309552514,0.8661030918177265
13,455,Present/Unseen/Left,Unseen,0.9675725765969284,0.8678563369428633
13,457,Present/Unseen/Left,Unseen,0.956061219750388,0.822271963689299
13,458,Present/Seen/Right,Seen,0.9471428747943009,0.8617199790048834
13,460,Present/Unseen/Left,Unseen,0.9466545814336262,0.8021096447502224
13,462,Present/Unseen/Right,Unseen,0.9340980774864793,0.7696746099351859
13,463,Present/Unseen/Right,Unseen,0.9569173621365706,0.8582134887546095
13,465,Present/Unseen/Left,Unseen,0.9448156398233917,0.8406810375032383
13,466,Present/Unseen/Right,Unseen,0.9290459817227608,0.7775642129983029
13,469,Present/Seen/Left,Seen,0.9610557803002415,0.8327914344401215
13,470,Present/Seen/Right,Seen,0.9402581323133817,0.7249668592441899
13,471,Present/Unseen/Left,Unseen,0.9666263395909086,0.8941550138199199
13,472,Present/Unseen/Right,Unseen,0.922274305614391,0.7118175208056619
13,474,Present/Unseen/Left,Unseen,0.9517621641209759,0.8073693801256335
13,475,Present/Seen/Right,Seen,0.9218758843992553,0.7407460653704238
13,477,Present/Unseen/Right,Unseen,0.882474260953037,0.7118175208056615
13,478,Present/Unseen/Left,Unseen,0.915834536665316,0.7565252714966577
13,481,Present/Seen/Right,Seen,0.9382870965247571,0.7635382519972063
13,482,Present/Seen/Left,Seen,0.9515126464921211,0.7652914971223433
13,484,Present/Seen/Left,Seen,0.9232259774979417,0.7495122909961094
13,486,Present/Unseen/Right,Unseen,0.9160599033081697,0.7275967269318957
13,487,Present/Unseen/Left,Unseen,0.9369420087669345,0.7214603689939157
13,488,Present/Unseen/Right,Unseen,0.8797767031228669,0.656590299363843
13,489,Present/Unseen/Left,Unseen,0.9325102646057339,0.7705512324977546
13,490,Present/Unseen/Right,Unseen,0.9390503426803637,0.7758109678731657
13,492,Present/Unseen/Left,Unseen,0.8930077818178421,0.646947451175589
13,493,Present/Unseen/Right,Unseen,0.865364199175845,0.6066228132974358
13,495,Present/Seen/Left,Seen,0.8806718401092591,0.6241552645488071
13,496,Present/Seen/Right,Seen,0.9481812812686963,0.6863954664911739
13,497,Present/Seen/Right,Seen,0.91964440242679,0.7503889135586779
13,498,Present/Seen/Left,Seen,0.9074308933313162,0.6811357311157625
13,501,Present/Unseen/Left,Unseen,0.9296872847680236,0.760031761746932
13,502,Present/Unseen/Left,Unseen,0.9111854824499845,0.781070703248577
13,504,Present/Unseen/Right,Unseen,0.9166452948158884,0.6662331475520972
13,506,Present/Unseen/Right,Unseen,0.9493203630210798,0.8012330221876536
13,507,Present/Unseen/Left,Unseen,0.9487742395847377,0.7837005709362826
13,508,Present/Unseen/Right,Unseen,0.9500006037173799,0.6600967896141173
13,511,Present/Unseen/Right,Unseen,0.9586930681340774,0.8170122283138876
13,512,Present/Unseen/Left,Unseen,0.9533102791866641,0.8450641503160811
13,514,Present/Unseen/Right,Unseen,0.9420243528907385,0.8424342826283754
13,515,Present/Seen/Right,Seen,0.93733511855629,0.7705512324977546
13,516,Present/Seen/Left,Seen,0.943736550894018,0.7556486489340891
13,517,Present/Seen/Left,Seen,0.951972754735403,0.7565252714966575
13,520,Present/Seen/Right,Seen,0.9350744121457492,0.7512655361212465
13,521,Present/Unseen/Left,Unseen,0.9205173084791451,0.7258434818067584
13,522,Present/Unseen/Left,Unseen,0.9388949640235864,0.7538954038089519
13,523,Present/Seen/Right,Seen,0.9293467820419221,0.7153240110559361
13,525,Present/Seen/Left,Seen,0.9458251455817904,0.7635382519972062
13,526,Present/Seen/Right,Seen,0.9332528663985428,0.7521421586838148
13,527,Present/Unseen/Right,Unseen,0.921435668773998,0.7854538160614198
13,528,Present/Unseen/Left,Unseen,0.8889560543231599,0.7302265946196013
13,531,Present/Unseen/Left,Unseen,0.9247092011968066,0.7188305013062101
13,533,Present/Seen/Right,Seen,0.9219534598853982,0.7293499720570328
13,535,Present/Seen/Right,Seen,0.8957038525756231,0.5145774442277382
13,536,Present/Seen/Left,Seen,0.9146514349253637,0.7582785166217947
13,537,Present/Unseen/Left,Unseen,0.9726552035190478,0.8810056753813916
13,538,Present/Seen/Right,Seen,0.9234845146137999,0.7039279177425446
13,541,Present/Seen/Left,Seen,0.9089833702173788,0.6758759957403513
13,542,Present/Unseen/Right,Unseen,0.9105946071786258,0.7144473884933673
13,544,Present/Seen/Right,Seen,0.9147606159260879,0.7109408982430933
13,545,Present/Unseen/Right,Unseen,0.9244590547562948,0.6785058634280569
13,546,Present/Unseen/Left,Unseen,0.9280758564010798,0.7766875904357343
13,548,Present/Unseen/Left,Unseen,0.9124034127988448,0.710940898243093
13,550,Present/Unseen/Right,Unseen,0.9114889176285167,0.7179538787436415
13,551,Present/Seen/Left,Seen,0.8935603556461463,0.6934084469917221
13,553,Present/Unseen/Right,Unseen,0.9255603481955944,0.808246002688202
13,554,Present/Seen/Left,Seen,0.9255963940442526,0.7416226879329924
13,555,Present/Seen/Right,Seen,0.9529126444002417,0.7381161976827183
13,557,Present/Seen/Right,Seen,0.9333873575795878,0.7512655361212464
13,558,Present/Unseen/Left,Unseen,0.9355254482615116,0.6855188439286052
13,559,Present/Unseen/Left,Unseen,0.9083923390153675,0.7197071238687787
13,561,Present/Unseen/Left,Unseen,0.937019894979655,0.7819473258111456
13,562,Present/Seen/Right,Seen,0.9307685123443087,0.7530187812463834
13,563,Present/Unseen/Left,Unseen,0.9251495533752674,0.7512655361212464
13,566,Present/Seen/Right,Seen,0.9129258059415368,0.7591551391843633
13,567,Present/Unseen/Left,Unseen,0.9219999723093962,0.7600317617469318
13,569,Present/Seen/Right,Seen,0.9560956857311604,0.7819473258111456
13,570,Present/Unseen/Left,Unseen,0.8988562706136576,0.7600317617469318
13,571,Present/Unseen/Right,Unseen,0.8793290818945309,0.7232136141190527
13,575,Present/Unseen/Left,Unseen,0.8916496720161762,0.6302916224867867
13,576,Present/Unseen/Right,Unseen,0.936566711188075,0.7898369288742624
13,577,Present/Seen/Left,Seen,0.9445956616265607,0.7468824233084038
13,578,Present/Seen/Right,Seen,0.9479946889008812,0.798603154499948
13,580,Present/Seen/Left,Seen,0.9201032307575551,0.7056811628676819
13,581,Present/Unseen/Right,Unseen,0.9290031850529651,0.7512655361212464
13,582,Present/Seen/Left,Seen,0.9346465569676542,0.7424993104955607
13,583,Present/Unseen/Right,Unseen,0.9069341443077428,0.7004214274922704
13,585,Present/Unseen/Left,Unseen,0.9355930844712808,0.7109408982430929
13,587,Present/Unseen/Right,Unseen,0.9468318723451409,0.7915901739993996
13,588,Present/Unseen/Left,Unseen,0.9293338914062821,0.7477590458709723
13,589,Present/Seen/Right,Seen,0.9460045037573405,0.7319798397447382
13,591,Present/Seen/Left,Seen,0.9353349872854153,0.6916552018665849
13,593,Present/Unseen/Right,Unseen,0.9461646485662176,0.8082460026882019
13,594,Present/Unseen/Left,Unseen,0.9284183427081572,0.736362952557581
13,596,Present/Unseen/Right,Unseen,0.9805951593955768,0.9143173327589964
14,0,Present/Unseen/Left,Unseen,0.970668254654887,0.8739926948808431
14,1,Present/Unseen/Right,Unseen,0.9785792844299649,0.8187654734390246
14,2,Present/Unseen/Left,Unseen,0.9745658782799654,0.8327914344401214
14,3,Present/Unseen/Right,Unseen,0.9826464828588171,0.8485706405663554
14,6,Present/Unseen/Right,Unseen,0.9823680777308917,0.8099992478133392
14,8,Present/Unseen/Left,Unseen,0.977833332592535,0.77318110018546
14,9,Present/Unseen/Left,Unseen,0.9771610957500465,0.82753169906471
14,10,Present/Unseen/Right,Unseen,0.9812769312275359,0.8170122283138875
14,12,Present/Unseen/Right,Unseen,0.978286025639923,0.8687329595054321
14,15,Present/Unseen/Left,Unseen,0.9813218210460235,0.866979714380295
14,16,Present/Unseen/Left,Unseen,0.9833824590154563,0.8573368661920407
14,17,Present/Unseen/Right,Unseen,0.9755440633882372,0.860843356442315
14,19,Present/Unseen/Right,Unseen,0.9812882302534741,0.9020446168830369
14,21,Present/Unseen/Left,Unseen,0.9773879539749283,0.8845121656316658
14,22,Present/Unseen/Left,Unseen,0.9802773530401806,0.9011679943204682
14,23,Present/Unseen/Right,Unseen,0.9757018815274353,0.7758109678731657
14,24,Present/Unseen/Right,Unseen,0.9825295789307792,0.8941550138199197
14,26,Present/Unseen/Left,Unseen,0.9783504622150015,0.8441875277535126
14,28,Present/Seen/Left,Seen,0.9819412225068193,0.8538303759417666
14,29,Present/Unseen/Right,Unseen,0.9773070980615193,0.8494472631289236
14,31,Present/Seen/Left,Seen,0.9759814356747233,0.7521421586838148
14,32,Present/Unseen/Right,Unseen,0.9763367575481146,0.8327914344401215
14,33,Present/Unseen/Left,Unseen,0.9806403039887702,0.8056161350004962
14,35,Present/Unseen/Right,Unseen,0.9778173017161031,0.7994797770625165
14,36,Present/Unseen/Left,Unseen,0.9831779764299775,0.8231485862518676
14,38,Present/Unseen/Right,Unseen,0.9828363927561775,0.7644148745597745
14,40,Present/Unseen/Right,Unseen,0.9805793743066512,0.8485706405663553
14,41,Present/Unseen/Left,Unseen,0.9854536369411626,0.8406810375032383
14,44,Present/Unseen/Right,Unseen,0.9784541020797421,0.8249018313770048
14,45,Present/Unseen/Right,Unseen,0.9722492169171246,0.8249018313770045
14,46,Present/Unseen/Left,Unseen,0.9807199271305606,0.8170122283138875
14,47,Present/Unseen/Left,Unseen,0.9772434189709327,0.7898369288742625
14,50,Present/Unseen/Right,Unseen,0.9786872005561034,0.7845771934988514
14,51,Present/Unseen/Right,Unseen,0.9770056474103471,0.8196420960015931
14,52,Present/Unseen/Left,Unseen,0.9767817156091073,0.8143823606261821
14,53,Present/Unseen/Left,Unseen,0.9772686055793784,0.7837005709362828
14,54,Present/Unseen/Left,Unseen,0.9793899969442552,0.851200508254061
14,55,Present/Seen/Right,Seen,0.9842346188263235,0.866979714380295
14,56,Present/Unseen/Right,Unseen,0.9806221453755177,0.8485706405663554
14,57,Present/Unseen/Left,Unseen,0.9763286037318477,0.7854538160614198
14,60,Present/Unseen/Left,Unseen,0.983638141966615,0.859090111317178
14,61,Present/Seen/Right,Seen,0.9771802949129805,0.767921364810049
14,62,Present/Unseen/Left,Unseen,0.9811878724089593,0.8389277923781012
14,64,Present/Unseen/Right,Unseen,0.9839685400405184,0.8354213021278272
14,66,Present/Unseen/Right,Unseen,0.9823115742728196,0.8354213021278271
14,67,Present/Unseen/Left,Unseen,0.9856656024744931,0.8196420960015933
14,68,Present/Unseen/Left,Unseen,0.9821649508972831,0.8336680570026901
14,69,Present/Unseen/Right,Unseen,0.979952764247106,0.8319148118775531
14,72,Present/Unseen/Right,Unseen,0.9821843212699725,0.8941550138199198
14,74,Present/Unseen/Left,Unseen,0.9780000864927954,0.9178238230092708
14,75,Present/Unseen/Left,Unseen,0.9749420473308333,0.9064277296958797
14,77,Present/Unseen/Right,Unseen,0.9792382575231796,0.8739926948808432
14,78,Present/Unseen/Right,Unseen,0.9880580233932972,0.9327264065729363
14,79,Present/Unseen/Left,Unseen,0.9867153596584243,0.8038628898753593
14,80,Present/Unseen/Left,Unseen,0.9838590571453278,0.8687329595054318
14,82,Present/Unseen/Right,Unseen,0.9825397516685781,0.8950316363824884
14,84,Present/Unseen/Left,Unseen,0.9902968886312917,0.8669797143802949
14,85,Present/Unseen/Right,Unseen,0.9884374706436296,0.9712977993259523
14,86,Present/Unseen/Left,Unseen,0.9843701130039765,0.9932133633901657
14,88,Present/Unseen/Right,Unseen,0.9900518450840484,0.9099342199461538
14,90,Present/Unseen/Right,Unseen,0.9871358944063047,0.9002913717578997
14,91,Present/Unseen/Left,Unseen,0.9835005384900564,0.8275316990647101
14,92,Present/Seen/Left,Seen,0.9854444423580273,0.852953753379198
14,94,Present/Unseen/Right,Unseen,0.9855163052861724,0.8853887881942344
14,96,Present/Unseen/Left,Unseen,0.9892137784627042,0.8625966015674522
14,97,Present/Unseen/Right,Unseen,0.9835677135951212,0.8643498466925892
14,98,Present/Unseen/Left,Unseen,0.983717986789722,0.8748693174434119
14,99,Present/Unseen/Right,Unseen,0.9791689927257463,0.9081809748210168
14,102,Present/Unseen/Right,Unseen,0.9811397322000965,0.9485056126991699
14,104,Present/Unseen/Right,Unseen,0.982001380365118,0.8836355430690974
14,105,Present/Unseen/Left,Unseen,0.9820868212244097,0.8687329595054322
14,106,Present/Unseen/Left,Unseen,0.9865717026868618,0.9397393870734845
14,108,Present/Unseen/Left,Unseen,0.9821847267103663,0.8827589205065287
14,110,Present/Seen/Right,Seen,0.9815349143791435,0.9257134260723878
14,112,Present/Unseen/Right,Unseen,0.9877858838982279,0.9888302505773231
14,113,Present/Unseen/Left,Unseen,0.9800586457115948,0.8275316990647101
14,115,Present/Unseen/Left,Unseen,0.9782312943698275,0.8091226252507705
14,117,Present/Unseen/Right,Unseen,0.9808983331126797,0.806492757563065
14,118,Present/Unseen/Left,Unseen,0.9847548881204945,0.868732959505432
14,119,Present/Unseen/Right,Unseen,0.9851637450170512,0.9204536906969762
14,122,Present/Seen/Right,Seen,0.9837531758582593,0.8143823606261819
14,123,Present/Unseen/Right,Unseen,0.9812389583454817,0.8924017686947827
14,124,Present/Unseen/Left,Unseen,0.9798437482373338,0.8187654734390247
14,125,Present/Seen/Left,Seen,0.9833367229597565,0.8888952784445084
14,127,Present/Seen/Left,Seen,0.9848564120653542,0.8398044149406698
14,128,Present/Seen/Right,Seen,0.9813652342298396,0.8599667338797466
14,129,Present/Seen/Right,Seen,0.9834434867513397,0.9467523675740327
14,130,Present/Unseen/Left,Unseen,0.9858954729054663,0.8021096447502223
14,132,Present/Seen/Left,Seen,0.9854903147741515,0.8836355430690973
14,134,Present/Seen/Right,Seen,0.9820216113630702,0.8222719636892988
14,136,Present/Seen/Left,Seen,0.9877887781775135,0.7977265319373794
14,137,Present/Seen/Right,Seen,0.9782881786438837,0.8301615667524158
14,139,Present/Seen/Right,Seen,0.9760597673512742,0.8441875277535125
14,140,Present/Seen/Left,Seen,0.9862966766513187,0.9791874023890689
14,141,Present/Unseen/Left,Unseen,0.9833968101901368,0.8617199790048837
14,143,Present/Seen/Right,Seen,0.9859489267846144,0.6890253341788793
14,145,Present/Seen/Right,Seen,0.9711158060482523,0.7889603063116939
14,146,Present/Seen/Left,Seen,0.9802214847017034,0.7819473258111455
14,147,Present/Seen/Left,Seen,0.9832266323196649,0.8494472631289238
14,149,Present/Seen/Right,Seen,0.9866606343782358,0.8801290528188229
14,151,Present/Unseen/Left,Unseen,0.9818442995637222,0.8862654107568029
14,153,Present/Unseen/Left,Unseen,0.9763284585300217,0.8126291155010448
14,154,Present/Unseen/Right,Unseen,0.9794559393862717,0.959901706012561
14,155,Present/Seen/Right,Seen,0.9761261860704564,0.8915251461322143
14,156,Present/Seen/Left,Seen,0.9766214712037451,0.8310381893149845
14,157,Present/Seen/Right,Seen,0.9797458423864774,0.915193955321565
14,158,Present/Seen/Left,Seen,0.9846711605999576,0.9870770054521861
14,159,Present/Seen/Right,Seen,0.9851169645398437,0.8099992478133392
14,162,Present/Seen/Left,Seen,0.9819621653026338,0.809999247813339
14,163,Present/Unseen/Right,Unseen,0.9836039144504712,0.8441875277535125
14,164,Present/Seen/Left,Seen,0.9774729650602605,0.8292849441898472
14,165,Present/Unseen/Right,Unseen,0.9736419169629423,0.8222719636892989
14,168,Present/Unseen/Right,Unseen,0.9814902022044235,0.760031761746932
14,169,Present/Seen/Left,Seen,0.9834101052779601,0.8161356057513189
14,170,Present/Unseen/Left,Unseen,0.9769249226433758,0.8617199790048836
14,172,Present/Unseen/Right,Unseen,0.9798669305118618,0.8503238856914922
14,174,Present/Unseen/Left,Unseen,0.9897404576379564,0.9046744845707424
14,177,Present/Unseen/Right,Unseen,0.9849838261653259,0.9292199163226619
14,178,Present/Unseen/Left,Unseen,0.9658481683858127,0.7933434191245369
14,179,Present/Unseen/Right,Unseen,0.9810478226788867,0.8950316363824884
14,180,Present/Unseen/Right,Unseen,0.9807585150888916,0.9318497840103674
14,182,Present/Seen/Left,Seen,0.9870445532569605,0.8555836210669036
14,183,Present/Seen/Left,Seen,0.9818316454551685,0.8319148118775528
14,185,Present/Seen/Right,Seen,0.983311778897657,0.7530187812463833
14,186,Present/Seen/Left,Seen,0.9789832997057182,0.7950966642496737
14,188,Present/Seen/Right,Seen,0.9808763318999483,0.77318110018546
14,189,Present/Seen/Left,Seen,0.9802338783157959,0.854706998504335
14,191,Present/Seen/Right,Seen,0.9747151677098933,0.7626616294346374
14,193,Present/Seen/Left,Seen,0.9775868649536319,0.7486356684335407
14,194,Present/Seen/Right,Seen,0.9763369871125406,0.798603154499948
14,196,Present/Seen/Right,Seen,0.9769199729724379,0.7775642129983027
14,197,Present/Seen/Left,Seen,0.967647968983719,0.7986031544999479
14,198,Present/Seen/Left,Seen,0.9736724109163463,0.8643498466925893
14,201,Present/Unseen/Right,Unseen,0.9784689630395498,0.8722394497557062
14,202,Present/Seen/Left,Seen,0.9818458400462141,0.7582785166217948
14,203,Present/Unseen/Right,Unseen,0.9707668766116399,0.7109408982430933
14,205,Present/Unseen/Left,Unseen,0.9703516665429556,0.7258434818067585
14,206,Present/Seen/Left,Seen,0.9827776723887492,0.9002913717578995
14,207,Present/Unseen/Right,Unseen,0.9741834809124964,0.8757459400059804
14,209,Present/Unseen/Right,Unseen,0.9700973279539246,0.7284733494944642
14,211,Present/Seen/Right,Seen,0.986583583000802,0.9160705778841336
14,212,Present/Seen/Left,Seen,0.9869363714732766,0.8152589831887503
14,213,Present/Seen/Right,Seen,0.9781768630405642,0.8240252088144362
14,214,Present/Seen/Left,Seen,0.9665992276110332,0.7801940806860086
14,216,Present/Unseen/Left,Unseen,0.9780876916664002,0.8599667338797464
14,218,Present/Seen/Left,Seen,0.9849119524100749,0.7565252714966577
14,220,Present/Unseen/Right,Unseen,0.9701344758103932,0.8249018313770043
14,221,Present/Unseen/Right,Unseen,0.9843637029470016,0.8547069985043351
14,222,Present/Seen/Right,Seen,0.9864584345111771,0.878375807693686
14,225,Present/Seen/Left,Seen,0.9659092846139015,0.7924667965619682
14,226,Present/Seen/Left,Seen,0.9726066242947988,0.7819473258111455
14,227,Present/Seen/Right,Seen,0.9782812822476952,0.8301615667524157
14,228,Present/Seen/Left,Seen,0.9828993139339082,0.8231485862518674
14,230,Present/Seen/Right,Seen,0.9798092863794672,0.8617199790048836
14,231,Present/Seen/Right,Seen,0.9832672159807533,0.7950966642496737
14,232,Present/Unseen/Left,Unseen,0.9825745973948473,0.8827589205065286
14,235,Present/Seen/Right,Seen,0.9770726932396594,0.8021096447502221
14,236,Present/Seen/Left,Seen,0.9845744457073983,0.8021096447502221
14,237,Present/Seen/Left,Seen,0.9796232238019185,0.9160705778841335
14,239,Present/Unseen/Right,Unseen,0.980904308485848,0.7828239483737142
14,240,Present/Unseen/Left,Unseen,0.98432738588369,0.9844471377644805
14,242,Present/Unseen/Right,Unseen,0.9813914516634223,0.9371095193857787
14,243,Present/Seen/Left,Seen,0.9900084218283225,0.8503238856914924
14,245,Present/Seen/Right,Seen,0.9830321848961562,0.9362328968232103
14,247,Present/Seen/Left,Seen,0.9845855899852671,0.8713628271931376
14,249,Present/Seen/Right,Seen,0.9800821072142022,0.8652264692551579
14,250,Present/Unseen/Right,Unseen,0.990661564725093,0.9020446168830366
14,251,Present/Unseen/Left,Unseen,0.9842971383473295,0.8924017686947828
14,252,Present/Seen/Left,Seen,0.9865266220654371,0.9090575973835853
14,253,Present/Seen/Left,Seen,0.9841342328084349,0.8301615667524157
14,255,Present/Unseen/Right,Unseen,0.9799599297632282,0.8345446795652587
14,257,Present/Seen/Right,Seen,0.9848636691083454,0.9283432937600933
14,258,Present/Seen/Left,Seen,0.988248423377391,0.9669146865131095
14,259,Present/Unseen/Left,Unseen,0.9869701225606697,0.9756809121387949
14,260,Present/Unseen/Right,Unseen,0.9860388155514479,0.8424342826283754
14,261,Present/Unseen/Right,Unseen,0.9907784127254432,0.9572718383248555
14,264,Present/Seen/Left,Seen,0.9905958506882871,0.8748693174434119
14,265,Present/Seen/Right,Seen,0.9850799953411128,0.9187004455718393
14,267,Present/Seen/Left,Seen,0.9826645562696362,0.9046744845707424
14,268,Present/Seen/Right,Seen,0.9877767910075201,0.9371095193857787
14,270,Present/Seen/Left,Seen,0.9855980723625405,0.8853887881942344
14,272,Present/Unseen/Right,Unseen,0.985837430394432,0.9099342199461538
14,273,Present/Unseen/Left,Unseen,0.9875970607713672,0.9616549511376983
14,274,Present/Unseen/Right,Unseen,0.9863681074808116,0.9108108425087224
14,276,Present/Unseen/Left,Unseen,0.9816678758968926,0.9818172700767747
14,277,Present/Unseen/Left,Unseen,0.9743839756559557,0.8915251461322142
14,278,Present/Unseen/Right,Unseen,0.9839040977847754,0.9809406475142063
14,280,Present/Unseen/Right,Unseen,0.9839594156530708,0.8845121656316658
14,282,Present/Seen/Right,Seen,0.9853321189080758,0.9572718383248554
14,285,Present/Unseen/Right,Unseen,0.9832103917389545,0.8538303759417668
14,286,Present/Unseen/Left,Unseen,0.9833272187214019,0.9274666711975246
14,287,Present/Seen/Left,Seen,0.9848424705511231,0.8669797143802949
14,289,Present/Seen/Left,Seen,0.9799892796501155,0.752142158683815
14,291,Present/Unseen/Left,Unseen,0.9804084011024637,0.8564602436294723
14,292,Present/Unseen/Right,Unseen,0.981185811928045,0.8468173954412181
14,293,Present/Unseen/Right,Unseen,0.9715147081149408,0.8143823606261821
14,296,Present/Unseen/Left,Unseen,0.9859211652596201,0.9414926321986216
14,297,Present/Unseen/Right,Unseen,0.9811704097745417,0.8774991851311175
14,298,Present/Seen/Left,Seen,0.9848845062594647,0.9835705152019119
14,299,Present/Seen/Right,Seen,0.9860215047873998,0.9520121029494439
14,300,Present/Unseen/Right,Unseen,0.9737872862290216,0.7337330848698754
14,301,Present/Seen/Left,Seen,0.9777361857768532,0.8827589205065285
14,302,Present/Seen/Right,Seen,0.9825216683200131,0.8608433564423149
14,305,Present/Seen/Left,Seen,0.9790369637626966,0.8661030918177262
14,306,Present/Seen/Left,Seen,0.9692213116931541,0.8345446795652586
14,308,Present/Seen/Left,Seen,0.979034520164745,0.7477590458709722
14,309,Present/Seen/Right,Seen,0.9733351583329265,0.7407460653704239
14,311,Present/Seen/Right,Seen,0.9684447971828877,0.8073693801256334
14,312,Present/Unseen/Right,Unseen,0.9715842316586011,0.6767526183029197
14,313,Present/Seen/Left,Seen,0.9699493010327792,0.804739512437928
14,315,Present/Unseen/Right,Unseen,0.9759947370544078,0.8249018313770045
14,317,Present/Seen/Left,Seen,0.9688255402989236,0.7530187812463834
14,318,Present/Unseen/Right,Unseen,0.9624889848105141,0.8275316990647099
14,321,Present/Seen/Right,Seen,0.9794053711731314,0.8222719636892989
14,322,Present/Unseen/Left,Unseen,0.981492999197985,0.8757459400059804
14,323,Present/Seen/Left,Seen,0.963386068039479,0.8073693801256335
14,324,Present/Unseen/Right,Unseen,0.9804224543021243,0.8292849441898473
14,325,Present/Seen/Right,Seen,0.9774839301924544,0.8117524929384764
14,328,Present/Unseen/Left,Unseen,0.976720277030155,0.8678563369428632
14,329,Present/Unseen/Left,Unseen,0.976001897545202,0.8231485862518675
14,332,Present/Seen/Right,Seen,0.9815854252341905,0.9888302505773232
14,333,Present/Seen/Right,Seen,0.989570647773906,0.9756809121387949
14,334,Present/Seen/Left,Seen,0.9879078467977607,1.0230185305174966
14,335,Present/Seen/Left,Seen,0.9870060223845475,0.8801290528188231
14,337,Present/Unseen/Left,Unseen,0.9878362423529414,0.9248368035098191
14,338,Present/Seen/Left,Seen,0.9878163761638004,0.8476940180037869
14,339,Present/Seen/Right,Seen,0.9844807522045333,1.0063627018286943
14,341,Present/Unseen/Right,Unseen,0.9873611969605192,0.9651614413879726
14,343,Present/Seen/Right,Seen,0.9862509660093444,0.9020446168830369
14,344,Present/Seen/Right,Seen,0.9853467355072663,0.969544554200815
14,345,Present/Unseen/Left,Unseen,0.9847299843799436,0.953765348074581
14,346,Present/Unseen/Left,Unseen,0.9858230662696444,0.9081809748210165
14,348,Present/Unseen/Left,Unseen,0.985664870127319,0.895908258945057
14,349,Present/Unseen/Right,Unseen,0.9884366620368811,1.0160055500169483
14,350,Present/Seen/Right,Seen,0.9802090087661817,0.9651614413879724
14,352,Present/Unseen/Left,Unseen,0.988588906547826,0.8617199790048834
14,354,Present/Unseen/Left,Unseen,0.988590604851646,0.8310381893149843
14,356,Present/Unseen/Left,Unseen,0.9897125459174572,0.9984730987655771
14,357,Present/Unseen/Right,Unseen,0.9861840743700426,1.0423042268940046
14,358,Present/Seen/Right,Seen,0.9867989405574502,0.950258857824307
14,360,Present/Unseen/Left,Unseen,0.9845715617063434,0.9607783285751296
14,361,Present/Seen/Right,Seen,0.9872312020237891,0.9642848188254038
14,362,Present/Unseen/Left,Unseen,0.9863520771159644,0.9555185931997184
14,363,Present/Seen/Right,Seen,0.983402821604259,0.9292199163226619
14,366,Present/Seen/Left,Seen,0.9884873881829077,0.8476940180037867
14,367,Present/Seen/Right,Seen,0.9878903049473987,0.9239601809472504
14,368,Present/Seen/Right,Seen,0.9777026359646563,0.8520771308166297
14,370,Present/Unseen/Left,Unseen,0.9922335909128647,1.044057472019142
14,372,Present/Seen/Right,Seen,0.9868353264318143,0.9134407101964279
14,373,Present/Unseen/Left,Unseen,0.9811871790402151,0.8818822979439601
14,374,Present/Seen/Right,Seen,0.9860371028271521,0.8696095820680005
14,376,Present/Seen/Left,Seen,0.9861710308556898,0.9064277296958794
14,378,Present/Unseen/Right,Unseen,0.9859284296808406,0.8231485862518673
14,379,Present/Seen/Right,Seen,0.9830998557217322,0.8976615040701941
14,380,Present/Unseen/Left,Unseen,0.9841605641138238,0.9265900486349562
14,382,Present/Seen/Left,Seen,0.9899785466536359,0.9379861419483473
14,385,Present/Unseen/Left,Unseen,0.9800189151828486,0.806492757563065
14,387,Present/Seen/Left,Seen,0.9856207562776131,0.9046744845707423
14,388,Present/Seen/Right,Seen,0.970033202535114,0.841557660065807
14,389,Present/Unseen/Right,Unseen,0.9837521229563478,0.9555185931997182
14,391,Present/Seen/Right,Seen,0.9756619430206375,0.9037978620081737
14,392,Present/Seen/Left,Seen,0.981526719594816,0.8871420333193715
14,393,Present/Unseen/Right,Unseen,0.9777163017526965,0.8257784539395728
14,394,Present/Seen/Left,Seen,0.9773606648076704,0.8178888508764561
14,397,Present/Seen/Right,Seen,0.9798554509335,0.8064927575630649
14,398,Present/Unseen/Left,Unseen,0.9787814451873595,1.0098691920789682
14,399,Present/Unseen/Right,Unseen,0.9785449133897273,0.944122499886327
14,401,Present/Unseen/Left,Unseen,0.9746964214775399,0.8888952784445084
14,402,Present/Seen/Right,Seen,0.9680999262210276,0.868732959505432
14,404,Present/Seen/Left,Seen,0.9758500706842641,0.9248368035098191
14,405,Present/Seen/Right,Seen,0.9792822196464859,0.9099342199461538
14,406,Present/Unseen/Left,Unseen,0.9830845142231683,0.9160705778841336
14,408,Present/Seen/Right,Seen,0.9773796256446933,0.8985381266327626
14,409,Present/Unseen/Left,Unseen,0.9846924264830201,0.9274666711975248
14,411,Present/Seen/Left,Seen,0.9746041497405524,0.7503889135586778
14,412,Present/Unseen/Right,Unseen,0.9839690757492257,0.9686679316382466
14,415,Present/Unseen/Right,Unseen,0.9750123210980782,0.911687465071291
14,416,Present/Seen/Left,Seen,0.9653666844630373,0.8424342826283753
14,417,Present/Seen/Left,Seen,0.9832201230610224,0.8757459400059804
14,419,Present/Seen/Right,Seen,0.9721017609505879,0.8985381266327626
14,420,Present/Unseen/Right,Unseen,0.9865914563481732,0.8625966015674521
14,421,Present/Unseen/Right,Unseen,0.9845340740297042,0.8547069985043351
14,423,Present/Seen/Left,Seen,0.9836497327933701,0.8301615667524157
14,425,Present/Seen/Left,Seen,0.9868421648768594,0.8853887881942343
14,426,Present/Unseen/Right,Unseen,0.9800454501415786,0.923083558384682
14,428,Present/Unseen/Left,Unseen,0.9914561809039137,0.938862764510916
14,430,Present/Unseen/Right,Unseen,0.9773481530385473,0.9037978620081737
14,431,Present/Seen/Left,Seen,0.9865936799806045,0.8888952784445084
14,432,Present/Unseen/Left,Unseen,0.9780273322383995,0.8625966015674521
14,433,Present/Seen/Right,Seen,0.9851294113117754,0.763538251997206
14,435,Present/Seen/Left,Seen,0.9752169539527018,0.7793174581234401
14,436,Present/Unseen/Right,Unseen,0.9728840628550419,0.8275316990647101
14,438,Present/Unseen/Right,Unseen,0.9803711949908787,0.8915251461322143
14,439,Present/Unseen/Left,Unseen,0.9823783895592607,0.9239601809472506
14,440,Present/Seen/Right,Seen,0.9812484600220998,0.8836355430690973
14,443,Present/Seen/Left,Seen,0.98050932888146,0.835421302127827
14,444,Present/Seen/Left,Seen,0.9840670115561331,0.7968499093748109
14,447,Present/Seen/Right,Seen,0.9893944726925957,0.921330313259545
14,448,Present/Seen/Left,Seen,0.9809240503134536,0.8696095820680005
14,449,Present/Seen/Right,Seen,0.9891017724028589,0.9099342199461538
14,450,Present/Unseen/Left,Unseen,0.984901909419822,0.9642848188254037
14,451,Present/Unseen/Right,Unseen,0.973934777156918,0.7942200416871054
14,452,Present/Unseen/Right,Unseen,0.9887870898692941,0.9239601809472505
14,455,Present/Unseen/Left,Unseen,0.9858044987444332,0.843310905190944
14,456,Present/Seen/Right,Seen,0.9793993327494003,0.8783758076936858
14,458,Present/Unseen/Left,Unseen,0.985475172184767,0.6934084469917221
14,460,Present/Unseen/Right,Unseen,0.9769105079630084,0.860843356442315
14,461,Present/Seen/Left,Seen,0.9811082498835948,0.8774991851311176
14,463,Present/Unseen/Left,Unseen,0.9739115773508497,0.835421302127827
14,464,Present/Seen/Right,Seen,0.9753372819930365,0.8512005082540609
14,465,Present/Unseen/Left,Unseen,0.9865785685436728,0.9002913717578996
14,466,Present/Unseen/Right,Unseen,0.9878873158501433,0.9502588578243069
14,468,Present/Unseen/Left,Unseen,0.9747108867768,0.7950966642496738
14,469,Present/Seen/Right,Seen,0.9769802063432862,0.8362979246903955
14,470,Present/Seen/Right,Seen,0.9833063505537528,0.8398044149406697
14,471,Present/Unseen/Left,Unseen,0.9796373327276098,0.9879536280147547
14,475,Present/Seen/Right,Seen,0.9829355215069371,0.8661030918177263
14,476,Present/Unseen/Left,Unseen,0.9600940376709166,0.6828889762408996
14,477,Present/Unseen/Left,Unseen,0.9854500895538639,0.8284083216272787
14,479,Present/Unseen/Right,Unseen,0.9805125610125148,0.9187004455718393
14,480,Present/Unseen/Right,Unseen,0.9844736470152256,0.9169472004467021
14,482,Present/Unseen/Left,Unseen,0.973709766240775,0.9064277296958794
14,484,Present/Unseen/Left,Unseen,0.9791564286434885,0.8678563369428635
14,485,Present/Unseen/Right,Unseen,0.9743844412478813,0.816135605751319
14,486,Present/Seen/Right,Seen,0.97623068785626,0.8152589831887505
14,487,Present/Unseen/Right,Unseen,0.9766945515125044,0.9362328968232102
14,489,Present/Unseen/Left,Unseen,0.9782537046532103,0.899414749195331
14,491,Present/Unseen/Left,Unseen,0.9752365390283364,1.028278265892908
14,492,Present/Seen/Right,Seen,0.9783900338281297,0.9222069358221135
14,493,Present/Seen/Left,Seen,0.9835042591281284,0.9099342199461536
14,495,Present/Unseen/Right,Unseen,0.9832620462511914,0.8380511698155327
14,496,Present/Unseen/Left,Unseen,0.9869859872382818,0.9037978620081737
14,498,Present/Seen/Left,Seen,0.9751440977055478,0.845064150316081
14,499,Present/Unseen/Right,Unseen,0.9781845707255202,0.8774991851311174
14,501,Present/Seen/Left,Seen,0.9796661590019035,0.8582134887546092
14,503,Present/Unseen/Right,Unseen,0.9778728579468958,0.9563952157622867
14,504,Present/Unseen/Left,Unseen,0.9786434456842844,0.8187654734390247
14,506,Present/Unseen/Right,Unseen,0.9640232266600219,0.7959732868122422
14,508,Present/Unseen/Left,Unseen,0.9796715537185008,0.876622562568549
14,509,Present/Seen/Right,Seen,0.9833830250899634,0.855583621066904
14,510,Present/Seen/Left,Seen,0.9845387915261512,0.8634732241300206
14,511,Present/Seen/Right,Seen,0.981844994768554,0.8380511698155326
14,513,Present/Unseen/Left,Unseen,0.9819038473272489,0.9055511071333109
14,515,Present/Unseen/Right,Unseen,0.9763778907398981,0.9406160096360531
14,517,Present/Seen/Right,Seen,0.9841886067970481,0.878375807693686
14,518,Present/Unseen/Left,Unseen,0.9773230040637266,0.8731160723182747
14,519,Present/Seen/Right,Seen,0.9814729929681394,0.824025208814436
14,520,Present/Seen/Left,Seen,0.979223452807795,0.8275316990647101
14,522,Present/Unseen/Right,Unseen,0.9798907591704569,0.8424342826283754
14,525,Present/Unseen/Right,Unseen,0.9760284073105613,0.8810056753813917
14,526,Present/Seen/Left,Seen,0.9801426579734855,0.9064277296958794
14,527,Present/Seen/Left,Seen,0.9769777897040952,0.8310381893149843
14,529,Present/Seen/Left,Seen,0.9678738092239726,0.8441875277535124
14,530,Present/Unseen/Left,Unseen,0.9695320777042472,0.8652264692551577
14,532,Present/Seen/Right,Seen,0.9719777713836758,0.9160705778841335
14,533,Present/Seen/Right,Seen,0.9627112076437262,0.8494472631289238
14,535,Present/Seen/Right,Seen,0.9678737915283449,0.8704862046305688
14,536,Present/Seen/Left,Seen,0.9778157689717336,0.8222719636892989
14,537,Present/Unseen/Right,Unseen,0.9760589258583872,0.905551107133311
14,539,Present/Seen/Left,Seen,0.9726747910472308,0.8503238856914923
14,540,Present/Unseen/Right,Unseen,0.9913481829859201,1.0002263438907144
14,542,Present/Seen/Left,Seen,0.9773245176526264,0.8249018313770046
14,543,Present/Seen/Left,Seen,0.9820989666983982,0.8845121656316657
14,544,Present/Unseen/Right,Unseen,0.9780321192423704,0.8187654734390247
14,546,Present/Unseen/Right,Unseen,0.9729802825300446,0.9257134260723874
14,547,Present/Unseen/Left,Unseen,0.9852892237059542,0.8967848815076255
14,548,Present/Seen/Right,Seen,0.9796986198277945,0.8047395124379277
14,549,Present/Seen/Left,Seen,0.9790290869709717,0.8520771308166296
14,552,Present/Seen/Left,Seen,0.9857906508173041,0.7872070611865569
14,553,Present/Seen/Left,Seen,0.979215881921556,0.9134407101964279
14,554,Present/Seen/Right,Seen,0.9786127118116325,0.8836355430690972
14,555,Present/Unseen/Right,Unseen,0.9770299871405684,0.8967848815076255
14,559,Present/Seen/Left,Seen,0.9862053695320735,0.94236925476119
14,561,Present/Seen/Left,Seen,0.9786503987951265,0.930973161447799
14,562,Present/Unseen/Right,Unseen,0.9813400326025096,0.9029212394456052
14,563,Present/Unseen/Right,Unseen,0.9894523858037735,0.9467523675740328
14,565,Present/Unseen/Right,Unseen,0.9864086582919291,0.9686679316382466
14,566,Present/Seen/Left,Seen,0.9826803162840105,0.9292199163226619
14,567,Present/Unseen/Left,Unseen,0.9872235087858128,1.036167868956025
14,569,Present/Seen/Right,Seen,0.9850291034791233,0.9064277296958794
14,570,Present/Unseen/Left,Unseen,0.9840754350270405,0.8853887881942344
14,571,Present/Unseen/Left,Unseen,0.9807304839543208,0.8257784539395732
14,572,Present/Seen/Right,Seen,0.9837809049232673,0.9721744218885208
14,575,Present/Unseen/Right,Unseen,0.9893513661307882,0.7959732868122424
14,576,Present/Unseen/Right,Unseen,0.983187142418619,0.966038063950541
14,578,Present/Seen/Left,Seen,0.9899593781935307,0.8520771308166295
14,580,Present/Unseen/Right,Unseen,0.9800869035410323,0.8275316990647102
14,581,Present/Unseen/Left,Unseen,0.9786118500655665,0.895908258945057
14,582,Present/Seen/Left,Seen,0.9846658249008233,0.9064277296958795
14,583,Present/Unseen/Left,Unseen,0.9882599340885798,0.9669146865131095
14,585,Present/Unseen/Right,Unseen,0.984524953949592,0.9572718383248555
14,587,Present/Seen/Right,Seen,0.9841118645251826,0.9423692547611899
14,588,Present/Seen/Right,Seen,0.9848521804532746,0.8441875277535128
14,589,Present/Unseen/Left,Unseen,0.9879535029194899,0.9607783285751297
14,590,Present/Unseen/Right,Unseen,0.9835678793662012,0.9528887255120124
14,592,Present/Unseen/Left,Unseen,0.986274145292065,0.9537653480745811
14,594,Present/Unseen/Right,Unseen,0.980648215396395,0.9195770681344076
14,595,Present/Unseen/Right,Unseen,0.9781465872609677,0.8810056753813916
14,598,Present/Seen/Left,Seen,0.9874384799937325,1.0054860792661255
14,599,Present/Seen/Left,Seen,0.9868658165407612,0.975680912138795
15,0,Present/Unseen/Left,Unseen,0.976223525671547,0.6644799024269601
15,1,Present/Seen/Right,Seen,0.9650619189897738,0.6381812255499035
15,2,Present/Seen/Right,Seen,0.9689341091060135,0.6671097701146657
15,3,Present/Seen/Left,Seen,0.9724821700995331,0.6846422213660368
15,6,Present/Seen/Left,Seen,0.9614137807969867,0.6267851322365124
15,7,Present/Seen/Left,Seen,0.9702257489971362,0.8284083216272786
15,10,Present/Seen/Right,Seen,0.9642041120571258,0.6031163230471616
15,11,Present/Seen/Right,Seen,0.9664410699421774,0.6977915598045649
15,12,Present/Seen/Right,Seen,0.9665090142534424,0.8231485862518674
15,14,Present/Seen/Right,Seen,0.976206765938026,0.7591551391843636
15,16,Present/Seen/Left,Seen,0.9540416806159179,0.806492757563065
15,17,Present/Seen/Left,Seen,0.9704918596785844,0.6197721517359641
15,19,Present/Seen/Left,Seen,0.9741563125817385,0.8021096447502221
15,20,Present/Seen/Left,Seen,0.977619231013963,0.7232136141190528
15,21,Present/Seen/Right,Seen,0.9706574850586941,0.7223369915564841
15,23,Present/Seen/Right,Seen,0.9703436210043551,0.7635382519972062
15,24,Present/Seen/Left,Seen,0.9783196704738099,0.7784408355608716
15,26,Present/Seen/Right,Seen,0.9733584258471863,0.744252555620698
15,28,Present/Unseen/Left,Unseen,0.964797379815562,0.7144473884933674
15,29,Present/Seen/Right,Seen,0.9685401742566105,0.7837005709362828
15,30,Present/Seen/Right,Seen,0.9691438433413019,0.7687979873726173
15,31,Present/Seen/Left,Seen,0.9711910319067736,0.6986681823671335
15,33,Present/Seen/Right,Seen,0.9686695851174323,0.5478891016053431
15,35,Present/Seen/Left,Seen,0.9619725972080325,0.6127591712354156
15,37,Present/Seen/Left,Seen,0.9589740266282166,0.7416226879329924
15,38,Present/Unseen/Right,Unseen,0.9759500289240854,0.8555836210669037
15,39,Present/Seen/Left,Seen,0.9642157026608434,0.7118175208056617
15,41,Present/Seen/Right,Seen,0.9775066659212783,0.7889603063116939
15,43,Present/Seen/Left,Seen,0.967159131221232,0.7837005709362828
15,45,Present/Seen/Left,Seen,0.9764234324371867,0.796849909374811
15,46,Present/Seen/Right,Seen,0.9696628450604833,0.7468824233084037
15,47,Present/Seen/Right,Seen,0.9758971803868846,0.5917202297337704
15,49,Present/Seen/Right,Seen,0.9590811795503883,0.633798112737061
15,50,Present/Seen/Left,Seen,0.966423148957472,0.6530838091135689
15,51,Present/Seen/Left,Seen,0.9681621676250289,0.7915901739993996
15,53,Present/Seen/Right,Seen,0.9655779716800391,0.9081809748210168
15,55,Present/Unseen/Left,Unseen,0.9734101216441933,0.7030512951799762
15,56,Present/Seen/Right,Seen,0.9634488818007502,0.5952267199840446
15,58,Present/Seen/Left,Seen,0.9730747032174505,0.7924667965619681
15,59,Present/Seen/Right,Seen,0.9843156441865378,0.9274666711975246
15,60,Present/Seen/Right,Seen,0.9885139794481367,0.8731160723182747
15,62,Present/Seen/Right,Seen,0.971105503730903,0.6329214901744924
15,63,Present/Seen/Left,Seen,0.9754880481704995,0.6311682450493552
15,64,Present/Seen/Left,Seen,0.9800366736782342,0.7170772561810729
15,66,Present/Seen/Left,Seen,0.9792432072540944,0.8538303759417665
15,67,Present/Seen/Right,Seen,0.9774014446680518,0.6110059261102786
15,70,Present/Seen/Right,Seen,0.9657735646971305,0.5978565876717503
15,71,Present/Unseen/Left,Unseen,0.9734303301733883,0.8135057380636133
15,72,Present/Unseen/Left,Unseen,0.9757065475551192,0.8222719636892988
15,73,Present/Unseen/Right,Unseen,0.9742057549895731,0.7354863299950124
15,75,Present/Seen/Left,Seen,0.9776065896832624,0.8310381893149844
15,77,Present/Seen/Right,Seen,0.9755465879446048,0.8108758703759077
15,79,Present/Seen/Left,Seen,0.971488345727134,0.7293499720570328
15,80,Present/Unseen/Left,Unseen,0.9722235469419698,0.8257784539395728
15,82,Present/Seen/Right,Seen,0.9769726248334624,0.7486356684335408
15,83,Present/Seen/Right,Seen,0.9744844926371328,0.5776942687326738
15,84,Present/Seen/Left,Seen,0.9767650188865847,0.851200508254061
15,85,Present/Seen/Left,Seen,0.9781120843660974,0.7056811628676819
15,86,Present/Seen/Right,Seen,0.9707828815828999,0.752142158683815
15,88,Present/Seen/Right,Seen,0.987383850660028,0.8099992478133392
15,90,Present/Unseen/Left,Unseen,0.9714375183071811,0.7240902366816214
15,93,Present/Seen/Right,Seen,0.9647066880087852,0.7731811001854604
15,94,Present/Seen/Right,Seen,0.9690984277872683,0.594350097421476
15,95,Present/Seen/Left,Seen,0.9717975535617143,0.7135707659307988
15,97,Present/Unseen/Right,Unseen,0.9622370332872707,0.7232136141190529
15,98,Present/Seen/Right,Seen,0.9662057204236225,0.760031761746932
15,99,Present/Unseen/Left,Unseen,0.9634530908958971,0.8336680570026898
15,101,Present/Seen/Left,Seen,0.9691379903843856,0.7635382519972062
15,102,Present/Unseen/Left,Unseen,0.9629754818989892,0.7460058007458351
15,104,Present/Seen/Right,Seen,0.9636405510481788,0.7249668592441901
15,105,Present/Seen/Right,Seen,0.9651759088074748,0.7898369288742625
15,106,Present/Unseen/Left,Unseen,0.9753795864779012,0.7381161976827182
15,108,Present/Seen/Left,Seen,0.9660630981644504,0.6863954664911738
15,110,Present/Unseen/Right,Unseen,0.9610464324792207,0.7460058007458351
15,111,Present/Seen/Left,Seen,0.9658739669965253,0.7898369288742627
15,112,Present/Unseen/Right,Unseen,0.9653654269724528,0.7582785166217947
15,114,Present/Seen/Left,Seen,0.9721907908183551,0.7740577227480286
15,115,Present/Seen/Right,Seen,0.9727963430962111,0.7416226879329922
15,116,Present/Unseen/Right,Unseen,0.9723954958105601,0.8599667338797466
15,118,Present/Unseen/Left,Unseen,0.9685790590320073,0.6793824859906255
15,121,Present/Unseen/Left,Unseen,0.9640842691178189,0.5741877784823997
15,123,Present/Seen/Left,Seen,0.9707074605919699,0.6600967896141172
15,124,Present/Seen/Right,Seen,0.9590866977022933,0.6206487742985327
15,125,Present/Seen/Right,Seen,0.9574047277364787,0.4970449929763672
15,126,Present/Seen/Left,Seen,0.9608365634081478,0.6951616921168593
15,128,Present/Seen/Left,Seen,0.9631857448050848,0.6890253341788793
15,129,Present/Seen/Right,Seen,0.970120950165481,0.6977915598045649
15,130,Present/Seen/Right,Seen,0.9676987364990048,0.7188305013062102
15,132,Present/Seen/Left,Seen,0.9637026835650128,0.6311682450493553
15,134,Present/Seen/Left,Seen,0.9708287043424777,0.726720104369327
15,136,Present/Seen/Right,Seen,0.9685228819087265,0.6749993731777828
15,137,Present/Unseen/Right,Unseen,0.9681377244153647,0.7644148745597746
15,138,Present/Seen/Left,Seen,0.9664545610472821,0.7854538160614198
15,140,Present/Seen/Right,Seen,0.969098179838777,0.8012330221876536
15,142,Present/Seen/Right,Seen,0.969593942804953,0.6197721517359641
15,143,Present/Seen/Left,Seen,0.9747192477538318,0.7135707659307987
15,144,Present/Unseen/Right,Unseen,0.9687309155160935,0.8249018313770043
15,147,Present/Seen/Left,Seen,0.9863906856353892,0.8582134887546092
15,148,Present/Seen/Left,Seen,0.9857080567466924,0.8301615667524159
15,149,Present/Seen/Right,Seen,0.9869024049852892,0.9169472004467022
15,150,Present/Unseen/Left,Unseen,0.9793221176185801,0.856460243629472
15,151,Present/Seen/Right,Seen,0.982704427586659,0.901167994320468
15,154,Present/Seen/Right,Seen,0.9644717770882539,0.7468824233084037
15,155,Present/Unseen/Left,Unseen,0.9664748213000874,0.697791559804565
15,157,Present/Seen/Right,Seen,0.991174043384923,0.9669146865131093
15,159,Present/Seen/Left,Seen,0.9857992249736275,0.8827589205065288
15,160,Present/Unseen/Left,Unseen,0.9706212641077511,0.8538303759417666
15,161,Present/Seen/Right,Seen,0.9704125202566648,0.654837054238706
15,163,Present/Seen/Right,Seen,0.9758940309643682,0.6872720890537424
15,164,Present/Seen/Right,Seen,0.9735558545069476,0.6153890389231215
15,166,Present/Unseen/Left,Unseen,0.9743939487053322,0.7959732868122423
15,167,Present/Unseen/Left,Unseen,0.9738377518033218,0.7959732868122424
15,169,Present/Seen/Left,Seen,0.9764674354656684,0.7337330848698754
15,170,Present/Seen/Right,Seen,0.9658756521852757,0.7372395751201497
15,171,Present/Seen/Right,Seen,0.9801316362912277,0.8661030918177264
15,172,Present/Seen/Left,Seen,0.97932031305915,0.7661681196849117
15,174,Present/Seen/Left,Seen,0.9678542222478596,0.8932783912573513
15,177,Present/Unseen/Right,Unseen,0.9736818492347444,0.8205187185641618
15,178,Present/Seen/Right,Seen,0.9795603172808697,0.8099992478133392
15,179,Present/Seen/Left,Seen,0.9726011409338143,0.8853887881942345
15,181,Present/Seen/Left,Seen,0.9650539976292132,0.6758759957403513
15,182,Present/Seen/Left,Seen,0.9708695174456561,0.6723695054900772
15,184,Present/Seen/Right,Seen,0.9681955613976976,0.7950966642496738
15,185,Present/Seen/Right,Seen,0.965800498805868,0.6636032798643915
15,186,Present/Seen/Left,Seen,0.9716171320018023,0.6574669219264117
15,188,Present/Unseen/Right,Unseen,0.9595004954940598,0.7328564623073067
15,189,Present/Unseen/Left,Unseen,0.9737239401151635,0.6565902993638432
15,191,Present/Seen/Right,Seen,0.9637191768402482,0.7828239483737142
15,192,Present/Unseen/Left,Unseen,0.9751676527858442,0.6206487742985325
15,195,Present/Seen/Right,Seen,0.9686896418028018,0.6539604316761375
15,196,Present/Unseen/Left,Unseen,0.9583459484802298,0.769674609935186
15,197,Present/Seen/Right,Seen,0.9643345244769668,0.6425643383627463
15,200,Present/Unseen/Left,Unseen,0.9728745141211863,0.9134407101964278
15,201,Present/Seen/Right,Seen,0.9725634257412614,0.8433109051909439
15,202,Present/Unseen/Left,Unseen,0.9689994511614878,0.7249668592441899
15,203,Present/Seen/Right,Seen,0.9761327261783389,0.6942850695542907
15,206,Present/Seen/Right,Seen,0.9611072169053143,0.6942850695542908
15,207,Present/Seen/Left,Seen,0.963961154282315,0.7617850068720691
15,208,Present/Seen/Left,Seen,0.9767424100127323,0.7766875904357342
15,209,Present/Unseen/Right,Unseen,0.9658692977671104,0.837174547252964
15,210,Present/Seen/Left,Seen,0.9679175311239729,0.7863304386239884
15,212,Present/Seen/Right,Seen,0.9728077375784698,0.8564602436294723
15,213,Present/Seen/Left,Seen,0.9688741227929358,0.7924667965619681
15,214,Present/Seen/Right,Seen,0.9702087539663817,0.7907135514368311
15,216,Present/Seen/Left,Seen,0.9702108372850281,0.7854538160614198
15,217,Present/Seen/Left,Seen,0.9763704253448428,0.8249018313770047
15,218,Present/Seen/Right,Seen,0.9608149865985983,0.7319798397447386
15,220,Present/Seen/Right,Seen,0.9707448252167897,0.8012330221876536
15,222,Present/Seen/Right,Seen,0.9788845278374895,0.8512005082540611
15,225,Present/Seen/Left,Seen,0.9611799041472332,0.6811357311157626
15,226,Present/Seen/Right,Seen,0.9722354550690379,0.7959732868122424
15,227,Present/Unseen/Left,Unseen,0.974488384675023,0.9081809748210167
15,230,Present/Unseen/Right,Unseen,0.9779642592225858,0.9309731614477987
15,231,Present/Unseen/Right,Unseen,0.9655846314770022,0.8038628898753594
15,232,Present/Seen/Left,Seen,0.9699896613233248,0.8398044149406698
15,233,Present/Unseen/Left,Unseen,0.9729037021168593,0.7591551391843632
15,234,Present/Seen/Right,Seen,0.9679479420816999,0.6153890389231214
15,235,Present/Seen/Left,Seen,0.9707559767725402,0.7880836837491254
15,236,Present/Seen/Right,Seen,0.9699357774889895,0.7591551391843633
15,239,Present/Seen/Left,Seen,0.9566057728891962,0.843310905190944
15,240,Present/Unseen/Right,Unseen,0.9779871594045365,0.897661504070194
15,241,Present/Unseen/Left,Unseen,0.9792329795187531,0.790713551436831
15,243,Present/Unseen/Left,Unseen,0.9643350883373647,0.8117524929384762
15,244,Present/Seen/Right,Seen,0.9572912329799769,0.5882137394834963
15,246,Present/Seen/Right,Seen,0.9732152872154097,0.7328564623073069
15,247,Present/Seen/Right,Seen,0.9665708468695369,0.6057461907348675
15,250,Present/Seen/Left,Seen,0.9722355622666524,0.6969149372419963
15,251,Present/Unseen/Left,Unseen,0.9682706610536095,0.7766875904357343
15,252,Present/Unseen/Left,Unseen,0.9687748134033697,0.6837655988034682
15,253,Present/Unseen/Left,Unseen,0.9684253800713347,0.8441875277535126
15,254,Present/Seen/Right,Seen,0.9747378871266604,0.7275967269318956
15,256,Present/Seen/Right,Seen,0.9665766816605768,0.7968499093748109
15,258,Present/Unseen/Left,Unseen,0.9760278233414479,0.8249018313770045
15,260,Present/Seen/Left,Seen,0.9766056651391699,0.8038628898753594
15,261,Present/Seen/Right,Seen,0.97117154667271,0.7679213648100489
15,262,Present/Seen/Right,Seen,0.965179033249972,0.6899019567414479
15,264,Present/Unseen/Left,Unseen,0.9745177162563183,0.8178888508764561
15,265,Present/Unseen/Right,Unseen,0.9699272046115197,0.7205837464313474
15,266,Present/Seen/Left,Seen,0.96174678091256,0.8389277923781012
15,267,Present/Seen/Right,Seen,0.9557757461447919,0.6337981127370609
15,271,Present/Unseen/Left,Unseen,0.9707141771571747,0.7749343453105972
15,272,Present/Unseen/Right,Unseen,0.9642908098485024,0.7582785166217947
15,273,Present/Unseen/Right,Unseen,0.9703493344947848,0.8170122283138875
15,274,Present/Unseen/Left,Unseen,0.9619556467346093,0.8582134887546092
15,276,Present/Unseen/Left,Unseen,0.991722454297413,0.9108108425087226
15,279,Present/Unseen/Right,Unseen,0.9836732447256067,0.8275316990647102
15,280,Present/Unseen/Right,Unseen,0.9855665493542566,0.9520121029494439
15,281,Present/Unseen/Left,Unseen,0.9791048997845052,0.940616009636053
15,282,Present/Seen/Left,Seen,0.9836364369054059,0.9222069358221134
15,283,Present/Seen/Right,Seen,0.9762271482885836,0.889771901007077
15,284,Present/Unseen/Left,Unseen,0.9606432152752342,0.747759045870972
15,286,Present/Unseen/Right,Unseen,0.9773208431948811,0.8555836210669038
15,288,Present/Unseen/Right,Unseen,0.9764212644570398,0.7872070611865569
15,289,Present/Unseen/Left,Unseen,0.9718804125572965,0.7609083843095003
15,290,Present/Unseen/Left,Unseen,0.9683288069617427,0.8152589831887506
15,293,Present/Unseen/Right,Unseen,0.986254514617667,0.911687465071291
15,294,Present/Unseen/Left,Unseen,0.9847670341374922,0.8818822979439602
15,297,Present/Unseen/Left,Unseen,0.9780883732543526,0.7521421586838148
15,298,Present/Unseen/Right,Unseen,0.9680840919514633,0.8748693174434116
15,299,Present/Seen/Right,Seen,0.9742400492086962,0.8731160723182746
15,300,Present/Unseen/Right,Unseen,0.9523938230220681,0.6916552018665851
15,302,Present/Seen/Left,Seen,0.9682884005015413,0.800356399625085
15,303,Present/Unseen/Left,Unseen,0.964796190648858,0.760031761746932
15,304,Present/Unseen/Right,Unseen,0.9620203680762947,0.7284733494944642
15,306,Present/Seen/Right,Seen,0.9649891867082059,0.7617850068720691
15,308,Present/Unseen/Left,Unseen,0.978862273560047,0.7477590458709722
15,309,Present/Unseen/Left,Unseen,0.9681803679995182,0.8512005082540608
15,311,Present/Unseen/Right,Unseen,0.9781868418089156,0.7162006336185045
15,312,Present/Unseen/Left,Unseen,0.9743628744054608,0.8222719636892989
15,313,Present/Seen/Left,Seen,0.9689253032045141,0.7863304386239884
15,314,Present/Unseen/Right,Unseen,0.9743453226295826,0.8529537533791978
15,315,Present/Seen/Right,Seen,0.9626438272905236,0.6487006963007262
15,319,Present/Unseen/Right,Unseen,0.9713848144372905,0.8152589831887505
15,321,Present/Unseen/Left,Unseen,0.9756056984391787,0.8520771308166293
15,322,Present/Unseen/Left,Unseen,0.9739305818901463,0.800356399625085
15,323,Present/Unseen/Right,Unseen,0.9651747408317725,0.868732959505432
15,324,Present/Unseen/Right,Unseen,0.9706619710516916,0.7197071238687787
15,325,Present/Unseen/Left,Unseen,0.9687429541950865,0.9195770681344078
15,326,Present/Seen/Left,Seen,0.9695789555164726,0.8187654734390246
15,328,Present/Seen/Right,Seen,0.9870566226209274,0.7986031544999481
15,330,Present/Unseen/Right,Unseen,0.9899982279466046,1.066849658645924
15,331,Present/Seen/Left,Seen,0.9898120308298384,0.9265900486349561
15,332,Present/Seen/Right,Seen,0.9906639225408852,0.9309731614477988
15,335,Present/Unseen/Left,Unseen,0.9882295807037739,0.9125640876338594
15,336,Present/Unseen/Left,Unseen,0.9872633881052201,1.0037328341409886
15,338,Present/Unseen/Right,Unseen,0.9812947158778194,0.8880186558819401
15,339,Present/Unseen/Left,Unseen,0.9885992176020146,0.9616549511376982
15,340,Present/Seen/Right,Seen,0.9774683219197517,0.9116874650712908
15,342,Present/Unseen/Right,Unseen,0.9699756688875127,0.7416226879329924
15,343,Present/Seen/Left,Seen,0.9857942339257523,0.911687465071291
15,345,Present/Unseen/Right,Unseen,0.9713644752009414,0.7828239483737142
15,347,Present/Unseen/Left,Unseen,0.9639853700254445,0.8380511698155326
15,348,Present/Seen/Left,Seen,0.9718070565657665,0.6749993731777827
15,350,Present/Unseen/Left,Unseen,0.9731987838215289,0.7670447422474804
15,351,Present/Unseen/Right,Unseen,0.9662599623466618,0.8222719636892987
15,353,Present/Seen/Right,Seen,0.9519943650122004,0.7398694428078553
15,356,Present/Unseen/Right,Unseen,0.9699523047295214,0.8301615667524157
15,357,Present/Unseen/Left,Unseen,0.9650610585119229,0.8555836210669037
15,358,Present/Seen/Left,Seen,0.9694780447672274,0.8117524929384763
15,359,Present/Unseen/Right,Unseen,0.969778227743001,0.8512005082540609
15,361,Present/Unseen/Right,Unseen,0.9883232349310278,0.9563952157622869
15,362,Present/Seen/Right,Seen,0.9818891368950774,0.8327914344401214
15,363,Present/Unseen/Left,Unseen,0.9854591602123185,0.9388627645109159
15,365,Present/Seen/Left,Seen,0.9834194430350611,0.7574018940592262
15,366,Present/Seen/Right,Seen,0.9750495109741635,0.8424342826283754
15,367,Present/Seen/Left,Seen,0.9804426187363573,0.852953753379198
15,370,Present/Seen/Left,Seen,0.972227041950411,0.7924667965619683
15,371,Present/Seen/Right,Seen,0.9709783803089176,0.7626616294346378
15,372,Present/Seen/Left,Seen,0.9703781851882457,0.7311032171821696
15,374,Present/Seen/Right,Seen,0.9801960294124162,0.8345446795652585
15,375,Present/Seen/Right,Seen,0.9873228199618217,0.9371095193857788
15,376,Present/Seen/Left,Seen,0.9824921555887058,0.852953753379198
15,378,Present/Seen/Left,Seen,0.9815530366081551,0.83366805700269
15,380,Present/Unseen/Right,Unseen,0.9870596859281165,1.0124990597666739
15,382,Present/Unseen/Left,Unseen,0.9843319380637333,0.9257134260723877
15,383,Present/Seen/Right,Seen,0.9811698017481313,0.8284083216272786
15,386,Present/Seen/Left,Seen,0.988864311795648,1.0440574720191418
15,387,Present/Unseen/Right,Unseen,0.978881239056288,0.8231485862518673
15,388,Present/Seen/Left,Seen,0.9859554353315292,0.9765575347013635
15,389,Present/Seen/Right,Seen,0.9853040107552719,0.8897719010070771
15,390,Present/Unseen/Left,Unseen,0.9833973112999215,0.8073693801256334
15,391,Present/Seen/Left,Seen,0.9852041478998298,0.8538303759417666
15,392,Present/Seen/Right,Seen,0.9870253035424893,1.0116224372041052
15,395,Present/Seen/Right,Seen,0.9833407435773708,0.8266550765021418
15,396,Present/Seen/Left,Seen,0.9845049815371152,0.9458757450114641
15,398,Present/Unseen/Right,Unseen,0.982053311290967,0.9537653480745811
15,399,Present/Unseen/Left,Unseen,0.9781787508595614,0.8406810375032384
15,401,Present/Seen/Right,Seen,0.9869173806728461,0.967791309075678
15,403,Present/Unseen/Left,Unseen,0.9850542903080005,1.0212652853923594
15,404,Present/Seen/Right,Seen,0.9818649235681889,0.8643498466925891
15,406,Present/Seen/Right,Seen,0.9817959654278102,0.9257134260723876
15,407,Present/Seen/Left,Seen,0.987597654369611,0.993213363390166
15,408,Present/Seen/Right,Seen,0.9843424000595956,1.0019795890158514
15,409,Present/Unseen/Left,Unseen,0.988856798011301,0.9344796516980732
15,411,Present/Unseen/Left,Unseen,0.9775061171541013,0.9485056126991698
15,412,Present/Unseen/Right,Unseen,0.9758648292712259,0.9449991224488956
15,415,Present/Unseen/Left,Unseen,0.9796209645052502,0.9204536906969764
15,417,Present/Seen/Right,Seen,0.9762797556335606,0.9151939553215651
15,418,Present/Unseen/Right,Unseen,0.9776015628938401,0.7284733494944641
15,419,Present/Seen/Left,Seen,0.9767678382937539,0.8362979246903958
15,420,Present/Unseen/Right,Unseen,0.9868228309485838,0.8652264692551578
15,421,Present/Seen/Left,Seen,0.9751358876929416,0.6241552645488067
15,423,Present/Unseen/Left,Unseen,0.9720089945895751,0.8266550765021415
15,424,Present/Seen/Right,Seen,0.9849077716310974,0.9283432937600932
15,426,Present/Unseen/Right,Unseen,0.9800390518963388,0.9011679943204681
15,427,Present/Unseen/Right,Unseen,0.9829289720353716,0.8617199790048836
15,428,Present/Unseen/Left,Unseen,0.9795066755009653,0.9309731614477988
15,429,Present/Unseen/Left,Unseen,0.9803546336922345,0.8985381266327626
15,432,Present/Unseen/Left,Unseen,0.98599277733107,0.8994147491953312
15,433,Present/Seen/Right,Seen,0.9805539438213199,0.7591551391843632
15,434,Present/Seen/Left,Seen,0.9863237773039538,0.8696095820680005
15,437,Present/Seen/Right,Seen,0.9820656687448875,0.8669797143802949
15,439,Present/Seen/Left,Seen,0.9737680482154331,0.6960383146794279
15,441,Present/Unseen/Right,Unseen,0.9727537516047619,0.7968499093748108
15,442,Present/Unseen/Left,Unseen,0.9666809984146835,0.8327914344401215
15,443,Present/Unseen/Right,Unseen,0.9715844659723621,0.8678563369428635
15,444,Present/Seen/Right,Seen,0.9755105527674541,0.8205187185641619
15,445,Present/Seen/Left,Seen,0.9785808545113495,0.8801290528188233
15,447,Present/Seen/Left,Seen,0.9669690976991177,0.8345446795652586
15,449,Present/Unseen/Right,Unseen,0.9632107090306641,0.8135057380636134
15,450,Present/Unseen/Left,Unseen,0.9710300516013055,0.8459407728786498
15,451,Present/Seen/Right,Seen,0.9760482646464578,0.7530187812463836
15,452,Present/Seen/Right,Seen,0.9699117008745071,0.7968499093748107
15,455,Present/Seen/Left,Seen,0.9741084169681368,0.8170122283138875
15,456,Present/Unseen/Right,Unseen,0.9824959081738578,0.9336030291355045
15,457,Present/Unseen/Right,Unseen,0.9750285067097958,0.8476940180037869
15,459,Present/Unseen/Left,Unseen,0.9792342132530399,0.9318497840103676
15,461,Present/Seen/Left,Seen,0.9776606249153932,0.8196420960015931
15,462,Present/Seen/Right,Seen,0.9788901866050184,0.8564602436294725
15,465,Present/Seen/Right,Seen,0.9811340738354566,0.9020446168830368
15,466,Present/Seen/Left,Seen,0.9816846054682736,0.9090575973835853
15,467,Present/Seen/Left,Seen,0.9826560185638429,0.876622562568549
15,469,Present/Seen/Left,Seen,0.9602822007552674,0.8021096447502222
15,470,Present/Unseen/Left,Unseen,0.9915242448984379,1.0782457519593152
15,472,Present/Seen/Right,Seen,0.9870836499256693,0.9379861419483473
15,473,Present/Seen/Right,Seen,0.9886661821093913,0.9029212394456052
15,476,Present/Unseen/Right,Unseen,0.9883622394794003,0.9414926321986213
15,477,Present/Unseen/Right,Unseen,0.9847206939604233,0.9467523675740328
15,478,Present/Unseen/Left,Unseen,0.977845312456612,0.958148460887424
15,479,Present/Unseen/Left,Unseen,0.9808343025516407,0.868732959505432
15,480,Present/Seen/Right,Seen,0.979113570314026,0.8468173954412183
15,481,Present/Seen/Left,Seen,0.9573785781338366,0.6267851322365124
15,482,Present/Seen/Right,Seen,0.9753186158984307,0.5785708912952423
15,484,Present/Seen/Left,Seen,0.9663150142001306,0.8170122283138875
15,486,Present/Seen/Right,Seen,0.9764035084166766,0.9222069358221134
15,487,Present/Seen/Left,Seen,0.9861080350389273,0.6802591085531937
15,489,Present/Seen/Left,Seen,0.9834682970255807,0.7898369288742625
15,491,Present/Seen/Right,Seen,0.9812365904189354,0.7530187812463834
15,494,Present/Seen/Right,Seen,0.984641041204016,0.975680912138795
15,495,Present/Seen/Left,Seen,0.984633670410856,0.9485056126991697
15,496,Present/Seen/Left,Seen,0.9868261282804801,0.7696746099351859
15,497,Present/Unseen/Right,Unseen,0.9817251161528524,1.0019795890158514
15,498,Present/Seen/Left,Seen,0.9809935285894333,0.7381161976827181
15,499,Present/Seen/Right,Seen,0.9881506081955667,1.0764925068341782
15,500,Present/Seen/Left,Seen,0.9829757362003518,0.9449991224488957
15,502,Present/Unseen/Right,Unseen,0.9901131016425044,0.9388627645109158
15,504,Present/Seen/Right,Seen,0.9791059867748689,0.9318497840103677
15,505,Present/Seen/Left,Seen,0.984954506022812,0.8091226252507705
15,506,Present/Unseen/Right,Unseen,0.9887744091798738,0.8845121656316658
15,507,Present/Seen/Left,Seen,0.9922478805218279,1.0405509817688674
15,510,Present/Seen/Left,Seen,0.9860796917981003,0.8845121656316658
15,511,Present/Seen/Right,Seen,0.9838315170426205,0.814382360626182
15,512,Present/Seen/Right,Seen,0.9880421267230436,0.8652264692551579
15,513,Present/Unseen/Left,Unseen,0.9851159953187995,1.012499059766674
15,516,Present/Unseen/Right,Unseen,0.9836077927701451,0.9590250834499926
15,518,Present/Seen/Left,Seen,0.9867617888382438,0.8924017686947828
15,519,Present/Seen/Right,Seen,0.982770074121101,0.973927667013658
15,520,Present/Seen/Left,Seen,0.9834034378544495,0.9888302505773231
15,522,Present/Unseen/Right,Unseen,0.9892923077036635,0.9721744218885209
15,523,Present/Seen/Right,Seen,0.9803685860438567,0.7854538160614198
15,525,Present/Unseen/Left,Unseen,0.9895252052288488,1.033538001268319
15,527,Present/Seen/Left,Seen,0.9828561690208255,0.994966608515303
15,529,Present/Unseen/Right,Unseen,0.9900677070560143,0.9897068731398917
15,530,Present/Unseen/Left,Unseen,0.986205005869961,0.9002913717578997
15,531,Present/Seen/Left,Seen,0.9874326723567602,0.9818172700767748
15,533,Present/Seen/Right,Seen,0.9710823096985237,0.8678563369428632
15,535,Present/Unseen/Right,Unseen,0.975730144495381,0.9046744845707424
15,536,Present/Unseen/Right,Unseen,0.9761323537902574,0.9029212394456054
15,538,Present/Unseen/Left,Unseen,0.9781944628660777,0.9458757450114642
15,539,Present/Seen/Left,Seen,0.9772087149264134,0.9371095193857788
15,540,Present/Unseen/Left,Unseen,0.9915128318302816,0.940616009636053
15,541,Present/Seen/Right,Seen,0.9905402714307611,0.8152589831887505
15,543,Present/Seen/Left,Seen,0.9856654158920244,0.8512005082540611
15,544,Present/Seen/Right,Seen,0.9853881773460658,0.8213953411267303
15,546,Present/Seen/Left,Seen,0.9863259584013462,0.9572718383248555
15,549,Present/Unseen/Right,Unseen,0.9915259516988646,1.0589600555828071
15,550,Present/Seen/Right,Seen,0.9876237067680077,0.9520121029494442
15,551,Present/Unseen/Left,Unseen,0.9903267383208367,1.0186354177046537
15,553,Present/Seen/Left,Seen,0.9853174907113998,0.7723044776228916
15,555,Present/Seen/Right,Seen,0.9894211461262128,0.9414926321986217
15,556,Present/Unseen/Left,Unseen,0.989160508403478,0.9660380639505409
15,557,Present/Unseen/Right,Unseen,0.9874350253800118,0.9975964762030087
15,560,Present/Seen/Left,Seen,0.9845936927546669,0.7258434818067586
15,561,Present/Unseen/Right,Unseen,0.9890784998286448,0.9073043522584479
15,562,Present/Seen/Right,Seen,0.9871832517997862,0.8301615667524157
15,563,Present/Seen/Left,Seen,0.9779063085431514,0.7477590458709722
15,564,Present/Seen/Left,Seen,0.9828052928102489,0.8415576600658069
15,566,Present/Unseen/Right,Unseen,0.9837150412431203,0.9213303132595446
15,567,Present/Unseen/Right,Unseen,0.9829500754704521,0.8985381266327626
15,569,Present/Seen/Left,Seen,0.9870447139973012,1.0151289274543795
15,570,Present/Unseen/Left,Unseen,0.9892174902793972,1.0107458146415371
15,571,Present/Unseen/Right,Unseen,0.9909353022918608,1.0002263438907144
15,573,Present/Unseen/Right,Unseen,0.9792112184278146,0.8380511698155328
15,575,Present/Unseen/Left,Unseen,0.977602583929606,0.8906485235696455
15,577,Present/Seen/Right,Seen,0.980576323795769,0.8871420333193715
15,578,Present/Seen/Left,Seen,0.9818604262967294,0.8240252088144361
15,580,Present/Unseen/Left,Unseen,0.9907308790367664,1.1106807867743516
15,581,Present/Unseen/Right,Unseen,0.9866670588350829,0.9143173327589966
15,582,Present/Seen/Left,Seen,0.9815821275742976,0.878375807693686
15,583,Present/Seen/Right,Seen,0.9811408972826046,0.8327914344401214
15,585,Present/Seen/Right,Seen,0.9866067084905297,0.9239601809472505
15,587,Present/Seen/Left,Seen,0.9843465805293602,0.9844471377644802
15,589,Present/Unseen/Right,Unseen,0.9806486003132863,0.8520771308166293
15,590,Present/Seen/Left,Seen,0.9843838317767453,0.967791309075678
15,592,Present/Seen/Right,Seen,0.9732726279163334,0.9414926321986213
15,593,Present/Seen/Left,Seen,0.9914749273564099,1.006362701828694
15,595,Present/Unseen/Right,Unseen,0.9905330373238878,0.983570515201912
15,596,Present/Unseen/Left,Unseen,0.9834797562313301,0.8871420333193714
15,597,Present/Seen/Right,Seen,0.9752851352647675,0.8792524302562545
15,599,Present/Unseen/Left,Unseen,0.9846088951681874,0.9423692547611902
16,1,Present/Seen/Right,Seen,0.9717192374199213,0.868732959505432
16,3,Present/Unseen/Left,Unseen,0.9683277761415384,0.852953753379198
16,4,Present/Unseen/Right,Unseen,0.9689408492381778,0.8661030918177264
16,5,Present/Unseen/Left,Unseen,0.9706296951229887,0.9248368035098189
16,7,Present/Unseen/Left,Unseen,0.9324853211687401,0.7424993104955607
16,9,Present/Unseen/Right,Unseen,0.9565514751412805,0.7959732868122423
16,10,Present/Unseen/Left,Unseen,0.9600544269665513,0.8003563996250851
16,11,Present/Unseen/Right,Unseen,0.9716499380272537,0.8538303759417667
16,13,Present/Unseen/Left,Unseen,0.9696114420408943,0.9002913717578996
16,14,Present/Unseen/Right,Unseen,0.9737271821531804,0.8967848815076255
16,16,Present/Unseen/Left,Unseen,0.957479779295902,0.8599667338797464
16,17,Present/Unseen/Right,Unseen,0.9700253920408973,0.8906485235696456
16,19,Present/Unseen/Right,Unseen,0.9608338362559123,0.8213953411267302
16,20,Present/Unseen/Left,Unseen,0.9607325504444546,0.8950316363824885
16,21,Present/Unseen/Right,Unseen,0.9712856049843756,0.8476940180037869
16,22,Present/Unseen/Left,Unseen,0.9719153441924683,0.9002913717578997
16,24,Present/Unseen/Left,Unseen,0.9673508979780788,0.9108108425087225
16,25,Present/Unseen/Right,Unseen,0.9710829066059544,0.8617199790048837
16,26,Present/Unseen/Right,Unseen,0.974762666136115,0.7074344079928189
16,28,Present/Unseen/Left,Unseen,0.9622011141093073,0.880129052818823
16,30,Present/Unseen/Right,Unseen,0.9628839081910247,0.7416226879329922
16,31,Present/Unseen/Left,Unseen,0.9641934268337542,0.8959082589450569
16,33,Present/Unseen/Left,Unseen,0.9691458348026778,0.8564602436294722
16,35,Present/Unseen/Right,Unseen,0.9710294333762539,0.8503238856914924
16,36,Present/Unseen/Left,Unseen,0.9659946746601403,0.8818822979439602
16,38,Present/Unseen/Left,Unseen,0.9521364439910721,0.8319148118775529
16,39,Present/Unseen/Right,Unseen,0.9405137363314693,0.8529537533791979
16,41,Present/Unseen/Right,Unseen,0.9686457711917885,0.9064277296958794
16,42,Present/Unseen/Right,Unseen,0.9646120110504582,0.8555836210669036
16,45,Present/Seen/Left,Seen,0.9785353076844209,0.9634081962628354
16,46,Present/Seen/Left,Seen,0.9770375445134362,0.8932783912573512
16,47,Present/Unseen/Right,Unseen,0.9700036622786615,0.8573368661920407
16,48,Present/Unseen/Left,Unseen,0.9679276686416454,0.9397393870734844
16,51,Present/Seen/Right,Seen,0.9695548406123541,0.8415576600658067
16,52,Present/Unseen/Right,Unseen,0.9533708272420974,0.8924017686947828
16,53,Present/Unseen/Left,Unseen,0.9602840792478965,0.825778453939573
16,56,Present/Unseen/Left,Unseen,0.969066734386653,0.8924017686947826
16,57,Present/Seen/Left,Seen,0.9714735621067657,0.9125640876338595
16,58,Present/Unseen/Right,Unseen,0.9569831390441117,0.8231485862518672
16,59,Present/Unseen/Right,Unseen,0.9670530041621966,0.930973161447799
16,61,Present/Unseen/Right,Unseen,0.9659616337668551,0.8257784539395729
16,63,Present/Seen/Left,Seen,0.9585525762534622,0.7845771934988512
16,64,Present/Unseen/Right,Unseen,0.9638964997422867,0.8362979246903955
16,65,Present/Unseen/Left,Unseen,0.9422587495183905,0.8362979246903955
16,67,Present/Unseen/Right,Unseen,0.9597564275170073,0.9011679943204681
16,68,Present/Unseen/Right,Unseen,0.9740480546136961,0.9204536906969761
16,70,Present/Unseen/Left,Unseen,0.9592079277043133,0.8319148118775528
16,71,Present/Unseen/Left,Unseen,0.9581899272340949,0.7845771934988514
16,73,Present/Unseen/Left,Unseen,0.9643901266067035,0.8731160723182747
16,74,Present/Unseen/Left,Unseen,0.9624211083264889,0.8398044149406697
16,75,Present/Seen/Right,Seen,0.9590850856049662,0.9607783285751296
16,77,Present/Unseen/Right,Unseen,0.9758977941837078,0.9677913090756782
16,78,Present/Unseen/Left,Unseen,0.9636965900851767,0.9081809748210165
16,80,Present/Unseen/Left,Unseen,0.9605849365013733,0.8713628271931375
16,82,Present/Unseen/Right,Unseen,0.9693577362734216,0.8897719010070773
16,83,Present/Unseen/Right,Unseen,0.9652871990522647,0.8371745472529641
16,84,Present/Unseen/Right,Unseen,0.9644271333462733,0.8441875277535127
16,86,Present/Unseen/Right,Unseen,0.9577474947184258,0.9204536906969762
16,88,Present/Unseen/Left,Unseen,0.9663327286394058,0.8354213021278271
16,89,Present/Unseen/Left,Unseen,0.9624476116096085,0.7205837464313473
16,90,Present/Unseen/Right,Unseen,0.957379815249261,0.8722394497557061
16,93,Present/Unseen/Right,Unseen,0.9617713422444919,0.592596852296339
16,94,Present/Unseen/Left,Unseen,0.9698395108378279,0.9204536906969764
16,95,Present/Unseen/Left,Unseen,0.9388087570951773,0.8582134887546095
16,96,Present/Unseen/Left,Unseen,0.9530002027654839,0.8888952784445084
16,97,Present/Seen/Left,Seen,0.9627860305713315,0.808246002688202
16,98,Present/Unseen/Right,Unseen,0.9430356196113142,0.8336680570026899
16,101,Present/Unseen/Right,Unseen,0.9698782626725158,0.8836355430690973
16,102,Present/Unseen/Left,Unseen,0.96218889420927,0.8810056753813915
16,103,Present/Unseen/Right,Unseen,0.9540804126557954,0.7810707032485769
16,104,Present/Unseen/Right,Unseen,0.9500197220435938,0.742499310495561
16,107,Present/Unseen/Left,Unseen,0.9734270020311525,0.8888952784445086
16,108,Present/Unseen/Right,Unseen,0.9623450413361884,0.8021096447502222
16,109,Present/Unseen/Left,Unseen,0.959781316164992,0.8108758703759077
16,110,Present/Unseen/Right,Unseen,0.9491602992105485,0.8617199790048836
16,113,Present/Unseen/Left,Unseen,0.9325292528326518,0.7521421586838148
16,115,Present/Unseen/Right,Unseen,0.9600427331497535,0.8757459400059804
16,116,Present/Unseen/Left,Unseen,0.9548443161551012,0.8766225625685489
16,117,Present/Unseen/Right,Unseen,0.938687110519455,0.8135057380636135
16,119,Present/Unseen/Left,Unseen,0.9450467720966957,0.8064927575630648
16,120,Present/Unseen/Left,Unseen,0.9724068316615516,0.9187004455718392
16,121,Present/Unseen/Left,Unseen,0.9759977732493064,0.8748693174434119
16,123,Present/Unseen/Right,Unseen,0.9792665169168006,0.99671985364044
16,124,Present/Unseen/Right,Unseen,0.9728622327620495,0.876622562568549
16,127,Present/Unseen/Left,Unseen,0.9778565774658965,0.9449991224488957
16,128,Present/Unseen/Right,Unseen,0.96063535998842,0.8520771308166296
16,129,Present/Unseen/Right,Unseen,0.9792186267432545,0.9248368035098189
16,130,Present/Unseen/Left,Unseen,0.9687487104084659,0.9336030291355045
16,132,Present/Unseen/Left,Unseen,0.9525607159807489,0.8476940180037867
16,133,Present/Unseen/Right,Unseen,0.9714572280141944,0.8722394497557061
16,136,Present/Unseen/Left,Unseen,0.9609285185755428,0.8713628271931375
16,137,Present/Unseen/Right,Unseen,0.9660815508832412,0.8722394497557061
16,138,Present/Unseen/Left,Unseen,0.9723257407869467,0.8827589205065287
16,139,Present/Unseen/Right,Unseen,0.9547601899099921,0.8231485862518676
16,141,Present/Unseen/Left,Unseen,0.9693809540154498,0.8897719010070771
16,142,Present/Unseen/Right,Unseen,0.952271456158601,0.8564602436294722
16,144,Present/Unseen/Right,Unseen,0.971514967838816,0.8354213021278271
16,145,Present/Unseen/Right,Unseen,0.9674606543120623,0.8678563369428633
16,147,Present/Seen/Left,Seen,0.9499688680575961,0.8564602436294722
16,148,Present/Unseen/Left,Unseen,0.959289638987074,0.8310381893149843
16,150,Present/Unseen/Right,Unseen,0.9569327246596516,0.771427855060323
16,151,Present/Unseen/Left,Unseen,0.941159810218481,0.7845771934988511
16,152,Present/Unseen/Right,Unseen,0.9704505156606911,0.8398044149406698
16,154,Present/Unseen/Left,Unseen,0.966443091479759,0.9143173327589964
16,156,Present/Unseen/Left,Unseen,0.9674330345689771,0.8897719010070771
16,157,Present/Unseen/Right,Unseen,0.97132897937698,0.9099342199461538
16,158,Present/Unseen/Left,Unseen,0.9779828278586121,0.9283432937600934
16,159,Present/Unseen/Right,Unseen,0.9592908268227718,0.9362328968232102
16,162,Present/Unseen/Right,Unseen,0.9656484178923327,0.8205187185641618
16,163,Present/Unseen/Left,Unseen,0.9560949088665878,0.8284083216272787
16,164,Present/Unseen/Left,Unseen,0.9541277172130719,0.8739926948808432
16,166,Present/Unseen/Right,Unseen,0.9534382403680375,0.8468173954412181
16,168,Present/Unseen/Right,Unseen,0.9588606779135829,0.816135605751319
16,169,Present/Unseen/Left,Unseen,0.9728454611551032,0.9634081962628352
16,171,Present/Unseen/Left,Unseen,0.9654993479999969,0.8932783912573513
16,172,Present/Unseen/Right,Unseen,0.9388073524323162,0.8161356057513193
16,174,Present/Unseen/Right,Unseen,0.9281296391828104,0.7328564623073068
16,175,Present/Seen/Left,Seen,0.9596187405282958,0.8205187185641619
16,176,Present/Unseen/Left,Unseen,0.9628751152349196,0.8950316363824884
16,178,Present/Seen/Right,Seen,0.9652479136959201,0.8117524929384763
16,180,Present/Unseen/Right,Unseen,0.9698154471704815,0.796849909374811
16,182,Present/Unseen/Left,Unseen,0.9756942541389373,0.9187004455718392
16,183,Present/Unseen/Left,Unseen,0.9709444447188065,0.8950316363824885
16,184,Present/Unseen/Right,Unseen,0.9550962311701858,0.870486204630569
16,186,Present/Seen/Left,Seen,0.9685989163840824,0.8231485862518674
16,187,Present/Unseen/Right,Unseen,0.973718896536167,0.672369505490077
16,190,Present/Unseen/Left,Unseen,0.956046412483233,0.8021096447502222
16,191,Present/Unseen/Right,Unseen,0.953196724452336,0.8441875277535126
16,192,Present/Unseen/Left,Unseen,0.9579070686814924,0.788960306311694
16,193,Present/Unseen/Left,Unseen,0.9439977827737874,0.7574018940592263
16,196,Present/Unseen/Right,Unseen,0.9494860133771387,0.8213953411267303
16,197,Present/Unseen/Right,Unseen,0.9338359452491736,0.8213953411267302
16,198,Present/Unseen/Left,Unseen,0.9521305210533038,0.7740577227480286
16,200,Present/Seen/Right,Seen,0.9519663894877647,0.7530187812463834
16,202,Present/Seen/Left,Seen,0.9499887112992778,0.8126291155010447
16,203,Present/Unseen/Right,Unseen,0.9575433326661448,0.8599667338797462
16,204,Present/Unseen/Right,Unseen,0.9497276460036281,0.6872720890537423
16,206,Present/Seen/Right,Seen,0.9473212443781712,0.8748693174434118
16,207,Present/Unseen/Left,Unseen,0.9643834051756613,0.788960306311694
16,209,Present/Unseen/Left,Unseen,0.9314522209466298,0.8292849441898473
16,210,Present/Unseen/Left,Unseen,0.9597503615443223,0.8231485862518674
16,212,Present/Unseen/Left,Unseen,0.9667211350793513,0.8538303759417666
16,213,Present/Unseen/Right,Unseen,0.9678449171877087,0.880129052818823
16,214,Present/Unseen/Right,Unseen,0.9564133146040701,0.8003563996250851
16,216,Present/Unseen/Right,Unseen,0.9716272475963027,0.8529537533791979
16,217,Present/Unseen/Right,Unseen,0.9694139278906525,0.8555836210669037
16,218,Present/Unseen/Left,Unseen,0.9686979828556483,0.8459407728786497
16,220,Present/Unseen/Left,Unseen,0.9430142796425424,0.843310905190944
16,222,Present/Unseen/Right,Unseen,0.9629988045289878,0.825778453939573
16,223,Present/Unseen/Left,Unseen,0.9569336494675483,0.8783758076936861
16,224,Present/Unseen/Left,Unseen,0.952351186128141,0.7223369915564842
16,226,Present/Unseen/Right,Unseen,0.9656340166391857,0.82753169906471
16,228,Present/Unseen/Left,Unseen,0.9459128340325931,0.8021096447502222
16,231,Present/Unseen/Right,Unseen,0.9507106322345074,0.856460243629472
16,232,Present/Seen/Right,Seen,0.9668745638137358,0.8985381266327626
16,233,Present/Unseen/Left,Unseen,0.9544654662520174,0.7547720263715206
16,236,Present/Unseen/Left,Unseen,0.9609087425424854,0.8301615667524158
16,237,Present/Unseen/Right,Unseen,0.9466321750342862,0.8257784539395729
16,238,Present/Unseen/Right,Unseen,0.9719116034284339,0.9669146865131094
16,239,Present/Unseen/Left,Unseen,0.955793835887421,0.8143823606261821
16,241,Present/Seen/Left,Seen,0.9655071926137908,0.8774991851311174
16,242,Present/Unseen/Right,Unseen,0.9656898806809304,0.9546419706371497
16,244,Present/Seen/Right,Seen,0.970433583746808,0.9064277296958793
16,245,Present/Unseen/Left,Unseen,0.964124160963369,0.8266550765021415
16,248,Present/Seen/Right,Seen,0.9631809302070153,0.7670447422474801
16,249,Present/Seen/Left,Seen,0.9679616395560794,0.8599667338797464
16,250,Present/Seen/Left,Seen,0.9643268186436427,0.7048045403051133
16,251,Present/Seen/Right,Seen,0.9731098641851024,0.8713628271931375
16,252,Present/Unseen/Left,Unseen,0.9672596196931178,0.7740577227480286
16,255,Present/Seen/Left,Seen,0.9697917097841018,0.8073693801256333
16,256,Present/Seen/Right,Seen,0.9753397474854326,0.825778453939573
16,257,Present/Seen/Right,Seen,0.9708531183965756,0.8196420960015932
16,259,Present/Seen/Left,Seen,0.9633602899637659,0.8476940180037867
16,261,Present/Seen/Right,Seen,0.9594441241562948,0.7679213648100489
16,262,Present/Unseen/Right,Unseen,0.9487443410045278,0.8371745472529644
16,263,Present/Unseen/Left,Unseen,0.9490224252018785,0.7775642129983029
16,264,Present/Unseen/Right,Unseen,0.9618266340286336,0.8424342826283755
16,265,Present/Seen/Left,Seen,0.963110816932225,0.9151939553215651
16,268,Present/Seen/Right,Seen,0.9674876032189637,0.9204536906969765
16,269,Present/Unseen/Left,Unseen,0.9624010596679596,0.8152589831887503
16,271,Present/Unseen/Right,Unseen,0.9670609056768995,0.8398044149406697
16,272,Present/Unseen/Left,Unseen,0.9669092413147332,0.77318110018546
16,273,Present/Seen/Left,Seen,0.9469179616120632,0.814382360626182
16,275,Present/Seen/Right,Seen,0.9504800580930565,0.8380511698155327
16,277,Present/Unseen/Right,Unseen,0.9393965342890175,0.7670447422474802
16,278,Present/Seen/Left,Seen,0.9634541967191933,0.8301615667524157
16,279,Present/Unseen/Left,Unseen,0.9732588862685579,0.8538303759417665
16,280,Present/Unseen/Right,Unseen,0.957343471187852,0.9011679943204682
16,284,Present/Seen/Right,Seen,0.957005464561363,0.795096664249674
16,285,Present/Unseen/Left,Unseen,0.9693942368808633,0.8205187185641617
16,286,Present/Unseen/Right,Unseen,0.9611512110277756,0.8774991851311175
16,287,Present/Unseen/Left,Unseen,0.9494312445751795,0.8292849441898471
16,289,Present/Unseen/Left,Unseen,0.9649859746375495,0.8739926948808433
16,291,Present/Unseen/Left,Unseen,0.9804517462221799,0.909934219946154
16,292,Present/Unseen/Right,Unseen,0.9765210734180394,0.8687329595054321
16,293,Present/Unseen/Right,Unseen,0.968453696154647,0.870486204630569
16,295,Present/Seen/Left,Seen,0.9539239233454522,0.7758109678731658
16,296,Present/Seen/Right,Seen,0.9474289870267936,0.8108758703759077
16,297,Present/Unseen/Right,Unseen,0.9541799262190532,0.7188305013062101
16,299,Present/Unseen/Left,Unseen,0.9612210644404295,0.8625966015674521
16,300,Present/Unseen/Right,Unseen,0.9751348100338079,0.8625966015674522
16,302,Present/Unseen/Left,Unseen,0.9645943489864534,0.8713628271931375
16,303,Present/Unseen/Right,Unseen,0.9526847887033144,0.7889603063116939
16,305,Present/Unseen/Left,Unseen,0.9440387308253143,0.8231485862518675
16,306,Present/Seen/Left,Seen,0.977804589479478,0.872239449755706
16,307,Present/Seen/Left,Seen,0.9504928649772016,0.8266550765021414
16,309,Present/Unseen/Right,Unseen,0.9476958376719928,0.7994797770625164
16,311,Present/Seen/Right,Seen,0.9553320144114468,0.8503238856914924
16,313,Present/Seen/Left,Seen,0.9335209683429624,0.7188305013062101
16,314,Present/Unseen/Right,Unseen,0.9586405475352527,0.7915901739993996
16,315,Present/Unseen/Right,Unseen,0.943625213758451,0.7994797770625166
16,316,Present/Unseen/Left,Unseen,0.9580853952125862,0.8380511698155326
16,318,Present/Unseen/Right,Unseen,0.9455244941065558,0.7872070611865568
16,321,Present/Seen/Left,Seen,0.9647374033305586,0.8398044149406697
16,322,Present/Unseen/Left,Unseen,0.9753768122968359,0.77931745812344
16,323,Present/Unseen/Right,Unseen,0.9719890805329222,0.8380511698155327
16,324,Present/Unseen/Left,Unseen,0.9632277446646665,0.8976615040701937
16,325,Present/Unseen/Left,Unseen,0.9661790182557937,0.8056161350004963
16,326,Present/Unseen/Right,Unseen,0.9587974809626019,0.8056161350004964
16,327,Present/Unseen/Right,Unseen,0.9708931713339031,0.9607783285751297
16,332,Present/Unseen/Right,Unseen,0.9407222119314819,0.7126941433682303
16,333,Present/Unseen/Right,Unseen,0.9660559774255765,0.8661030918177264
16,334,Present/Unseen/Left,Unseen,0.9666337093017698,0.8652264692551578
16,335,Present/Unseen/Left,Unseen,0.952413707596744,0.8476940180037867
16,336,Present/Unseen/Right,Unseen,0.9692868604700485,0.8135057380636135
16,337,Present/Unseen/Left,Unseen,0.9557489253487593,0.825778453939573
16,338,Present/Unseen/Left,Unseen,0.9462085697318913,0.8994147491953312
16,340,Present/Seen/Right,Seen,0.9518115141704858,0.8275316990647101
16,342,Present/Unseen/Left,Unseen,0.9623479655345012,0.8731160723182747
16,344,Present/Seen/Left,Seen,0.9594099957802013,0.8871420333193715
16,345,Present/Seen/Right,Seen,0.9748550429764403,0.7609083843095007
16,346,Present/Unseen/Right,Unseen,0.9518389347411828,0.8792524302562544
16,348,Present/Seen/Left,Seen,0.9559565667250717,0.837174547252964
16,350,Present/Unseen/Left,Unseen,0.9568867338788076,0.8406810375032384
16,352,Present/Unseen/Right,Unseen,0.9537524231275408,0.8345446795652587
16,353,Present/Unseen/Right,Unseen,0.951843313212205,0.752142158683815
16,354,Present/Unseen/Right,Unseen,0.9508183534710138,0.7793174581234398
16,355,Present/Unseen/Left,Unseen,0.9233680832691428,0.8178888508764561
16,356,Present/Unseen/Left,Unseen,0.9643321876547596,0.8722394497557063
16,358,Present/Unseen/Right,Unseen,0.9475160111556924,0.8354213021278272
16,360,Present/Unseen/Right,Unseen,0.9816921242728509,0.99671985364044
16,361,Present/Seen/Left,Seen,0.9647319285183056,0.8345446795652586
16,362,Present/Seen/Right,Seen,0.9720689995178659,0.6855188439286053
16,365,Present/Seen/Left,Seen,0.9638957595120462,0.7696746099351861
16,366,Present/Seen/Right,Seen,0.9644918610232459,0.8485706405663551
16,367,Present/Unseen/Left,Unseen,0.9587520000603866,0.8652264692551578
16,368,Present/Seen/Left,Seen,0.9503748771892675,0.7258434818067586
16,371,Present/Seen/Right,Seen,0.9752734498719958,0.880129052818823
16,372,Present/Seen/Left,Seen,0.9701404483585989,0.9020446168830365
16,375,Present/Seen/Left,Seen,0.9598243557799536,0.7398694428078553
16,376,Present/Seen/Right,Seen,0.964672473312786,0.7950966642496738
16,377,Present/Seen/Right,Seen,0.9545364667807483,0.6671097701146657
16,379,Present/Unseen/Left,Unseen,0.9554896441380689,0.7030512951799761
16,380,Present/Unseen/Right,Unseen,0.9743840456744621,0.9327264065729362
16,381,Present/Seen/Left,Seen,0.9735843331834019,0.8520771308166294
16,382,Present/Unseen/Right,Unseen,0.9708606256038372,0.7363629525575808
16,384,Present/Unseen/Right,Unseen,0.9725302591771704,0.8590901113171779
16,385,Present/Unseen/Left,Unseen,0.9751101813158114,0.868732959505432
16,386,Present/Unseen/Right,Unseen,0.9734215112323096,0.9204536906969762
16,389,Present/Unseen/Left,Unseen,0.9715071016937824,0.911687465071291
16,390,Present/Unseen/Left,Unseen,0.9568770084375997,0.8871420333193715
16,391,Present/Unseen/Right,Unseen,0.9631359354854446,0.8441875277535126
16,393,Present/Seen/Right,Seen,0.9692699922568626,0.9029212394456051
16,394,Present/Unseen/Left,Unseen,0.9631081600475793,0.9239601809472505
16,396,Present/Seen/Left,Seen,0.9657224114935814,0.8029862673127907
16,398,Present/Unseen/Right,Unseen,0.9514736187553908,0.8170122283138876
16,399,Present/Unseen/Right,Unseen,0.9662567120392964,0.7644148745597745
16,401,Present/Seen/Left,Seen,0.9572644983238671,0.8678563369428633
16,402,Present/Seen/Right,Seen,0.9749016337361796,0.8652264692551577
16,403,Present/Seen/Right,Seen,0.9733834439742952,0.9029212394456053
16,405,Present/Seen/Left,Seen,0.943292461786159,0.8327914344401215
16,406,Present/Unseen/Left,Unseen,0.9702822264644727,0.9230835583846821
16,408,Present/Seen/Left,Seen,0.9641969089472292,0.8818822979439603
16,411,Present/Unseen/Right,Unseen,0.9707722524938466,0.8827589205065286
16,412,Present/Seen/Left,Seen,0.9702542220489074,0.8871420333193716
16,413,Present/Unseen/Right,Unseen,0.9544719940976832,0.907304352258448
16,414,Present/Unseen/Left,Unseen,0.9632729421345024,0.8029862673127908
16,416,Present/Unseen/Left,Unseen,0.9535872751966415,0.8696095820680007
16,417,Present/Seen/Right,Seen,0.9561492368836829,0.8555836210669038
16,418,Present/Seen/Right,Seen,0.9543948906803508,0.8196420960015934
16,420,Present/Unseen/Right,Unseen,0.9773449463486361,0.8976615040701941
16,423,Present/Seen/Left,Seen,0.9648964921214896,0.846817395441218
16,424,Present/Seen/Left,Seen,0.9710772838888577,0.9388627645109158
16,425,Present/Seen/Right,Seen,0.967156473128626,0.6776292408654883
16,426,Present/Seen/Right,Seen,0.9656337553247339,0.8073693801256335
16,427,Present/Seen/Left,Seen,0.968711087070713,0.8205187185641618
16,429,Present/Seen/Right,Seen,0.9640359519381395,0.8205187185641617
16,431,Present/Seen/Left,Seen,0.9672983057270941,0.819642096001593
16,432,Present/Unseen/Left,Unseen,0.9563730629461235,0.8485706405663553
16,433,Present/Seen/Right,Seen,0.964100886831202,0.814382360626182
16,436,Present/Seen/Right,Seen,0.9719464417338037,0.9283432937600934
16,438,Present/Unseen/Left,Unseen,0.9628188334425591,0.8985381266327626
16,439,Present/Seen/Right,Seen,0.9565392189285298,0.8485706405663553
16,440,Present/Seen/Left,Seen,0.9776408012484766,0.9336030291355044
16,442,Present/Unseen/Right,Unseen,0.9691280123820348,0.8643498466925891
16,443,Present/Seen/Left,Seen,0.9666089027242696,0.7600317617469317
16,445,Present/Seen/Left,Seen,0.9750743683815368,0.9292199163226618
16,446,Present/Unseen/Right,Unseen,0.9664950011548816,0.8056161350004963
16,447,Present/Unseen/Right,Unseen,0.9643908885140562,0.8459407728786497
16,449,Present/Seen/Left,Seen,0.9749273301973395,0.8336680570026899
16,450,Present/Seen/Right,Seen,0.9755287600343379,0.9116874650712908
16,452,Present/Unseen/Right,Unseen,0.9716472964838477,0.924836803509819
16,453,Present/Unseen/Left,Unseen,0.9804559256436992,0.9046744845707424
16,455,Present/Unseen/Right,Unseen,0.9585640906677548,0.8582134887546095
16,457,Present/Unseen/Left,Unseen,0.9659053420688907,0.987077005452186
16,458,Present/Seen/Left,Seen,0.9682860345105666,0.905551107133311
16,459,Present/Seen/Right,Seen,0.9728798816285571,0.9686679316382465
16,461,Present/Seen/Left,Seen,0.968895405073967,0.8538303759417665
16,462,Present/Unseen/Left,Unseen,0.9687338946453329,0.9169472004467021
16,463,Present/Unseen/Right,Unseen,0.9671529106644268,0.8547069985043352
16,467,Present/Unseen/Right,Unseen,0.9784764252931829,0.923083558384682
16,468,Present/Unseen/Right,Unseen,0.9777815651004907,0.9590250834499926
16,469,Present/Unseen/Left,Unseen,0.9680254276969021,0.8029862673127907
16,470,Present/Unseen/Left,Unseen,0.9814522147857944,0.9467523675740328
16,472,Present/Unseen/Left,Unseen,0.9645266006379501,0.9511354803868756
16,473,Present/Unseen/Left,Unseen,0.9799648038918574,0.9546419706371495
16,475,Present/Unseen/Right,Unseen,0.9711782571913073,0.8792524302562545
16,476,Present/Seen/Right,Seen,0.9700365950255835,0.8739926948808433
16,477,Present/Unseen/Left,Unseen,0.9571952019814057,0.878375807693686
16,479,Present/Unseen/Right,Unseen,0.967192615433428,0.9099342199461538
16,481,Present/Seen/Left,Seen,0.9412937823620555,0.6644799024269601
16,482,Present/Seen/Right,Seen,0.9654228131569134,0.790713551436831
16,484,Present/Seen/Right,Seen,0.961046019119766,0.7600317617469318
16,485,Present/Seen/Left,Seen,0.9673590413344708,0.8915251461322141
16,486,Present/Unseen/Left,Unseen,0.9673427476102687,0.8038628898753593
16,487,Present/Seen/Right,Seen,0.950371188304583,0.7109408982430933
16,489,Present/Seen/Right,Seen,0.963193803911315,0.755648648934089
16,490,Present/Seen/Right,Seen,0.9504343937713139,0.761785006872069
16,491,Present/Seen/Left,Seen,0.9795083682516176,0.812629115501045
16,493,Present/Seen/Left,Seen,0.9305043780655765,0.760031761746932
16,496,Present/Seen/Right,Seen,0.9715225079931676,0.7644148745597749
16,497,Present/Seen/Left,Seen,0.9738481279533372,0.8091226252507705
16,499,Present/Seen/Right,Seen,0.9752425617682124,0.7197071238687786
16,500,Present/Seen/Left,Seen,0.9748634434110427,0.8196420960015932
16,501,Present/Seen/Right,Seen,0.977974247161489,0.854706998504335
16,502,Present/Seen/Left,Seen,0.966626607792471,0.8687329595054318
16,503,Present/Seen/Right,Seen,0.9693305268946135,0.7942200416871051
16,506,Present/Seen/Left,Seen,0.9696132853624696,0.8108758703759079
16,507,Present/Seen/Right,Seen,0.9688225653564038,0.8757459400059804
16,508,Present/Seen/Right,Seen,0.9741266957694659,0.8888952784445086
16,509,Present/Seen/Left,Seen,0.9732002803433907,0.7994797770625166
16,511,Present/Unseen/Left,Unseen,0.9645524136419011,0.8213953411267305
16,513,Present/Unseen/Right,Unseen,0.934433671807546,0.6671097701146658
16,516,Present/Seen/Left,Seen,0.9704899343443196,0.8266550765021418
16,517,Present/Unseen/Left,Unseen,0.9737880899050325,0.8967848815076255
16,518,Present/Seen/Right,Seen,0.9754809118698434,0.7644148745597749
16,519,Present/Seen/Right,Seen,0.966049350203084,0.7442525556206979
16,521,Present/Seen/Left,Seen,0.9714809550188026,0.7915901739993997
16,522,Present/Seen/Right,Seen,0.9651886175954933,0.7600317617469318
16,524,Present/Seen/Left,Seen,0.955638319205111,0.7109408982430933
16,525,Present/Seen/Right,Seen,0.9635227357143361,0.7389928202452867
16,526,Present/Seen/Left,Seen,0.9614590698188031,0.6644799024269601
16,527,Present/Unseen/Left,Unseen,0.9663589025858234,0.8231485862518674
16,529,Present/Seen/Right,Seen,0.9735288956560487,0.7679213648100488
16,531,Present/Seen/Left,Seen,0.9748482169931513,0.8380511698155327
16,532,Present/Seen/Left,Seen,0.952770038254515,0.77931745812344
16,535,Present/Seen/Right,Seen,0.9518070433619551,0.82753169906471
16,536,Present/Seen/Right,Seen,0.9621376133117442,0.7389928202452868
16,537,Present/Unseen/Left,Unseen,0.9919466441884736,1.1325963508385652
16,539,Present/Unseen/Right,Unseen,0.986634250865414,0.9292199163226618
16,540,Present/Seen/Right,Seen,0.986236078026696,0.9002913717578997
16,542,Present/Seen/Left,Seen,0.9816860105624297,0.9002913717578997
16,544,Present/Seen/Right,Seen,0.9870883243917942,0.8520771308166296
16,546,Present/Seen/Left,Seen,0.9842981471963909,0.8950316363824886
16,547,Present/Seen/Left,Seen,0.987587799937202,0.905551107133311
16,548,Present/Seen/Right,Seen,0.9693166401888571,0.8345446795652586
16,550,Present/Unseen/Right,Unseen,0.9850387857176799,0.9248368035098191
16,551,Present/Unseen/Left,Unseen,0.9823982018529497,0.9590250834499926
16,552,Present/Seen/Left,Seen,0.9828571567630041,0.9414926321986217
16,554,Present/Seen/Right,Seen,0.9842393135857673,0.8748693174434117
16,555,Present/Seen/Left,Seen,0.9763616660661396,0.7538954038089519
16,557,Present/Seen/Left,Seen,0.9817061913060292,0.8880186558819401
16,559,Present/Seen/Right,Seen,0.9703507021464379,0.8038628898753591
16,560,Present/Seen/Right,Seen,0.9770191695952096,0.9081809748210167
16,561,Present/Seen/Left,Seen,0.9796820320690691,0.8766225625685489
16,563,Present/Unseen/Right,Unseen,0.9769093102837544,0.7696746099351861
16,565,Present/Seen/Left,Seen,0.9805799842331856,0.7907135514368312
16,566,Present/Seen/Right,Seen,0.9772361797509819,0.8266550765021414
16,567,Present/Seen/Left,Seen,0.9742349121394364,0.7381161976827181
16,568,Present/Seen/Left,Seen,0.9743248964606068,0.907304352258448
16,571,Present/Unseen/Right,Unseen,0.9735837923241729,0.8371745472529641
16,572,Present/Unseen/Right,Unseen,0.9827383663968002,0.8976615040701941
16,574,Present/Seen/Left,Seen,0.9605341050085878,0.8512005082540608
16,575,Present/Seen/Right,Seen,0.9788732854503527,0.7915901739993996
16,576,Present/Seen/Right,Seen,0.9664109687142246,0.816135605751319
16,578,Present/Seen/Left,Seen,0.9680878461149243,0.6811357311157624
16,579,Present/Seen/Left,Seen,0.9703749418513478,0.7591551391843632
16,580,Present/Seen/Right,Seen,0.9654442959514421,0.8117524929384762
16,583,Present/Seen/Right,Seen,0.9692270269954655,0.7810707032485771
16,584,Present/Seen/Left,Seen,0.9537863812232432,0.7424993104955611
16,585,Present/Seen/Right,Seen,0.9818457183107925,0.9336030291355045
16,586,Present/Seen/Left,Seen,0.9763737699413907,0.7626616294346374
16,587,Present/Seen/Right,Seen,0.9743257223337068,0.7749343453105971
16,588,Present/Seen/Left,Seen,0.9725242176096293,0.7372395751201497
16,591,Present/Seen/Left,Seen,0.9719490056948594,0.6793824859906253
16,593,Present/Seen/Right,Seen,0.9717462501737815,0.7644148745597745
16,594,Present/Seen/Right,Seen,0.9702425646876861,0.8757459400059803
16,596,Present/Seen/Left,Seen,0.9725829522958699,0.6513305639884318
19,0,Present/Unseen/Right,Unseen,0.9777197302410463,0.9493822352617384
19,1,Present/Unseen/Right,Unseen,0.9705354133006556,0.8862654107568029
19,3,Present/Seen/Left,Seen,0.9706532909292842,0.9204536906969765
19,5,Present/Unseen/Left,Unseen,0.9752616600148888,0.9125640876338595
19,6,Present/Unseen/Right,Unseen,0.9611973406532234,0.824025208814436
19,8,Present/Unseen/Left,Unseen,0.9770863601744296,0.9844471377644805
19,9,Present/Unseen/Left,Unseen,0.9769323061328515,0.913440710196428
19,10,Present/Unseen/Right,Unseen,0.9784304593990749,0.8643498466925891
19,12,Present/Unseen/Left,Unseen,0.9727607394738514,0.8880186558819398
19,15,Present/Seen/Right,Seen,0.9676335040067939,0.8590901113171777
19,16,Present/Unseen/Left,Unseen,0.9742466162631315,0.9967198536404401
19,17,Present/Unseen/Right,Unseen,0.9790418418838589,0.9809406475142062
19,19,Present/Unseen/Left,Unseen,0.9760955967350579,0.9625315737002668
19,20,Present/Unseen/Right,Unseen,0.9745667628238225,0.9169472004467022
19,21,Present/Unseen/Left,Unseen,0.9764610653590737,0.8792524302562545
19,23,Present/Unseen/Left,Unseen,0.9823989497508108,0.8398044149406697
19,24,Present/Unseen/Right,Unseen,0.9750063374635034,0.8406810375032383
19,26,Present/Unseen/Left,Unseen,0.9736532421228264,0.9818172700767748
19,28,Present/Unseen/Right,Unseen,0.9813803080495296,0.9046744845707424
19,29,Present/Unseen/Left,Unseen,0.9734096638744143,0.9958432310778715
19,31,Present/Unseen/Left,Unseen,0.9808275458396593,0.9844471377644802
19,33,Present/Unseen/Right,Unseen,0.9768053360714702,0.9458757450114642
19,34,Present/Unseen/Right,Unseen,0.9804522352850974,0.9984730987655771
19,36,Present/Unseen/Left,Unseen,0.9742987932766758,0.9800640249516376
19,37,Present/Unseen/Right,Unseen,0.988647256702624,1.0563301878951015
19,38,Present/Unseen/Left,Unseen,0.9883220003554913,0.9940899859527345
19,39,Present/Unseen/Right,Unseen,0.9751188386519622,0.8827589205065289
19,41,Present/Unseen/Right,Unseen,0.9737571649149969,0.9064277296958797
19,42,Present/Unseen/Left,Unseen,0.9769456095998128,0.9134407101964279
19,45,Present/Unseen/Right,Unseen,0.9770146226185088,0.9073043522584483
19,46,Present/Unseen/Left,Unseen,0.9633348031370258,0.8748693174434118
19,48,Present/Unseen/Left,Unseen,0.972943638648381,0.9160705778841337
19,49,Present/Unseen/Right,Unseen,0.9715327910193878,0.9064277296958797
19,51,Present/Unseen/Left,Unseen,0.9678973048714493,0.8836355430690972
19,52,Present/Unseen/Right,Unseen,0.9754097406801973,0.915193955321565
19,55,Present/Unseen/Left,Unseen,0.9748281364710635,0.9844471377644805
19,56,Present/Unseen/Right,Unseen,0.975069644935807,0.9599017060125611
19,57,Present/Unseen/Left,Unseen,0.9725852404748009,0.8906485235696455
19,58,Present/Unseen/Right,Unseen,0.9785140571358348,0.8459407728786497
19,59,Present/Unseen/Right,Unseen,0.9872301808836939,1.022141907954928
19,60,Present/Unseen/Right,Unseen,0.9836282630337974,0.9739276670136578
19,62,Present/Unseen/Left,Unseen,0.9857888678961364,0.9739276670136578
19,63,Present/Unseen/Left,Unseen,0.9841234811255325,0.9248368035098191
19,65,Present/Unseen/Left,Unseen,0.9832045786437469,0.9590250834499927
19,66,Present/Unseen/Right,Unseen,0.9828202073918924,0.9081809748210165
19,69,Present/Unseen/Left,Unseen,0.9789352809925355,0.8362979246903955
19,70,Present/Unseen/Right,Unseen,0.9708694611045995,0.9073043522584482
19,72,Present/Unseen/Right,Unseen,0.9778222300405486,0.8696095820680005
19,74,Present/Seen/Right,Seen,0.9814724394851858,0.9677913090756779
19,75,Present/Unseen/Left,Unseen,0.9796478591067019,0.9818172700767749
19,76,Present/Unseen/Left,Unseen,0.9796994711929737,0.9818172700767748
19,77,Present/Unseen/Right,Unseen,0.9836677772869783,0.9721744218885208
19,78,Present/Unseen/Left,Unseen,0.978697298925104,0.9634081962628354
19,80,Present/Unseen/Right,Unseen,0.9786637917696176,0.9853237603270487
19,81,Present/Unseen/Left,Unseen,0.9805782833673666,0.8906485235696459
19,84,Present/Unseen/Right,Unseen,0.980791194937688,0.95464197063715
19,85,Present/Unseen/Left,Unseen,0.9863654298820268,1.0694795263336294
19,86,Present/Unseen/Left,Unseen,0.9857100118353729,1.020388662829791
19,88,Present/Unseen/Right,Unseen,0.9836527923914861,0.9423692547611902
19,91,Present/Seen/Right,Seen,0.9828168703351258,0.8713628271931376
19,92,Present/Unseen/Right,Unseen,0.9774842039530656,0.9099342199461538
19,93,Present/Seen/Left,Seen,0.9812321408387339,0.8634732241300206
19,94,Present/Unseen/Left,Unseen,0.9847641127157295,0.9756809121387949
19,95,Present/Seen/Right,Seen,0.976532802761718,0.9528887255120125
19,97,Present/Unseen/Left,Unseen,0.9707030106165326,0.9327264065729359
19,98,Present/Unseen/Right,Unseen,0.9771606818300789,0.9239601809472505
19,99,Present/Unseen/Left,Unseen,0.9834430935782799,0.8529537533791981
19,103,Present/Seen/Right,Seen,0.9676075512671376,0.921330313259545
19,104,Present/Unseen/Right,Unseen,0.9730406866290763,0.846817395441218
19,105,Present/Unseen/Left,Unseen,0.990949968164227,1.022141907954928
19,106,Present/Unseen/Left,Unseen,0.9786706242294222,0.923083558384682
19,108,Present/Unseen/Left,Unseen,0.9727396028416817,0.9721744218885209
19,109,Present/Unseen/Left,Unseen,0.9765571356445976,0.940616009636053
19,111,Present/Unseen/Right,Unseen,0.9764706188532896,0.8924017686947828
19,112,Present/Unseen/Right,Unseen,0.9942076470223543,0.9975964762030086
19,114,Present/Unseen/Left,Unseen,0.9815723040458065,1.020388662829791
19,115,Present/Seen/Left,Seen,0.9729618977245937,0.7197071238687788
19,116,Present/Unseen/Right,Unseen,0.9852800919854631,0.9739276670136578
19,118,Present/Unseen/Right,Unseen,0.9865299149438441,0.9712977993259522
19,119,Present/Unseen/Left,Unseen,0.9809837446181825,0.9590250834499926
19,120,Present/Unseen/Right,Unseen,0.9789323121198495,1.0151289274543795
19,121,Present/Seen/Right,Seen,0.9805686862829116,0.9090575973835854
19,124,Present/Seen/Left,Seen,0.9782103273244548,0.9371095193857789
19,126,Present/Unseen/Right,Unseen,0.9790689123688671,0.9178238230092708
19,128,Present/Unseen/Right,Unseen,0.9774721255718621,0.9712977993259522
19,129,Present/Unseen/Left,Unseen,0.9863807344067294,0.9905834957024603
19,130,Present/Seen/Left,Seen,0.9864089452817091,0.9783107798265006
19,131,Present/Unseen/Right,Unseen,0.9839599324530416,0.9756809121387949
19,132,Present/Unseen/Right,Unseen,0.9875208496232359,1.034414623830888
19,134,Present/Seen/Left,Seen,0.9760776353642269,0.9555185931997184
19,136,Present/Seen/Left,Seen,0.980805332507751,0.9178238230092708
19,137,Present/Seen/Right,Seen,0.9911650440193651,1.0063627018286943
19,138,Present/Unseen/Left,Unseen,0.983017456639678,0.9318497840103676
19,139,Present/Seen/Right,Seen,0.9842466720238482,0.9108108425087224
19,140,Present/Unseen/Left,Unseen,0.9782426422799099,0.88188229794396
19,142,Present/Unseen/Right,Unseen,0.9763142963063766,0.8731160723182747
19,144,Present/Unseen/Right,Unseen,0.9806424368479392,1.0098691920789684
19,145,Present/Unseen/Left,Unseen,0.9756251732093907,0.9476289901366014
19,147,Present/Unseen/Left,Unseen,0.9746315470299697,0.9353562742606416
19,148,Present/Unseen/Left,Unseen,0.983436334061503,0.9414926321986218
19,149,Present/Seen/Right,Seen,0.9698506967711175,0.870486204630569
19,150,Present/Seen/Right,Seen,0.9766491106616789,0.8783758076936858
19,153,Present/Seen/Left,Seen,0.9810904521881574,0.9765575347013635
19,155,Present/Unseen/Left,Unseen,0.9816328561730577,1.0081159469538312
19,156,Present/Unseen/Left,Unseen,0.9826869453905059,0.9607783285751296
19,157,Present/Unseen/Right,Unseen,0.9895910005868509,1.0247717756426336
19,158,Present/Seen/Right,Seen,0.9859519431466099,0.9528887255120125
19,160,Present/Seen/Right,Seen,0.9871839760481189,0.9905834957024603
19,161,Present/Unseen/Left,Unseen,0.9820579071334178,1.028278265892908
19,163,Present/Unseen/Left,Unseen,0.9850079082399245,0.9739276670136578
19,165,Present/Unseen/Right,Unseen,0.9887400082404206,1.0256483982052023
19,166,Present/Unseen/Left,Unseen,0.9843869880640602,0.8222719636892987
19,169,Present/Unseen/Left,Unseen,0.9776799459426213,0.9125640876338593
19,170,Present/Unseen/Right,Unseen,0.9684345908602506,0.8862654107568031
20,0,Present/Unseen/Right,Unseen,0.9857575920234404,0.9274666711975248
20,1,Present/Seen/Right,Seen,0.978021679514292,0.9046744845707424
20,3,Present/Seen/Left,Seen,0.9785551937246825,0.8091226252507705
20,5,Present/Seen/Left,Seen,0.9808205741033232,0.8301615667524159
20,6,Present/Seen/Right,Seen,0.9843514974248622,0.9669146865131095
20,7,Present/Seen/Left,Seen,0.984091259062168,0.9783107798265007
20,9,Present/Seen/Left,Seen,0.9839928809330701,0.8845121656316659
20,11,Present/Seen/Right,Seen,0.9875422171194215,0.9318497840103676
20,12,Present/Seen/Left,Seen,0.9855990484053692,0.7845771934988512
20,13,Present/Seen/Left,Seen,0.9843087233535737,0.8880186558819398
20,14,Present/Seen/Right,Seen,0.9849400390569185,0.8704862046305691
20,15,Present/Seen/Right,Seen,0.9892218597104792,0.8056161350004964
20,18,Present/Seen/Right,Seen,0.9869132310495254,0.8476940180037866
20,21,Present/Unseen/Right,Unseen,0.985397629483956,0.944122499886327
20,22,Present/Unseen/Left,Unseen,0.9850364133331079,0.9274666711975248
20,23,Present/Unseen/Left,Unseen,0.9862989956451038,0.9502588578243069
20,24,Present/Seen/Right,Seen,0.9890223298886339,0.824025208814436
20,25,Present/Seen/Right,Seen,0.9861218164430693,0.9379861419483475
20,26,Present/Unseen/Left,Unseen,0.9876332089330485,0.9809406475142062
20,27,Present/Unseen/Left,Unseen,0.98437896524769,0.9590250834499926
20,30,Present/Seen/Left,Seen,0.9851749116149464,0.8704862046305692
20,33,Present/Seen/Left,Seen,0.9835742935011443,0.7600317617469315
20,34,Present/Seen/Right,Seen,0.9854517881291119,0.9046744845707423
20,35,Present/Seen/Right,Seen,0.9823248648214992,0.8906485235696456
20,36,Present/Seen/Left,Seen,0.9819586185735437,0.8476940180037867
20,37,Present/Seen/Right,Seen,0.9834540980672124,0.9064277296958794
20,39,Present/Seen/Right,Seen,0.9870160921080688,0.9546419706371497
20,40,Present/Unseen/Left,Unseen,0.9756077414119996,0.9029212394456053
20,42,Present/Unseen/Left,Unseen,0.9824105537112523,1.031784756143182
20,43,Present/Seen/Right,Seen,0.976020816613243,0.8424342826283755
20,45,Present/Seen/Left,Seen,0.9883236180535334,1.0002263438907142
20,47,Present/Seen/Right,Seen,0.9800370703589039,0.8292849441898473
20,49,Present/Unseen/Right,Unseen,0.9827002321449237,0.9195770681344078
20,50,Present/Seen/Left,Seen,0.9876299664369579,0.7609083843095003
20,51,Present/Seen/Right,Seen,0.9852609420042261,0.8678563369428633
20,53,Present/Seen/Left,Seen,0.9827593697276272,0.9178238230092708
20,55,Present/Unseen/Right,Unseen,0.9718552711121198,0.9239601809472503
20,57,Present/Seen/Left,Seen,0.9784157933378106,0.8476940180037867
20,58,Present/Seen/Left,Seen,0.980011396271108,0.9432458773237586
20,59,Present/Seen/Right,Seen,0.9852188763584253,0.9449991224488955
20,62,Present/Seen/Right,Seen,0.9893804080621065,0.8450641503160812
20,63,Present/Seen/Left,Seen,0.9875781522474346,0.8634732241300207
20,64,Present/Seen/Left,Seen,0.9878766494388435,0.9625315737002667
20,65,Present/Seen/Right,Seen,0.9829988978232016,0.8345446795652586
20,67,Present/Unseen/Left,Unseen,0.9876111808833575,1.010745814641537
20,68,Present/Seen/Left,Seen,0.989143643156573,0.987077005452186
20,70,Present/Seen/Right,Seen,0.9877369067309942,0.8906485235696456
20,71,Present/Seen/Right,Seen,0.9877306949594955,0.7959732868122424
20,73,Present/Seen/Left,Seen,0.9898372145075164,0.9783107798265005
20,74,Present/Seen/Right,Seen,0.9861122286785199,0.8634732241300206
20,75,Present/Seen/Left,Seen,0.9868168715720116,0.9818172700767746
20,76,Present/Seen/Right,Seen,0.9854533547436813,1.006362701828694
20,78,Present/Unseen/Left,Unseen,0.9864789648018853,1.037921114081162
20,79,Present/Unseen/Right,Unseen,0.9884376093105635,0.9686679316382464
20,81,Present/Unseen/Left,Unseen,0.9869492913739181,0.9660380639505409
20,82,Present/Unseen/Right,Unseen,0.9825422348507628,0.9169472004467023
20,84,Present/Seen/Left,Seen,0.9864772671937873,0.8441875277535126
20,86,Present/Unseen/Right,Unseen,0.9860091688539492,0.9993497213281458
20,88,Present/Unseen/Left,Unseen,0.9748396841186814,0.9300965388852303
20,89,Present/Unseen/Right,Unseen,0.9855107834755517,0.862596601567452
20,90,Present/Unseen/Right,Unseen,0.980040039360226,0.9888302505773231
20,91,Present/Unseen/Right,Unseen,0.9883559337815722,0.851200508254061
20,92,Present/Unseen/Left,Unseen,0.986054894917514,0.9537653480745811
20,94,Present/Seen/Left,Seen,0.9870656642035591,0.8810056753813915
20,96,Present/Seen/Right,Seen,0.9844209048834321,0.9695445542008151
20,97,Present/Unseen/Right,Unseen,0.9848250862623658,0.9826938926393434
20,98,Present/Unseen/Left,Unseen,0.9849044267857077,0.9695445542008151
20,99,Present/Unseen/Left,Unseen,0.9810396548202963,1.0291548884554764
20,103,Present/Unseen/Left,Unseen,0.982897971999893,0.9712977993259522
20,104,Present/Seen/Right,Seen,0.986250908374289,0.8564602436294723
20,105,Present/Unseen/Right,Unseen,0.9860607889970238,0.9686679316382467
20,106,Present/Seen/Left,Seen,0.9865749651794821,1.0230185305174966
20,109,Present/Unseen/Right,Unseen,0.9898796991310497,1.0221419079549279
20,111,Present/Unseen/Right,Unseen,0.9785840954374047,0.9590250834499925
20,112,Present/Seen/Left,Seen,0.9758907750701924,0.9151939553215652
20,113,Present/Seen/Left,Seen,0.9812904120978903,0.9213303132595448
20,114,Present/Unseen/Right,Unseen,0.9860018371864269,0.6574669219264117
20,115,Present/Unseen/Right,Unseen,0.9824424115520615,0.9090575973835853
20,116,Present/Unseen/Left,Unseen,0.9861029697592137,0.9748042895762263
20,117,Present/Unseen/Left,Unseen,0.9841461071166994,0.8739926948808434
20,122,Present/Unseen/Right,Unseen,0.9821635980838331,0.9844471377644805
20,123,Present/Seen/Right,Seen,0.9852715528927503,0.9239601809472505
20,124,Present/Seen/Left,Seen,0.986279824299236,0.8836355430690971
20,125,Present/Seen/Left,Seen,0.9830898782966283,0.8959082589450569
20,127,Present/Seen/Right,Seen,0.9841776563231561,0.9923367408275974
20,128,Present/Seen/Right,Seen,0.9866157162239517,0.9441224998863272
20,129,Present/Seen/Left,Seen,0.9865749300694856,0.8371745472529641
20,131,Present/Seen/Left,Seen,0.9891945884910339,0.9993497213281458
20,133,Present/Unseen/Right,Unseen,0.9831990448454856,1.0002263438907144
20,134,Present/Seen/Right,Seen,0.9823228405625362,0.8713628271931376
20,135,Present/Seen/Left,Seen,0.9836773005177132,0.9677913090756782
20,137,Present/Seen/Left,Seen,0.9843979575395199,0.9116874650712908
20,138,Present/Seen/Right,Seen,0.9880266237273342,0.8547069985043352
20,140,Present/Unseen/Left,Unseen,0.9856101539724972,0.9502588578243069
20,141,Present/Seen/Left,Seen,0.987251447721452,0.9625315737002668
20,143,Present/Seen/Right,Seen,0.9913555618574209,1.0212652853923594
20,145,Present/Seen/Left,Seen,0.988215126859849,0.9458757450114641
20,147,Present/Unseen/Right,Unseen,0.9820288241155005,0.9721744218885207
20,148,Present/Unseen/Right,Unseen,0.9823489647735981,0.8371745472529641
20,149,Present/Seen/Left,Seen,0.9832345609563152,0.8310381893149842
20,152,Present/Seen/Left,Seen,0.9770449116770183,0.88801865588194
20,153,Present/Seen/Left,Seen,0.9794985331618778,0.9844471377644803
20,154,Present/Unseen/Right,Unseen,0.9844984569042117,1.010745814641537
20,155,Present/Seen/Right,Seen,0.982742727742846,0.9476289901366014
20,157,Present/Seen/Left,Seen,0.979404888625367,0.9371095193857787
20,158,Present/Unseen/Right,Unseen,0.9829062071552592,0.9371095193857787
20,160,Present/Seen/Right,Seen,0.982588763595186,0.9432458773237586
20,161,Present/Seen/Left,Seen,0.9873210869059906,0.9905834957024602
20,162,Present/Unseen/Right,Unseen,0.984886230088003,1.0186354177046535
20,165,Present/Unseen/Left,Unseen,0.9849158793914387,1.0572068104576702
20,166,Present/Unseen/Right,Unseen,0.9789077610337202,0.9809406475142062
20,167,Present/Unseen/Left,Unseen,0.9883533768874432,0.969544554200815
20,169,Present/Unseen/Left,Unseen,0.9852109522055333,1.010745814641537
20,170,Present/Unseen/Right,Unseen,0.9829303963709428,0.9669146865131096
20,171,Present/Seen/Left,Seen,0.9827697637220291,0.9344796516980731
20,173,Present/Unseen/Right,Unseen,0.9874572059337436,1.010745814641537
20,174,Present/Unseen/Left,Unseen,0.9834613593627731,0.9712977993259522
20,177,Present/Seen/Right,Seen,0.9809012018249225,0.9528887255120124
20,178,Present/Seen/Right,Seen,0.986912536917505,0.9765575347013635
20,179,Present/Unseen/Left,Unseen,0.9877156040079996,1.0449340945817103
20,181,Present/Seen/Right,Seen,0.9867831564829721,0.9669146865131094
20,182,Present/Seen/Left,Seen,0.983308536832425,0.973927667013658
20,183,Present/Seen/Right,Seen,0.9870310937511151,0.8950316363824884
20,184,Present/Seen/Left,Seen,0.9848188414211133,0.932726406572936
20,186,Present/Seen/Left,Seen,0.9860229679717353,0.9108108425087225
20,188,Present/Seen/Right,Seen,0.9836331094431753,0.808246002688202
20,189,Present/Seen/Right,Seen,0.9867958417408422,0.8739926948808432
20,190,Present/Seen/Left,Seen,0.988885979310105,0.8959082589450569
20,192,Present/Seen/Left,Seen,0.9873955205468662,0.878375807693686
20,193,Present/Unseen/Right,Unseen,0.9829645324755417,1.0054860792661258
20,195,Present/Seen/Left,Seen,0.9825662504789376,0.7977265319373793
20,197,Present/Seen/Right,Seen,0.9797436255876393,0.9476289901366014
20,198,Present/Seen/Left,Seen,0.9862254101998362,0.9064277296958797
20,199,Present/Seen/Right,Seen,0.983052559706767,0.9800640249516377
20,202,Present/Seen/Left,Seen,0.9844754358677588,0.8766225625685489
20,203,Present/Seen/Right,Seen,0.9846294051921147,0.8178888508764562
20,204,Present/Unseen/Left,Unseen,0.9880543212874491,0.7486356684335407
20,205,Present/Seen/Right,Seen,0.97717539753049,0.9020446168830369
20,206,Present/Seen/Right,Seen,0.9855421019550004,0.9265900486349562
20,208,Present/Seen/Left,Seen,0.9805796077190254,0.9458757450114643
20,210,Present/Unseen/Left,Unseen,0.9861793455924005,1.033538001268319
20,211,Present/Unseen/Left,Unseen,0.9882936445644623,0.8757459400059804
20,212,Present/Unseen/Right,Unseen,0.9851510786962945,0.9783107798265006
20,215,Present/Seen/Right,Seen,0.9830921386481734,0.8345446795652587
20,216,Present/Unseen/Left,Unseen,0.9740291768739456,0.9537653480745811
20,217,Present/Seen/Left,Seen,0.9880262950934587,0.8187654734390248
20,219,Present/Seen/Right,Seen,0.984833889868837,0.9660380639505409
20,221,Present/Seen/Right,Seen,0.9820543409975585,0.9099342199461536
20,222,Present/Seen/Right,Seen,0.9818548784411842,0.8319148118775529
20,224,Present/Unseen/Left,Unseen,0.9816219500904566,0.746005800745835
20,226,Present/Seen/Right,Seen,0.9715271944327881,0.9257134260723877
20,227,Present/Unseen/Left,Unseen,0.9851014055266966,0.8520771308166294
20,229,Present/Seen/Right,Seen,0.9723539964645023,0.9037978620081737
20,231,Present/Seen/Right,Seen,0.9769296183805887,0.8231485862518674
20,232,Present/Seen/Left,Seen,0.9649381911535128,0.8266550765021415
20,233,Present/Seen/Left,Seen,0.9877677971257869,1.0212652853923594
20,234,Present/Seen/Left,Seen,0.9808548017622137,0.8871420333193714
20,235,Present/Unseen/Right,Unseen,0.9839938926184524,0.9809406475142062
20,236,Present/Unseen/Right,Unseen,0.9803640910064386,0.985323760327049
20,239,Present/Seen/Left,Seen,0.9854399763127419,1.0002263438907142
20,241,Present/Seen/Right,Seen,0.9799094836543086,0.8240252088144361
20,242,Present/Seen/Left,Seen,0.9797821280853933,0.9528887255120124
20,243,Present/Seen/Left,Seen,0.9849426160781656,0.9353562742606415
20,244,Present/Seen/Right,Seen,0.9836199617353737,0.7275967269318955
20,246,Present/Seen/Right,Seen,0.9768859490710443,0.8459407728786497
20,247,Present/Seen/Left,Seen,0.988089918410116,0.8047395124379279
20,248,Present/Seen/Right,Seen,0.9859825714475388,0.8362979246903958
20,251,Present/Seen/Left,Seen,0.9909104810834887,0.9458757450114643
20,254,Present/Seen/Left,Seen,0.9858968430852466,0.7574018940592263
20,255,Present/Seen/Right,Seen,0.9849010394794873,0.9187004455718393
20,256,Present/Seen/Right,Seen,0.9851439345520696,0.9449991224488956
20,257,Present/Seen/Left,Seen,0.9850960193264959,0.9476289901366013
20,258,Present/Seen/Right,Seen,0.9903200180525684,0.9292199163226619
20,259,Present/Seen/Left,Seen,0.9868455887270993,0.959901706012561
20,261,Present/Unseen/Left,Unseen,0.9845378763572659,0.9634081962628354
20,263,Present/Seen/Right,Seen,0.9790936347612337,0.8810056753813916
20,264,Present/Unseen/Left,Unseen,0.9825736230191982,0.944122499886327
20,265,Present/Seen/Right,Seen,0.9828339583375229,0.9318497840103676
20,267,Present/Seen/Right,Seen,0.9880526018067753,0.9020446168830366
20,269,Present/Unseen/Left,Unseen,0.987695687086392,1.010745814641537
20,271,Present/Seen/Left,Seen,0.989182793307396,0.952012102949444
20,273,Present/Unseen/Right,Unseen,0.9826529210951315,0.9511354803868755
20,274,Present/Unseen/Left,Unseen,0.9885349513646242,1.0572068104576702
20,275,Present/Seen/Right,Seen,0.9815208196228703,0.9073043522584482
20,278,Present/Unseen/Left,Unseen,0.9784956203755222,0.8827589205065286
20,279,Present/Unseen/Left,Unseen,0.9877960189074616,0.8257784539395729
20,280,Present/Unseen/Right,Unseen,0.9844962919062931,0.8757459400059803
20,281,Present/Unseen/Right,Unseen,0.9811543020671591,0.9599017060125612
20,282,Present/Seen/Right,Seen,0.9886468121297214,0.9704211767633837
20,284,Present/Seen/Left,Seen,0.988101166067768,0.9414926321986213
20,285,Present/Unseen/Right,Unseen,0.9871722194452508,1.0151289274543795
20,287,Present/Unseen/Left,Unseen,0.9754716568275416,0.9274666711975247
20,288,Present/Unseen/Right,Unseen,0.9853673937649619,1.0072393243912627
20,290,Present/Seen/Left,Seen,0.9771375902976968,0.9239601809472505
20,291,Present/Unseen/Right,Unseen,0.9859442851396399,0.648700696300726
20,293,Present/Seen/Left,Seen,0.9821204879571366,0.7801940806860084
20,294,Present/Unseen/Right,Unseen,0.9846560315045969,0.9467523675740327
20,295,Present/Unseen/Left,Unseen,0.9844863654313517,0.7582785166217947
20,297,Present/Seen/Left,Seen,0.9776956887992868,0.9397393870734843
20,298,Present/Seen/Right,Seen,0.9760738457199478,0.8099992478133392
20,300,Present/Unseen/Left,Unseen,0.9890998354924558,0.9853237603270489
20,301,Present/Seen/Right,Seen,0.984062955626162,0.9844471377644803
20,302,Present/Seen/Left,Seen,0.9911762768922366,0.8380511698155327
20,303,Present/Seen/Right,Seen,0.9814210592447009,0.8573368661920406
20,306,Present/Unseen/Left,Unseen,0.9844007459524579,0.9037978620081738
20,307,Present/Seen/Right,Seen,0.9818468385749027,0.8135057380636134
20,308,Present/Seen/Left,Seen,0.9849887266334709,0.8853887881942344
20,311,Present/Seen/Right,Seen,0.9803260375840035,0.9686679316382465
20,313,Present/Seen/Right,Seen,0.9848819486425675,0.9765575347013633
20,314,Present/Unseen/Left,Unseen,0.9894456418654383,1.028278265892908
20,315,Present/Seen/Left,Seen,0.9853785520704529,0.9423692547611899
20,316,Present/Seen/Right,Seen,0.9743697715601793,0.950258857824307
20,318,Present/Seen/Left,Seen,0.9820551695343258,0.9020446168830366
20,320,Present/Unseen/Left,Unseen,0.9627942056788752,0.7837005709362826
20,321,Present/Seen/Right,Seen,0.9868472970350111,0.814382360626182
20,322,Present/Seen/Right,Seen,0.9809596381951765,0.889771901007077
20,324,Present/Seen/Right,Seen,0.9857327558422847,0.9143173327589964
20,325,Present/Unseen/Left,Unseen,0.9899825622639127,1.0282782658929077
20,326,Present/Seen/Left,Seen,0.9811323159802865,0.9642848188254038
20,327,Present/Unseen/Right,Unseen,0.9818300493301885,0.9616549511376982
20,330,Present/Seen/Left,Seen,0.9778787453140353,0.9607783285751296
20,331,Present/Seen/Right,Seen,0.9756687929657193,0.9195770681344078
20,333,Present/Seen/Right,Seen,0.9784772567334722,0.851200508254061
20,334,Present/Unseen/Left,Unseen,0.9856710337963955,0.9625315737002669
20,336,Present/Seen/Right,Seen,0.9839254786574332,0.8476940180037867
20,337,Present/Seen/Right,Seen,0.9785493711324194,0.8845121656316658
20,340,Present/Unseen/Left,Unseen,0.9791432936941417,0.7574018940592263
20,341,Present/Seen/Left,Seen,0.9858486423463508,0.9826938926393433
20,344,Present/Unseen/Right,Unseen,0.9830669921430285,1.0028562115784199
20,345,Present/Seen/Right,Seen,0.9787712370713149,0.9055511071333109
20,346,Present/Unseen/Left,Unseen,0.9811388486072311,0.9730510444510895
20,347,Present/Unseen/Left,Unseen,0.9837671861202089,1.0177587951420852
20,349,Present/Seen/Left,Seen,0.9791376581383564,0.9809406475142063
20,351,Present/Seen/Left,Seen,0.9857604486638666,0.8275316990647102
20,352,Present/Unseen/Right,Unseen,0.9871351068437781,0.8441875277535126
20,353,Present/Unseen/Right,Unseen,0.9826607236633619,0.9020446168830367
20,356,Present/Seen/Right,Seen,0.9821003219855916,0.9581484608874239
20,357,Present/Unseen/Left,Unseen,0.9825171245559109,0.5934734748589076
20,358,Present/Unseen/Right,Unseen,0.9844988625813312,0.8661030918177263
20,359,Present/Unseen/Left,Unseen,0.9820718028183436,0.6749993731777827
20,360,Present/Unseen/Right,Unseen,0.9800046173361601,0.9125640876338594
20,361,Present/Seen/Left,Seen,0.9857985521892705,0.8731160723182748
20,364,Present/Seen/Right,Seen,0.9875336750485532,0.8722394497557061
20,365,Present/Seen/Left,Seen,0.9891292366818842,0.9195770681344079
20,366,Present/Seen/Right,Seen,0.9833034627721973,0.8073693801256334
20,367,Present/Seen/Left,Seen,0.9825758721541727,0.808246002688202
20,368,Present/Unseen/Left,Unseen,0.9866756339070968,0.9222069358221133
20,371,Present/Unseen/Right,Unseen,0.9849550808778842,1.0002263438907144
20,373,Present/Unseen/Right,Unseen,0.9866735802449569,1.0440574720191418
20,374,Present/Unseen/Left,Unseen,0.9852049174415195,0.956395215762287
20,376,Present/Unseen/Right,Unseen,0.9858616010679399,1.0773691293967464
20,377,Present/Unseen/Left,Unseen,0.9864965141083999,0.9826938926393431
20,378,Present/Unseen/Right,Unseen,0.9874967778960496,1.016005550016948
20,380,Present/Unseen/Left,Unseen,0.9878760735275581,0.9905834957024603
20,381,Present/Unseen/Left,Unseen,0.9838830797242519,1.065096413520787
20,383,Present/Seen/Right,Seen,0.9893611192474935,0.9239601809472505
20,385,Present/Unseen/Left,Unseen,0.9901335393567658,1.052823697644827
20,386,Present/Seen/Right,Seen,0.9875297637209051,1.018635417704654
20,387,Present/Seen/Right,Seen,0.9877203518892999,0.9432458773237586
20,389,Present/Seen/Left,Seen,0.9799366279243045,0.9143173327589965
20,391,Present/Unseen/Left,Unseen,0.9853805123205498,0.983570515201912
20,393,Present/Seen/Right,Seen,0.9837171464065558,0.9791874023890691
20,394,Present/Unseen/Left,Unseen,0.9852409821775014,0.9651614413879726
20,395,Present/Unseen/Right,Unseen,0.9678620442884381,0.8617199790048836
20,396,Present/Unseen/Right,Unseen,0.9702351006359834,0.9853237603270489
20,397,Present/Seen/Left,Seen,0.9849353032636388,0.9309731614477986
20,399,Present/Unseen/Left,Unseen,0.9795529987526158,1.0002263438907144
20,401,Present/Unseen/Right,Unseen,0.9776517902525913,0.9853237603270488
20,404,Present/Unseen/Left,Unseen,0.9716469416717702,0.9897068731398916
20,405,Present/Seen/Left,Seen,0.9693817017554015,0.8704862046305688
20,406,Present/Seen/Right,Seen,0.980768397154669,0.8599667338797464
20,407,Present/Seen/Right,Seen,0.9830830498693124,0.9651614413879723
20,408,Present/Seen/Left,Seen,0.9740792203604527,0.8704862046305689
20,410,Present/Seen/Right,Seen,0.9764177622542849,0.8450641503160811
20,411,Present/Seen/Right,Seen,0.9798782009773653,0.8967848815076255
20,413,Present/Seen/Left,Seen,0.9915784480804783,0.9914601182650288
20,414,Present/Unseen/Right,Unseen,0.9793545842819349,0.9134407101964279
20,415,Present/Seen/Left,Seen,0.9805423604068696,0.7933434191245368
20,416,Present/Seen/Left,Seen,0.9786469198185241,0.9099342199461536
20,419,Present/Unseen/Right,Unseen,0.9842028714065227,0.8871420333193715
20,420,Present/Seen/Left,Seen,0.9841364958163035,0.8152589831887506
20,421,Present/Seen/Left,Seen,0.9846809473128165,0.8170122283138876
20,424,Present/Seen/Right,Seen,0.9854779676079882,1.0019795890158512
20,426,Present/Unseen/Left,Unseen,0.9879267569661573,0.7723044776228914
20,427,Present/Seen/Left,Seen,0.9858647556876448,0.9178238230092707
20,428,Present/Seen/Right,Seen,0.9699055701798183,0.8476940180037869
20,429,Present/Seen/Right,Seen,0.9620858247780916,0.6557136768012745
20,431,Present/Seen/Right,Seen,0.9791290506165837,0.9712977993259522
20,432,Present/Unseen/Right,Unseen,0.9869873624465476,0.8766225625685489
20,433,Present/Seen/Left,Seen,0.9851266350533724,0.8135057380636134
20,435,Present/Seen/Left,Seen,0.9784992039383362,0.771427855060323
20,437,Present/Seen/Left,Seen,0.9798765691025899,0.8713628271931376
20,438,Present/Seen/Left,Seen,0.9863939992485771,0.9187004455718393
20,440,Present/Seen/Right,Seen,0.9792521795106569,0.8625966015674521
20,441,Present/Unseen/Right,Unseen,0.9888008564921104,0.8643498466925892
20,443,Present/Seen/Right,Seen,0.9691141965845265,0.8836355430690971
20,444,Present/Unseen/Right,Unseen,0.9845226318673073,0.8836355430690972
20,446,Present/Unseen/Left,Unseen,0.9853499250784548,0.9458757450114642
20,448,Present/Seen/Left,Seen,0.9799500771873634,1.001102966453283
20,449,Present/Seen/Left,Seen,0.9847237251637849,1.0282782658929082
20,450,Present/Unseen/Right,Unseen,0.9871150714258129,0.9660380639505409
20,451,Present/Seen/Left,Seen,0.9806826225327946,0.8924017686947827
20,454,Present/Unseen/Right,Unseen,0.9877075143186606,1.0580834330202384
20,455,Present/Unseen/Left,Unseen,0.9799535386067543,1.0116224372041054
20,457,Present/Seen/Right,Seen,0.9821495019079002,0.932726406572936
20,459,Present/Unseen/Right,Unseen,0.980669056638083,0.9265900486349562
20,460,Present/Seen/Left,Seen,0.9783123913239826,0.977434157263932
20,461,Present/Unseen/Right,Unseen,0.9839054240319731,0.9905834957024602
20,462,Present/Unseen/Right,Unseen,0.9755189925707728,1.012499059766674
20,464,Present/Unseen/Left,Unseen,0.9741622774824448,0.9572718383248554
20,465,Present/Unseen/Left,Unseen,0.982330883213282,0.9739276670136577
20,467,Present/Unseen/Right,Unseen,0.983334975405067,0.9660380639505409
20,468,Present/Unseen/Right,Unseen,0.988181523991521,0.9274666711975247
20,469,Present/Seen/Left,Seen,0.9874401394145197,0.9090575973835853
20,470,Present/Unseen/Left,Unseen,0.9811723346663088,0.932726406572936
20,473,Present/Seen/Left,Seen,0.9844219698529432,0.8170122283138875
20,474,Present/Seen/Right,Seen,0.9892152720489756,1.0449340945817103
20,475,Present/Unseen/Right,Unseen,0.9841439487583766,0.9458757450114642
20,477,Present/Unseen/Left,Unseen,0.9838888794948304,0.9967198536404399
20,479,Present/Unseen/Right,Unseen,0.9804938291125744,0.8950316363824885
20,480,Present/Seen/Left,Seen,0.9815953906762703,0.8722394497557062
20,481,Present/Unseen/Left,Unseen,0.9812313725695222,0.8731160723182748
20,482,Present/Seen/Right,Seen,0.9816847717503508,0.8520771308166297
20,485,Present/Unseen/Left,Unseen,0.9756722472772937,0.8976615040701942
20,488,Present/Seen/Right,Seen,0.9815472512485341,0.7872070611865568
20,489,Present/Unseen/Left,Unseen,0.9831605672631408,1.0405509817688676
20,490,Present/Unseen/Right,Unseen,0.9794582881421848,0.9265900486349561
20,492,Present/Unseen/Left,Unseen,0.9844795649016855,0.9940899859527345
20,493,Present/Seen/Right,Seen,0.9842425603628382,0.9143173327589965
20,495,Present/Seen/Right,Seen,0.9790612114720623,0.7845771934988514
20,496,Present/Seen/Left,Seen,0.9783488270584298,0.7065577854302504
20,497,Present/Seen/Right,Seen,0.9811274442456567,0.8757459400059803
20,499,Present/Unseen/Left,Unseen,0.9814807007196348,1.0572068104576702
20,500,Present/Unseen/Left,Unseen,0.9857405115265084,0.967791309075678
20,502,Present/Unseen/Right,Unseen,0.9854188228853017,0.9520121029494442
20,504,Present/Unseen/Left,Unseen,0.9871823721783659,0.9660380639505409
20,505,Present/Unseen/Right,Unseen,0.9880696416365974,1.0449340945817105
20,506,Present/Unseen/Right,Unseen,0.9893098889011648,1.0317847561431823
20,507,Present/Unseen/Left,Unseen,0.9898472604550232,1.0642197909582187
20,509,Present/Seen/Right,Seen,0.982164093950088,0.9423692547611902
20,510,Present/Unseen/Left,Unseen,0.987678796450514,0.983570515201912
20,511,Present/Unseen/Right,Unseen,0.9874774814423223,1.0510704525196901
20,512,Present/Unseen/Left,Unseen,0.9867927261224508,0.9423692547611899
20,515,Present/Seen/Left,Seen,0.9850851751807151,0.856460243629472
20,517,Present/Unseen/Left,Unseen,0.9833689556001108,1.001102966453283
20,519,Present/Seen/Right,Seen,0.9859813183882357,0.9485056126991698
20,520,Present/Seen/Right,Seen,0.9840039160315813,0.9993497213281458
20,523,Present/Unseen/Left,Unseen,0.9845545712679195,1.0168821725795167
20,524,Present/Seen/Left,Seen,0.9859729438200115,0.9563952157622869
20,525,Present/Seen/Right,Seen,0.9810425390024697,0.9020446168830366
20,526,Present/Seen/Right,Seen,0.9824399790603058,0.9283432937600934
20,527,Present/Seen/Left,Seen,0.9850509081214307,0.9178238230092707
20,528,Present/Seen/Left,Seen,0.9789858536369448,0.7460058007458351
20,529,Present/Seen/Right,Seen,0.978779010232757,0.9160705778841337
20,531,Present/Unseen/Right,Unseen,0.9797535589927326,1.0528236976448273
20,534,Present/Seen/Right,Seen,0.9802270925158065,0.8994147491953313
20,535,Present/Seen/Left,Seen,0.978468228424002,0.9274666711975247
20,536,Present/Seen/Left,Seen,0.9827939449728361,0.8547069985043351
20,537,Present/Seen/Right,Seen,0.9833282280874941,1.0475639622694157
20,539,Present/Unseen/Left,Unseen,0.9878290865847411,0.9537653480745812
20,540,Present/Seen/Right,Seen,0.986608101106412,0.944122499886327
20,542,Present/Seen/Right,Seen,0.986580558132071,0.8932783912573513
20,543,Present/Seen/Left,Seen,0.9901383496121552,0.9248368035098191
20,546,Present/Unseen/Left,Unseen,0.9774558508085013,0.9923367408275974
20,547,Present/Seen/Left,Seen,0.9848839242657831,1.004609456703557
20,548,Present/Seen/Right,Seen,0.9799931029479945,0.9336030291355045
20,549,Present/Seen/Right,Seen,0.9872420712868669,0.9055511071333108
20,551,Present/Seen/Left,Seen,0.9856284379317526,0.958148460887424
20,554,Present/Seen/Left,Seen,0.9867903596823193,0.8634732241300206
20,555,Present/Seen/Right,Seen,0.9857180912717312,0.9064277296958795
20,556,Present/Seen/Right,Seen,0.9869361884292157,0.9748042895762264
20,557,Present/Seen/Left,Seen,0.9797794268386291,1.0054860792661255
20,558,Present/Unseen/Right,Unseen,0.9798227680809903,0.9879536280147546
20,560,Present/Seen/Left,Seen,0.9870233444899161,1.0046094567035568
20,562,Present/Seen/Right,Seen,0.9831140797412501,0.8336680570026899
20,563,Present/Seen/Right,Seen,0.9806141109885608,0.8959082589450569
20,564,Present/Seen/Left,Seen,0.9849044095140087,0.8687329595054321
20,565,Present/Seen/Left,Seen,0.9852004216921308,0.8959082589450569
20,567,Present/Seen/Right,Seen,0.9852896238511974,0.9116874650712908
20,569,Present/Seen/Left,Seen,0.9821122542486276,0.9879536280147545
20,571,Present/Unseen/Right,Unseen,0.9826871920368483,0.9844471377644803
20,573,Present/Unseen/Left,Unseen,0.9857361799385111,0.8888952784445086
20,574,Present/Seen/Right,Seen,0.9817767941901241,0.901167994320468
20,575,Present/Seen/Left,Seen,0.9811076260947502,0.9195770681344078
20,577,Present/Seen/Right,Seen,0.9885252241426651,0.9204536906969764
20,578,Present/Unseen/Right,Unseen,0.9873024295518853,0.9555185931997184
20,580,Present/Unseen/Left,Unseen,0.9886217405411041,1.020388662829791
20,581,Present/Seen/Right,Seen,0.9841011919277575,0.9292199163226617
20,582,Present/Unseen/Left,Unseen,0.9875364484763876,1.0633431683956496
20,583,Present/Unseen/Left,Unseen,0.9870995129348522,0.9958432310778715
20,585,Present/Seen/Right,Seen,0.9871917076080893,1.0019795890158514
20,587,Present/Seen/Right,Seen,0.9838166957285401,0.9870770054521861
20,589,Present/Seen/Right,Seen,0.9839891126572469,0.8249018313770045
20,591,Present/Unseen/Left,Unseen,0.988063096168134,1.0501938299571216
20,592,Present/Seen/Left,Seen,0.975617679176197,0.895908258945057
20,594,Present/Seen/Left,Seen,0.9859042922703447,0.9353562742606416
20,595,Present/Unseen/Right,Unseen,0.9877490480885123,1.0624665458330813
20,596,Present/Unseen/Right,Unseen,0.9874116014001486,0.9511354803868756
20,598,Present/Unseen/Left,Unseen,0.9877706794917785,0.9695445542008152
21,0,Present/Unseen/Left,Unseen,0.9704000225880663,0.9362328968232103
21,2,Present/Unseen/Right,Unseen,0.972444410539736,0.8450641503160812
21,3,Present/Unseen/Left,Unseen,0.9734404311811777,0.8310381893149844
21,5,Present/Seen/Right,Seen,0.9738769144428708,0.7328564623073068
21,7,Present/Unseen/Right,Unseen,0.9706773658079635,0.9046744845707424
21,8,Present/Unseen/Left,Unseen,0.9701068247195861,0.9222069358221133
21,9,Present/Unseen/Right,Unseen,0.9765243329440876,0.9230835583846819
21,10,Present/Seen/Left,Seen,0.9755033421801383,0.8117524929384763
21,13,Present/Seen/Right,Seen,0.9712010914214129,0.8249018313770046
21,15,Present/Unseen/Right,Unseen,0.9692119097921181,0.9029212394456051
21,16,Present/Seen/Left,Seen,0.9664980309263808,0.7784408355608715
21,17,Present/Seen/Left,Seen,0.975844929287905,0.8108758703759077
21,19,Present/Seen/Right,Seen,0.9734420108603473,0.7302265946196013
21,20,Present/Unseen/Left,Unseen,0.9720513376741292,0.7898369288742625
21,21,Present/Seen/Right,Seen,0.9713495703324233,0.8704862046305691
21,22,Present/Unseen/Left,Unseen,0.9695741278463329,0.7389928202452868
21,24,Present/Seen/Right,Seen,0.9713376182476564,0.8073693801256335
21,25,Present/Seen/Left,Seen,0.9707278681944658,0.8170122283138875
21,27,Present/Seen/Right,Seen,0.9640390676685047,0.8827589205065288
21,28,Present/Seen/Left,Seen,0.9744851603500464,0.6934084469917221
21,30,Present/Seen/Left,Seen,0.9644988883684188,0.7126941433682303
21,31,Present/Seen/Right,Seen,0.9798094750739095,0.8354213021278272
21,33,Present/Seen/Left,Seen,0.9752192305805948,0.8047395124379277
21,35,Present/Seen/Right,Seen,0.9698531969602782,0.8924017686947828
21,36,Present/Unseen/Left,Unseen,0.9731370416490347,0.9642848188254037
21,37,Present/Unseen/Left,Unseen,0.9769772776349529,0.9046744845707423
21,40,Present/Unseen/Right,Unseen,0.9701382947843392,0.7880836837491254
21,41,Present/Seen/Right,Seen,0.9747896074037509,0.8213953411267303
21,43,Present/Seen/Right,Seen,0.968146936592209,0.7100642756805248
21,44,Present/Unseen/Left,Unseen,0.9663812268255146,0.8012330221876536
21,45,Present/Unseen/Left,Unseen,0.9763766192917667,0.9572718383248554
21,47,Present/Seen/Right,Seen,0.9726089233833932,0.8143823606261819
21,49,Present/Seen/Right,Seen,0.9745854140393664,0.8117524929384764
21,51,Present/Seen/Left,Seen,0.9675506990900951,0.8310381893149845
21,52,Present/Seen/Right,Seen,0.9711954247679779,0.8739926948808433
21,53,Present/Unseen/Left,Unseen,0.981068896999716,0.9274666711975249
21,54,Present/Unseen/Left,Unseen,0.9689983134589362,0.889771901007077
21,55,Present/Unseen/Right,Unseen,0.9734797748323368,0.9476289901366013
21,57,Present/Seen/Right,Seen,0.9695080600007627,0.9388627645109158
21,59,Present/Seen/Left,Seen,0.9716379256193155,0.8573368661920406
21,62,Present/Unseen/Right,Unseen,0.9744331449000264,0.859090111317178
21,63,Present/Unseen/Left,Unseen,0.9666899953528517,0.7311032171821698
21,64,Present/Unseen/Left,Unseen,0.9752067411388698,0.9081809748210167
21,65,Present/Seen/Right,Seen,0.9736716280026496,0.7828239483737143
21,66,Present/Seen/Left,Seen,0.9713196893256097,0.8073693801256335
21,68,Present/Seen/Right,Seen,0.9673137104328456,0.8170122283138875
21,69,Present/Unseen/Right,Unseen,0.9651356509572571,0.7994797770625166
21,71,Present/Seen/Left,Seen,0.9699354582031021,0.6653565249895287
21,72,Present/Seen/Right,Seen,0.9701165038420401,0.7924667965619683
21,74,Present/Unseen/Right,Unseen,0.9685323906689658,0.8582134887546095
21,75,Present/Unseen/Left,Unseen,0.9718616502183482,0.9073043522584482
21,76,Present/Seen/Left,Seen,0.9721546751362445,0.7652914971223431
21,78,Present/Seen/Right,Seen,0.973995324745628,0.8625966015674521
21,80,Present/Seen/Left,Seen,0.9679447735454356,0.7205837464313471
21,81,Present/Unseen/Right,Unseen,0.9670980086668175,0.866979714380295
21,83,Present/Seen/Left,Seen,0.9720785647543218,0.8494472631289239
21,84,Present/Seen/Right,Seen,0.9733114329538333,0.7784408355608715
21,86,Present/Unseen/Left,Unseen,0.9677728387964522,0.814382360626182
21,87,Present/Seen/Left,Seen,0.9628133104892643,0.6820123536783312
21,88,Present/Unseen/Right,Unseen,0.9769596297311859,0.8582134887546095
21,90,Present/Unseen/Right,Unseen,0.9710065174995942,0.8652264692551577
21,91,Present/Seen/Right,Seen,0.9714649188289814,0.707434407992819
21,92,Present/Seen/Left,Seen,0.9632293781828325,0.7670447422474803
21,95,Present/Unseen/Left,Unseen,0.9674951750125982,0.761785006872069
21,98,Present/Seen/Right,Seen,0.9711809848117515,0.746005800745835
21,99,Present/Seen/Left,Seen,0.9749436990292741,0.749512290996109
21,100,Present/Unseen/Right,Unseen,0.9708289684281409,0.8669797143802949
21,101,Present/Unseen/Left,Unseen,0.970919541558389,0.7538954038089519
21,102,Present/Seen/Right,Seen,0.9726245157855145,0.816135605751319
21,103,Present/Seen/Right,Seen,0.9719359873671646,0.8774991851311175
21,104,Present/Unseen/Left,Unseen,0.9721427779914712,0.8012330221876537
21,106,Present/Unseen/Left,Unseen,0.9544941535224571,0.7714278550603229
21,110,Present/Seen/Left,Seen,0.9640699127505684,0.7915901739993996
21,111,Present/Unseen/Left,Unseen,0.9644169897709225,0.7968499093748108
21,112,Present/Unseen/Right,Unseen,0.961128179669442,0.8056161350004962
21,113,Present/Seen/Right,Seen,0.9561865906730148,0.6986681823671336
21,114,Present/Unseen/Left,Unseen,0.9725535725610343,0.7381161976827182
21,116,Present/Unseen/Right,Unseen,0.9652918768945833,0.6916552018665849
21,118,Present/Unseen/Right,Unseen,0.9726028956162449,0.7723044776228917
21,119,Present/Unseen/Left,Unseen,0.9671851015649466,0.7556486489340889
21,121,Present/Unseen/Left,Unseen,0.9792963116792922,0.9011679943204682
21,123,Present/Seen/Right,Seen,0.9786702998225776,0.932726406572936
21,124,Present/Seen/Right,Seen,0.9774255284815513,0.9029212394456054
21,125,Present/Seen/Left,Seen,0.9784551162797511,0.8275316990647102
21,127,Present/Seen/Left,Seen,0.9784176343862426,0.8853887881942344
21,128,Present/Seen/Left,Seen,0.9755787801196704,0.8818822979439602
21,129,Present/Unseen/Right,Unseen,0.9735558135662975,0.8222719636892988
21,131,Present/Unseen/Right,Unseen,0.97233720991769,0.9169472004467022
21,132,Present/Unseen/Right,Unseen,0.9760121517218151,0.9485056126991699
21,133,Present/Seen/Right,Seen,0.9718117770621533,0.8468173954412183
21,135,Present/Seen/Left,Seen,0.9751533734077544,0.7389928202452868
21,136,Present/Seen/Left,Seen,0.970798850098311,0.9660380639505409
21,139,Present/Seen/Right,Seen,0.9731127409843345,0.8468173954412181
21,141,Present/Seen/Left,Seen,0.9754897770919503,0.7766875904357344
21,142,Present/Seen/Left,Seen,0.9632949827491172,0.7749343453105971
21,143,Present/Seen/Right,Seen,0.9756467972029451,0.9037978620081739
21,144,Present/Unseen/Right,Unseen,0.9767110097567232,0.8661030918177264
21,145,Present/Unseen/Right,Unseen,0.9761665869612537,0.8757459400059803
21,146,Present/Unseen/Left,Unseen,0.9709399567284248,0.889771901007077
21,148,Present/Unseen/Left,Unseen,0.9756185585424457,0.8696095820680004
21,150,Present/Seen/Right,Seen,0.976331111382281,0.8468173954412181
21,151,Present/Unseen/Left,Unseen,0.9768809218990299,1.0002263438907142
21,152,Present/Unseen/Right,Unseen,0.9759266515618977,0.8915251461322141
21,154,Present/Unseen/Left,Unseen,0.9764513867045269,0.9379861419483473
21,158,Present/Unseen/Left,Unseen,0.9828508487244255,0.8862654107568029
21,159,Present/Unseen/Right,Unseen,0.9823519833097646,0.9809406475142062
21,160,Present/Unseen/Left,Unseen,0.9827591445844172,0.9975964762030088
21,161,Present/Unseen/Right,Unseen,0.9825304169440505,0.94850561269917
21,162,Present/Seen/Right,Seen,0.9712004208095587,0.8634732241300206
21,163,Present/Unseen/Left,Unseen,0.9750758155542275,0.8906485235696455
21,165,Present/Seen/Right,Seen,0.9678867302738008,0.8748693174434117
21,167,Present/Unseen/Left,Unseen,0.9675185169661786,0.800356399625085
21,169,Present/Unseen/Left,Unseen,0.9720919243715074,0.8748693174434119
21,171,Present/Unseen/Right,Unseen,0.9685887515429711,0.9607783285751296
21,172,Present/Unseen/Right,Unseen,0.9730846747298635,0.8582134887546095
21,173,Present/Seen/Left,Seen,0.9781042091654849,0.9046744845707424
21,174,Present/Seen/Right,Seen,0.9799981971850872,0.9353562742606417
21,176,Present/Seen/Left,Seen,0.9746824627255797,0.9537653480745811
21,177,Present/Unseen/Left,Unseen,0.9768943028097579,0.9467523675740327
21,178,Present/Unseen/Right,Unseen,0.9672097442935259,0.7609083843095005
21,180,Present/Unseen/Left,Unseen,0.9832993751615776,0.9721744218885207
21,182,Present/Unseen/Left,Unseen,0.9796157801509799,0.9528887255120124
21,183,Present/Unseen/Right,Unseen,0.9836159674676103,0.8941550138199199
21,185,Present/Unseen/Right,Unseen,0.9768458654052036,0.994966608515303
21,186,Present/Unseen/Right,Unseen,0.9820016293716274,0.8503238856914924
21,188,Present/Unseen/Right,Unseen,0.9775945662056219,0.8599667338797466
21,189,Present/Unseen/Left,Unseen,0.9686959217148048,0.8424342826283755
21,190,Present/Seen/Left,Seen,0.9784668541388756,0.9300965388852305
21,192,Present/Unseen/Right,Unseen,0.978545720644188,0.9371095193857788
21,193,Present/Unseen/Left,Unseen,0.9772179268687319,0.8310381893149844
21,196,Present/Unseen/Left,Unseen,0.9739804134458845,0.8625966015674521
21,197,Present/Seen/Right,Seen,0.9787294742917183,0.9055511071333112
21,199,Present/Unseen/Right,Unseen,0.9799504895470863,0.9449991224488956
21,200,Present/Unseen/Right,Unseen,0.9796475142883622,0.9195770681344079
21,202,Present/Unseen/Left,Unseen,0.9787335809448874,0.9187004455718392
21,203,Present/Unseen/Left,Unseen,0.9785055230127955,0.9546419706371497
21,204,Present/Unseen/Left,Unseen,0.9696845282216819,0.9493822352617383
21,205,Present/Unseen/Left,Unseen,0.9797243021047906,0.916947200446702
21,206,Present/Seen/Right,Seen,0.9810759967434597,0.9485056126991699
21,209,Present/Seen/Right,Seen,0.9747402839589919,0.8441875277535126
21,210,Present/Unseen/Left,Unseen,0.9792328126315514,0.7907135514368311
21,211,Present/Unseen/Left,Unseen,0.9734852420522382,0.8976615040701942
21,212,Present/Unseen/Right,Unseen,0.9718104011247554,0.8774991851311174
21,215,Present/Unseen/Right,Unseen,0.9747140507628688,0.7451291781832666
21,216,Present/Unseen/Left,Unseen,0.9726008029048794,0.876622562568549
21,217,Present/Seen/Left,Seen,0.9721877790547095,0.9073043522584479
21,219,Present/Unseen/Right,Unseen,0.9769844577999571,0.9599017060125612
21,220,Present/Seen/Right,Seen,0.9771377544109401,0.8722394497557062
21,222,Present/Unseen/Right,Unseen,0.9671620831212812,0.8257784539395732
21,224,Present/Seen/Left,Seen,0.9671591436011991,0.7924667965619681
21,226,Present/Unseen/Right,Unseen,0.975509575901607,0.816135605751319
21,227,Present/Unseen/Left,Unseen,0.9648356917542326,0.874869317443412
21,229,Present/Unseen/Left,Unseen,0.9741137112252756,0.8424342826283754
21,230,Present/Unseen/Right,Unseen,0.9726970376323674,0.8678563369428633
21,231,Present/Unseen/Right,Unseen,0.9716392948566976,0.8512005082540609
21,232,Present/Unseen/Left,Unseen,0.9720309955200949,0.8152589831887505
21,234,Present/Unseen/Right,Unseen,0.9743225998774823,0.7880836837491253
21,236,Present/Seen/Left,Seen,0.9707582463723091,0.9020446168830366
21,237,Present/Unseen/Right,Unseen,0.9695735467036468,0.7898369288742624
21,239,Present/Unseen/Left,Unseen,0.9764529152783392,0.8441875277535125
21,240,Present/Unseen/Left,Unseen,0.9719368226267422,0.9230835583846821
21,241,Present/Unseen/Left,Unseen,0.9764631353552872,0.9730510444510894
21,242,Present/Unseen/Right,Unseen,0.9769150760633428,0.7950966642496738
21,243,Present/Unseen/Right,Unseen,0.9771805692775597,0.9187004455718393
21,246,Present/Unseen/Right,Unseen,0.9766663756596082,1.0501938299571216
21,247,Present/Unseen/Left,Unseen,0.9768421231800872,0.851200508254061
21,249,Present/Unseen/Right,Unseen,0.9736713775876915,0.8731160723182747
21,250,Present/Unseen/Left,Unseen,0.9789265276284265,0.88188229794396
21,252,Present/Unseen/Left,Unseen,0.9655037949320239,0.9002913717578996
21,253,Present/Unseen/Right,Unseen,0.9738237593295966,0.9222069358221134
21,256,Present/Seen/Left,Seen,0.9707762362254565,0.8564602436294723
21,257,Present/Unseen/Right,Unseen,0.9771779440914581,0.9055511071333109
21,259,Present/Unseen/Right,Unseen,0.9751001854527468,0.9818172700767748
21,260,Present/Unseen/Right,Unseen,0.9691484219748384,0.9160705778841337
21,261,Present/Unseen/Left,Unseen,0.9800829481295931,0.9467523675740329
21,262,Present/Unseen/Left,Unseen,0.9705929625882622,0.911687465071291
21,264,Present/Unseen/Left,Unseen,0.97353632207963,1.0133756823292426
21,266,Present/Unseen/Right,Unseen,0.9684517551853679,0.9239601809472506
21,268,Present/Unseen/Right,Unseen,0.9751541585387138,1.0168821725795167
21,269,Present/Seen/Left,Seen,0.9789043503710585,0.9458757450114641
21,271,Present/Seen/Right,Seen,0.9699495621289691,0.9116874650712911
21,272,Present/Unseen/Left,Unseen,0.9797902740015438,0.9300965388852304
21,273,Present/Unseen/Left,Unseen,0.9738015656274582,0.8994147491953313
21,275,Present/Unseen/Right,Unseen,0.9697025106949738,0.878375807693686
21,276,Present/Unseen/Right,Unseen,0.9718942742065607,0.8450641503160811
21,277,Present/Unseen/Left,Unseen,0.9691462423518209,0.7275967269318956
21,278,Present/Unseen/Right,Unseen,0.958002020879958,0.7837005709362829
21,279,Present/Unseen/Left,Unseen,0.9747137474406804,0.9414926321986216
21,282,Present/Seen/Left,Seen,0.9684039803411114,0.8678563369428635
21,284,Present/Unseen/Left,Unseen,0.9770761205017621,0.9222069358221134
21,285,Present/Unseen/Right,Unseen,0.9763343867050386,0.905551107133311
21,287,Present/Unseen/Right,Unseen,0.9650896932768307,1.0046094567035568
21,288,Present/Unseen/Left,Unseen,0.9737504788275644,0.8722394497557062
21,290,Present/Unseen/Left,Unseen,0.9787317886990119,0.8853887881942344
21,292,Present/Unseen/Right,Unseen,0.9626797129672732,0.8503238856914924
21,293,Present/Unseen/Right,Unseen,0.9728264407691162,0.8494472631289237
21,295,Present/Unseen/Left,Unseen,0.9729979080908477,0.8564602436294723
21,296,Present/Seen/Left,Seen,0.9721173667185767,0.8327914344401214
21,298,Present/Unseen/Right,Unseen,0.9760850938679982,0.8722394497557062
21,299,Present/Unseen/Right,Unseen,0.9707465416318592,0.8345446795652585
21,300,Present/Unseen/Left,Unseen,0.9897205104430559,1.0054860792661255
21,303,Present/Unseen/Right,Unseen,0.97471509898337,0.9064277296958795
21,304,Present/Unseen/Right,Unseen,0.9779603323180422,0.9020446168830367
21,305,Present/Unseen/Left,Unseen,0.9752767670014896,0.7959732868122423
21,306,Present/Unseen/Left,Unseen,0.9592833291507151,0.8108758703759078
21,308,Present/Unseen/Right,Unseen,0.9734747282763617,0.8950316363824885
21,309,Present/Seen/Left,Seen,0.9670281991731843,0.88188229794396
21,311,Present/Unseen/Right,Unseen,0.9695028191859607,0.7714278550603231
21,313,Present/Seen/Right,Seen,0.9807087638901694,0.88801865588194
21,314,Present/Seen/Right,Seen,0.9734250873856993,0.9046744845707424
21,315,Present/Unseen/Left,Unseen,0.9785334845122754,0.8301615667524156
21,316,Present/Unseen/Left,Unseen,0.9734253171522602,0.8643498466925892
21,319,Present/Unseen/Right,Unseen,0.9765876422307792,0.824025208814436
21,320,Present/Seen/Right,Seen,0.974802614718797,0.8091226252507704
21,322,Present/Unseen/Left,Unseen,0.9738270663131706,0.8713628271931377
21,323,Present/Unseen/Left,Unseen,0.9676839577576196,0.8696095820680005
21,324,Present/Unseen/Right,Unseen,0.9723787316645635,0.7197071238687787
21,325,Present/Unseen/Left,Unseen,0.9732796239351038,0.9248368035098192
21,326,Present/Seen/Right,Seen,0.9688028611055552,0.7258434818067585
21,327,Present/Unseen/Left,Unseen,0.9678256884306509,0.8170122283138873
21,330,Present/Unseen/Right,Unseen,0.9675986488639139,0.7363629525575809
21,331,Present/Unseen/Left,Unseen,0.9716770252852337,0.7959732868122423
21,332,Present/Unseen/Right,Unseen,0.9678685818832868,0.8345446795652587
21,335,Present/Unseen/Left,Unseen,0.9755571125197632,0.7994797770625166
21,336,Present/Unseen/Right,Unseen,0.968541530719551,0.9730510444510891
21,337,Present/Unseen/Right,Unseen,0.9806425699214528,0.9265900486349561
21,338,Present/Unseen/Left,Unseen,0.9789033828928272,0.8319148118775528
21,341,Present/Unseen/Left,Unseen,0.9711454327643947,0.8213953411267302
21,344,Present/Unseen/Right,Unseen,0.9760856859448769,0.7670447422474804
21,345,Present/Unseen/Right,Unseen,0.9784392305134476,0.9169472004467021
21,346,Present/Unseen/Left,Unseen,0.974423540178116,0.9406160096360531
21,347,Present/Unseen/Left,Unseen,0.9672848727835281,0.7460058007458351
21,349,Present/Unseen/Right,Unseen,0.9730994883661154,0.7968499093748108
21,351,Present/Unseen/Right,Unseen,0.9686528328224234,0.8564602436294725
21,352,Present/Unseen/Left,Unseen,0.9793875524259654,0.8503238856914923
21,353,Present/Unseen/Left,Unseen,0.9732204350478628,0.860843356442315
21,355,Present/Unseen/Left,Unseen,0.9770428075027199,0.8915251461322145
21,356,Present/Unseen/Left,Unseen,0.9691463114121398,0.7670447422474803
21,358,Present/Unseen/Right,Unseen,0.9771597375760677,0.9975964762030086
21,359,Present/Unseen/Right,Unseen,0.9702794576789998,0.8275316990647104
21,360,Present/Unseen/Right,Unseen,0.9689809602351465,0.7819473258111457
21,361,Present/Unseen/Left,Unseen,0.9759172812155359,0.8985381266327627
21,362,Present/Unseen/Right,Unseen,0.9769467629270056,0.8748693174434119
21,365,Present/Unseen/Left,Unseen,0.9732740040915328,0.8494472631289238
21,367,Present/Unseen/Left,Unseen,0.9746622631612848,0.8327914344401214
21,369,Present/Seen/Left,Seen,0.9645783570411575,0.8503238856914923
21,370,Present/Unseen/Right,Unseen,0.9771620256902113,0.8012330221876536
21,371,Present/Unseen/Right,Unseen,0.9719019643169797,0.9081809748210165
21,372,Present/Unseen/Left,Unseen,0.9715436923056645,0.8564602436294723
21,375,Present/Unseen/Right,Unseen,0.9756790591208316,0.8906485235696456
21,376,Present/Seen/Right,Seen,0.9643086064839297,0.7188305013062102
21,377,Present/Unseen/Left,Unseen,0.9778584476539606,0.8415576600658068
21,378,Present/Unseen/Left,Unseen,0.9796967604215159,0.8941550138199197
21,379,Present/Seen/Left,Seen,0.9741287490680801,0.8722394497557063
21,380,Present/Unseen/Right,Unseen,0.9769216875159871,0.7731811001854602
21,382,Present/Unseen/Right,Unseen,0.9754152590889549,0.8976615040701941
21,384,Present/Unseen/Right,Unseen,0.9697370425471153,0.9625315737002669
21,386,Present/Unseen/Left,Unseen,0.9685783940396895,0.8748693174434119
21,387,Present/Unseen/Right,Unseen,0.9712822523137417,0.8967848815076254
21,389,Present/Unseen/Left,Unseen,0.9764283337927582,0.8731160723182746
21,390,Present/Unseen/Right,Unseen,0.9687495496230806,0.734609707432444
21,391,Present/Unseen/Left,Unseen,0.9722189375133119,0.8327914344401215
21,392,Present/Unseen/Left,Unseen,0.9682445679262935,0.9187004455718393
21,393,Present/Unseen/Right,Unseen,0.976254688380641,0.8406810375032384
21,396,Present/Unseen/Left,Unseen,0.968026929120372,0.7039279177425446
21,397,Present/Unseen/Right,Unseen,0.9749501045370712,0.8967848815076255
21,398,Present/Unseen/Left,Unseen,0.9777736770652447,0.8301615667524157
21,401,Present/Unseen/Right,Unseen,0.9756243464531305,0.8985381266327627
21,403,Present/Unseen/Left,Unseen,0.9771878694462452,0.9949666085153032
21,404,Present/Unseen/Left,Unseen,0.9789902422005571,0.9151939553215649
21,405,Present/Unseen/Right,Unseen,0.9720731641559034,0.8538303759417665
21,406,Present/Unseen/Right,Unseen,0.9669336518421747,0.9064277296958795
21,408,Present/Unseen/Right,Unseen,0.9797936792160546,0.88801865588194
21,409,Present/Unseen/Left,Unseen,0.9725342495164816,0.7652914971223433
21,410,Present/Unseen/Right,Unseen,0.9679404657065762,0.9081809748210168
21,413,Present/Unseen/Left,Unseen,0.9730651588737638,0.8476940180037866
21,414,Present/Unseen/Right,Unseen,0.9656353076929388,0.8380511698155326
21,416,Present/Unseen/Left,Unseen,0.975360726287059,0.9037978620081738
21,417,Present/Unseen/Right,Unseen,0.9752176281926644,0.8941550138199199
21,418,Present/Unseen/Left,Unseen,0.9659586126606041,0.7617850068720691
21,421,Present/Unseen/Left,Unseen,0.9794500362703258,0.9800640249516379
21,423,Present/Unseen/Left,Unseen,0.9767082303727856,1.0133756823292426
21,424,Present/Unseen/Right,Unseen,0.9776928561590669,0.9476289901366014
21,425,Present/Unseen/Right,Unseen,0.9785908822955326,0.8126291155010448
21,427,Present/Unseen/Left,Unseen,0.9685523665840213,0.8152589831887506
21,429,Present/Unseen/Left,Unseen,0.9727246776274764,0.8222719636892989
21,430,Present/Unseen/Right,Unseen,0.9796715531574419,0.8564602436294722
21,431,Present/Unseen/Right,Unseen,0.9758284754476969,0.6916552018665851
21,432,Present/Unseen/Left,Unseen,0.9770674049200567,0.9318497840103674
21,433,Present/Unseen/Left,Unseen,0.9748653032993504,0.8924017686947828
21,435,Present/Unseen/Right,Unseen,0.9629545713766894,0.7267201043693271
21,436,Present/Seen/Right,Seen,0.9758674584551735,0.9116874650712908
21,438,Present/Unseen/Right,Unseen,0.978753027120255,0.9634081962628354
21,439,Present/Seen/Right,Seen,0.9776057397834218,0.8029862673127907
21,441,Present/Seen/Left,Seen,0.9791841382246085,0.880129052818823
21,442,Present/Unseen/Left,Unseen,0.9748755892193516,0.9379861419483472
21,444,Present/Unseen/Left,Unseen,0.9733987514028586,0.8450641503160812
21,445,Present/Unseen/Right,Unseen,0.9767200899991156,0.8818822979439601
21,447,Present/Unseen/Left,Unseen,0.9695422952042584,0.8257784539395732
21,448,Present/Seen/Right,Seen,0.9751528590517847,0.8415576600658068
21,450,Present/Seen/Right,Seen,0.9780958885997932,0.831914811877553
21,451,Present/Unseen/Left,Unseen,0.972727159578934,0.862596601567452
21,452,Present/Unseen/Left,Unseen,0.9815404799592621,0.9274666711975248
21,454,Present/Unseen/Right,Unseen,0.9724318112476793,0.9046744845707424
21,458,Present/Unseen/Left,Unseen,0.9806223138572435,0.9905834957024602
21,459,Present/Unseen/Right,Unseen,0.9760262725027631,0.824025208814436
21,460,Present/Unseen/Right,Unseen,0.9777483718627139,0.8082460026882022
21,461,Present/Seen/Left,Seen,0.9763338787510271,0.8950316363824884
21,462,Present/Unseen/Right,Unseen,0.9682610538236411,0.7600317617469317
21,463,Present/Unseen/Right,Unseen,0.9773357879870553,0.9187004455718394
21,464,Present/Unseen/Left,Unseen,0.9797477121101508,1.0081159469538312
21,467,Present/Unseen/Left,Unseen,0.9738530269320717,0.8906485235696455
21,468,Present/Unseen/Right,Unseen,0.9777118728269091,0.8818822979439602
21,469,Present/Unseen/Left,Unseen,0.9730827723061811,0.8398044149406699
21,472,Present/Unseen/Left,Unseen,0.9799212834692478,0.9239601809472505
21,473,Present/Unseen/Right,Unseen,0.9742814426285862,0.8810056753813919
21,475,Present/Seen/Right,Seen,0.9778254364937147,0.9151939553215652
21,477,Present/Unseen/Right,Unseen,0.978853778190546,0.9826938926393434
21,478,Present/Unseen/Left,Unseen,0.9818795714036345,0.9607783285751297
21,479,Present/Unseen/Left,Unseen,0.9777549251259267,0.8757459400059804
21,482,Present/Seen/Left,Seen,0.9641388479859809,0.7547720263715205
21,483,Present/Unseen/Right,Unseen,0.9692730935393886,0.8625966015674521
21,484,Present/Unseen/Right,Unseen,0.9753195024223762,0.8967848815076255
21,485,Present/Unseen/Left,Unseen,0.9794253140996579,0.952012102949444
21,486,Present/Unseen/Left,Unseen,0.969672224046497,0.8292849441898473
21,487,Present/Unseen/Left,Unseen,0.974168441036758,0.9414926321986217
21,488,Present/Unseen/Right,Unseen,0.9760095269263163,0.8976615040701943
21,489,Present/Unseen/Right,Unseen,0.9765426936689551,0.9318497840103676
21,492,Present/Seen/Right,Seen,0.971562617141076,0.769674609935186
21,494,Present/Unseen/Left,Unseen,0.9811240803164702,0.929219916322662
21,496,Present/Unseen/Left,Unseen,0.9780293681609536,0.8722394497557062
21,497,Present/Unseen/Right,Unseen,0.9735291577704879,0.9362328968232103
21,498,Present/Unseen/Left,Unseen,0.9729627395331106,0.8520771308166295
21,500,Present/Seen/Right,Seen,0.9743448432959456,0.9081809748210167
21,502,Present/Unseen/Left,Unseen,0.9759595659552428,0.9634081962628354
21,503,Present/Unseen/Right,Unseen,0.9712359800064687,0.9414926321986216
21,505,Present/Unseen/Right,Unseen,0.9680884502098427,0.7644148745597744
21,506,Present/Unseen/Right,Unseen,0.9684419174653486,0.8827589205065288
21,507,Present/Unseen/Left,Unseen,0.9688708958351054,0.9064277296958795
21,508,Present/Unseen/Left,Unseen,0.9741868583095374,0.8082460026882022
21,510,Present/Unseen/Right,Unseen,0.983064032048471,1.0528236976448273
21,511,Present/Unseen/Left,Unseen,0.9767985041810231,0.9748042895762264
21,513,Present/Unseen/Left,Unseen,0.9811557964494705,0.9783107798265006
21,515,Present/Unseen/Right,Unseen,0.969857569257124,0.9134407101964279
21,516,Present/Unseen/Left,Unseen,0.9688008604305163,0.8012330221876536
21,517,Present/Unseen/Left,Unseen,0.963702181728342,0.8661030918177265
21,519,Present/Unseen/Right,Unseen,0.9671452465974231,0.9274666711975247
21,521,Present/Unseen/Right,Unseen,0.9735441701113396,1.0124990597666739
21,524,Present/Seen/Right,Seen,0.9744339234495376,0.9669146865131094
21,525,Present/Seen/Right,Seen,0.9743102810390581,0.8582134887546095
21,526,Present/Seen/Left,Seen,0.97419817114367,0.9791874023890691
21,527,Present/Seen/Left,Seen,0.9726185507948749,0.8731160723182748
21,528,Present/Unseen/Left,Unseen,0.9782110758294338,0.9187004455718392
21,529,Present/Unseen/Right,Unseen,0.9787728019870198,0.9134407101964279
21,531,Present/Unseen/Right,Unseen,0.9794650823071552,0.9660380639505409
21,533,Present/Unseen/Left,Unseen,0.9735286883908619,0.9125640876338593
21,534,Present/Unseen/Right,Unseen,0.978344792715725,0.9169472004467023
21,535,Present/Seen/Left,Seen,0.966444908154137,0.8441875277535126
21,536,Present/Unseen/Left,Unseen,0.968349286352685,0.9371095193857788
21,538,Present/Unseen/Right,Unseen,0.9748589712838293,0.9607783285751298
21,540,Present/Unseen/Right,Unseen,0.9796208786860394,0.9230835583846821
21,542,Present/Unseen/Left,Unseen,0.9730847890337087,0.7837005709362828
21,543,Present/Unseen/Right,Unseen,0.9783472744645401,0.8301615667524158
21,545,Present/Unseen/Left,Unseen,0.9743600965095252,0.9143173327589964
21,546,Present/Unseen/Right,Unseen,0.9763383799536635,0.9739276670136578
21,549,Present/Seen/Left,Seen,0.969579954446364,0.8231485862518676
21,550,Present/Unseen/Right,Unseen,0.9649080785676362,0.9213303132595448
21,551,Present/Seen/Left,Seen,0.9820429221779198,0.9362328968232102
21,552,Present/Unseen/Right,Unseen,0.9783482735177367,0.8284083216272788
21,553,Present/Unseen/Left,Unseen,0.9722063084019288,0.7837005709362825
21,554,Present/Unseen/Left,Unseen,0.9706257657936533,0.8678563369428632
21,555,Present/Unseen/Right,Unseen,0.9754757716317239,0.9292199163226618
21,558,Present/Unseen/Right,Unseen,0.9840730791259252,0.9870770054521861
21,559,Present/Seen/Left,Seen,0.9746164347364595,0.8406810375032384
21,560,Present/Seen/Left,Seen,0.9765237724638968,0.9073043522584482
21,562,Present/Unseen/Right,Unseen,0.9820118442750505,1.0116224372041054
21,564,Present/Unseen/Left,Unseen,0.9741838879532695,0.9318497840103676
21,566,Present/Unseen/Right,Unseen,0.9756488478933972,0.8564602436294722
21,568,Present/Unseen/Right,Unseen,0.9661109810581268,0.8275316990647101
21,569,Present/Unseen/Left,Unseen,0.9772795165123788,0.8398044149406697
21,570,Present/Unseen/Left,Unseen,0.9663902157280949,0.8038628898753593
21,571,Present/Unseen/Left,Unseen,0.977836774311156,0.8950316363824883
21,574,Present/Unseen/Right,Unseen,0.9797469202800242,0.9160705778841337
21,575,Present/Seen/Right,Seen,0.9609665826858681,0.8178888508764562
21,577,Present/Unseen/Right,Unseen,0.965886654884612,0.6986681823671335
21,579,Present/Unseen/Right,Unseen,0.971136455043443,0.8327914344401214
21,580,Present/Unseen/Left,Unseen,0.966441155074355,0.8818822979439601
21,581,Present/Unseen/Left,Unseen,0.9796882195272691,0.8652264692551578
21,582,Present/Unseen/Left,Unseen,0.9712184294056011,0.8459407728786495
21,583,Present/Unseen/Right,Unseen,0.9668622480455844,0.7705512324977544
21,585,Present/Unseen/Right,Unseen,0.9642445941744087,0.7801940806860085
21,586,Present/Unseen/Left,Unseen,0.9746194433409002,0.8406810375032383
21,588,Present/Unseen/Left,Unseen,0.9764711184836368,0.8327914344401213
21,591,Present/Unseen/Right,Unseen,0.9780003777485002,0.929219916322662
21,592,Present/Unseen/Left,Unseen,0.9711826953116776,0.857336866192041
21,593,Present/Unseen/Right,Unseen,0.9716358319146492,0.8476940180037866
21,595,Present/Unseen/Left,Unseen,0.9732653963331063,0.7644148745597744
21,596,Present/Seen/Left,Seen,0.9720712484426677,0.7942200416871052
21,597,Present/Seen/Right,Seen,0.9735221494882239,0.835421302127827
21,599,Present/Unseen/Right,Unseen,0.9712242767243366,0.8319148118775528
22,1,Present/Unseen/Left,Unseen,0.9459084646169701,0.7775642129983028
22,2,Present/Unseen/Right,Unseen,0.9606354894009733,0.8099992478133392
22,4,Present/Seen/Left,Seen,0.9719478136086154,0.7933434191245368
22,5,Present/Unseen/Right,Unseen,0.9630232057200274,0.771427855060323
22,6,Present/Seen/Left,Seen,0.9610187103106794,0.6977915598045649
22,7,Present/Seen/Left,Seen,0.9639277879649213,0.6513305639884317
22,10,Present/Unseen/Right,Unseen,0.9539201681118238,0.6872720890537423
22,11,Present/Unseen/Right,Unseen,0.9490699478942447,0.7451291781832665
22,12,Present/Seen/Left,Seen,0.9129205795230949,0.5996098327968876
22,13,Present/Unseen/Right,Unseen,0.9614916031642544,0.7424993104955607
22,16,Present/Seen/Right,Seen,0.9502927973557337,0.717077256181073
22,17,Present/Seen/Left,Seen,0.9517149043914169,0.6522071865510003
22,18,Present/Unseen/Left,Unseen,0.9721919613915007,0.7302265946196013
22,19,Present/Seen/Right,Seen,0.9622758012484901,0.678505863428057
22,20,Present/Unseen/Left,Unseen,0.9182426718493375,0.6574669219264118
22,22,Present/Unseen/Right,Unseen,0.9576455008561936,0.7644148745597747
22,25,Present/Unseen/Right,Unseen,0.9509080613163292,0.744252555620698
22,26,Present/Unseen/Left,Unseen,0.9677949308185319,0.717077256181073
22,27,Present/Seen/Right,Seen,0.9533823822529818,0.6074994358600042
22,29,Present/Unseen/Left,Unseen,0.960429449298763,0.7687979873726174
22,30,Present/Seen/Right,Seen,0.9702282743742903,0.7389928202452866
22,31,Present/Unseen/Left,Unseen,0.9018226832364447,0.6311682450493552
22,33,Present/Seen/Left,Seen,0.9352439488717961,0.6311682450493552
22,35,Present/Seen/Right,Seen,0.9665892087618995,0.6872720890537422
22,36,Present/Unseen/Right,Unseen,0.9626098473660475,0.6381812255499035
22,38,Present/Seen/Left,Seen,0.9622916333642868,0.6688630152398028
22,39,Present/Seen/Right,Seen,0.9209524139728269,0.5750644010449683
22,40,Present/Seen/Left,Seen,0.9590991576513608,0.7004214274922707
22,42,Present/Unseen/Right,Unseen,0.9523324185066051,0.7275967269318957
22,43,Present/Seen/Right,Seen,0.9520625569700335,0.6285383773616495
22,45,Present/Seen/Left,Seen,0.961374231619066,0.7083110305553875
22,47,Present/Unseen/Left,Unseen,0.9484921098578415,0.6758759957403513
22,48,Present/Seen/Right,Seen,0.9532336360302361,0.8091226252507708
22,49,Present/Unseen/Right,Unseen,0.9500034215510434,0.6951616921168593
22,50,Present/Unseen/Left,Unseen,0.9540967332331828,0.7065577854302504
22,51,Present/Seen/Left,Seen,0.9313458489985527,0.6118825486728471
22,55,Present/Seen/Left,Seen,0.9654732796856804,0.6513305639884318
22,56,Present/Seen/Right,Seen,0.9364131570432883,0.6899019567414479
22,58,Present/Seen/Left,Seen,0.9645171123145648,0.5592851949187342
22,59,Present/Seen/Right,Seen,0.9247482527094998,0.6706162603649399
22,60,Present/Unseen/Left,Unseen,0.9564926733872443,0.7521421586838148
22,61,Present/Unseen/Right,Unseen,0.9609431544841349,0.7609083843095005
22,62,Present/Unseen/Left,Unseen,0.9578759660750947,0.7880836837491254
22,63,Present/Unseen/Right,Unseen,0.9528781360739241,0.9134407101964279
22,68,Present/Unseen/Left,Unseen,0.9626701177012833,0.7915901739993998
22,69,Present/Seen/Right,Seen,0.9625960683157505,0.7538954038089521
22,70,Present/Unseen/Right,Unseen,0.9523493582448831,0.7249668592441899
22,71,Present/Unseen/Left,Unseen,0.944565589546963,0.7232136141190529
22,72,Present/Seen/Left,Seen,0.9121261296234299,0.5601618174813027
22,73,Present/Unseen/Left,Unseen,0.9068715807343216,0.6487006963007261
22,76,Present/Unseen/Right,Unseen,0.9180113864833173,0.6390578481124722
22,77,Present/Unseen/Right,Unseen,0.9317298038557429,0.5592851949187341
22,79,Present/Seen/Right,Seen,0.9630794450160256,0.746005800745835
22,80,Present/Seen/Left,Seen,0.9636506294076272,0.5987332102343188
22,81,Present/Seen/Left,Seen,0.9589062706511053,0.7048045403051133
22,82,Present/Seen/Right,Seen,0.9103416106935514,0.6267851322365126
22,84,Present/Seen/Left,Seen,0.9626697784548275,0.5925968522963392
22,87,Present/Seen/Right,Seen,0.9494786815202879,0.6811357311157623
22,88,Present/Seen/Right,Seen,0.9439918977027629,0.7039279177425447
22,89,Present/Seen/Left,Seen,0.9543221505902315,0.6443175834878834
22,92,Present/Seen/Left,Seen,0.96008981457661,0.6495773188632947
22,93,Present/Unseen/Right,Unseen,0.939223112597599,0.7223369915564842
22,94,Present/Unseen/Left,Unseen,0.9050125702322215,0.6346747352996294
22,95,Present/Unseen/Right,Unseen,0.9101675839019491,0.6224020194236698
22,97,Present/Seen/Left,Seen,0.9449251731987828,0.6592201670515486
22,98,Present/Seen/Right,Seen,0.9511921192764453,0.6364279804247666
22,100,Present/Seen/Right,Seen,0.9603385015308766,0.7319798397447383
22,101,Present/Seen/Left,Seen,0.9495607289011514,0.6890253341788796
22,102,Present/Seen/Right,Seen,0.9441276516217794,0.7188305013062103
22,104,Present/Seen/Left,Seen,0.9492774805164313,0.6285383773616495
22,105,Present/Seen/Right,Seen,0.9422898528377498,0.6977915598045649
22,107,Present/Seen/Left,Seen,0.955519709426474,0.6434409609253148
22,110,Present/Unseen/Right,Unseen,0.964342244495145,0.7924667965619682
22,111,Present/Unseen/Left,Unseen,0.9443327461504096,0.6504539414258632
22,112,Present/Unseen/Right,Unseen,0.9548175702664651,0.7661681196849116
22,113,Present/Seen/Left,Seen,0.950648300569912,0.6679863926772344
22,114,Present/Seen/Right,Seen,0.9345251680890044,0.709187653117956
22,116,Present/Seen/Right,Seen,0.9421169724079156,0.7056811628676818
22,118,Present/Seen/Left,Seen,0.9509753213316726,0.6916552018665851
22,119,Present/Seen/Left,Seen,0.9584476095860327,0.6899019567414479
22,120,Present/Unseen/Left,Unseen,0.9594661935092815,0.7126941433682302
22,123,Present/Seen/Left,Seen,0.9551732452649645,0.6697396378023712
22,124,Present/Seen/Right,Seen,0.9570647304560197,0.6215253968611011
22,125,Present/Seen/Right,Seen,0.9626937261970143,0.6732461280526456
22,127,Present/Seen/Left,Seen,0.9509449614105921,0.5601618174813027
22,129,Present/Unseen/Right,Unseen,0.9437731074955463,0.7337330848698755
22,130,Present/Seen/Left,Seen,0.9553662361098222,0.7389928202452867
22,131,Present/Seen/Right,Seen,0.9323956386630575,0.618018906610827
22,133,Present/Seen/Right,Seen,0.9595422491782257,0.646947451175589
22,134,Present/Unseen/Right,Unseen,0.9684755452484323,0.761785006872069
22,135,Present/Seen/Left,Seen,0.9595388633062801,0.5671747979818512
22,137,Present/Seen/Left,Seen,0.9485922447522888,0.6907785793040165
22,139,Present/Unseen/Left,Unseen,0.9387569626505904,0.6592201670515488
22,140,Present/Seen/Left,Seen,0.9654981490869221,0.6478240737381576
22,141,Present/Unseen/Right,Unseen,0.9535956087138542,0.697791559804565
22,142,Present/Seen/Right,Seen,0.9571558783590127,0.7249668592441898
22,144,Present/Unseen/Left,Unseen,0.9468323640195856,0.715324011055936
22,146,Present/Seen/Left,Seen,0.9474247727927195,0.571557910794694
22,147,Present/Unseen/Right,Unseen,0.9673975602414778,0.6741227506152142
22,149,Present/Unseen/Right,Unseen,0.9701528886674136,0.7986031544999478
22,151,Present/Seen/Left,Seen,0.9688568335693319,0.5242202924159923
22,152,Present/Seen/Right,Seen,0.9396636443122596,0.590843607171202
22,153,Present/Seen/Right,Seen,0.9591465208752413,0.6574669219264117
22,155,Present/Seen/Left,Seen,0.9617063133773827,0.6618500347392545
22,157,Present/Seen/Right,Seen,0.9425047036425371,0.6188955291733954
22,159,Present/Seen/Left,Seen,0.9407349667166969,0.6487006963007261
22,160,Present/Unseen/Left,Unseen,0.9669537136668815,0.7687979873726175
22,161,Present/Seen/Right,Seen,0.9553317947284686,0.6145124163605529
22,162,Present/Unseen/Right,Unseen,0.9418676720198641,0.6048695681722986
22,163,Present/Seen/Right,Seen,0.9515764993501005,0.6679863926772341
22,165,Present/Seen/Left,Seen,0.9496648779216612,0.5925968522963392
22,166,Present/Seen/Left,Seen,0.9601967869437792,0.6995448049297018
22,168,Present/Unseen/Left,Unseen,0.9511285884380023,0.7223369915564845
22,169,Present/Seen/Left,Seen,0.933114409234192,0.6259085096739442
22,171,Present/Unseen/Right,Unseen,0.9507373612942822,0.769674609935186
22,172,Present/Unseen/Right,Unseen,0.9418390480639922,0.6320448676119238
22,175,Present/Seen/Left,Seen,0.9785812693067854,0.7950966642496738
22,176,Present/Seen/Right,Seen,0.9512235345271872,0.5987332102343189
22,178,Present/Seen/Left,Seen,0.9564993412154468,0.6723695054900769
22,179,Present/Unseen/Right,Unseen,0.9612717147753681,0.8003563996250851
22,180,Present/Unseen/Left,Unseen,0.9672182524897442,0.8196420960015932
22,181,Present/Seen/Right,Seen,0.9608371385761029,0.7784408355608715
22,182,Present/Seen/Left,Seen,0.9572386857675194,0.6855188439286052
22,185,Present/Seen/Right,Seen,0.9280059318670396,0.6381812255499035
22,186,Present/Unseen/Right,Unseen,0.939924540437958,0.6767526183029196
22,189,Present/Seen/Right,Seen,0.928394469849591,0.6416877158001777
22,190,Present/Unseen/Left,Unseen,0.9465178914740605,0.6408110932376094
22,191,Present/Unseen/Left,Unseen,0.948361915318286,0.6881487116163109
22,192,Present/Seen/Right,Seen,0.9593406047812832,0.6381812255499035
22,194,Present/Seen/Left,Seen,0.9515966312915263,0.7004214274922704
22,195,Present/Seen/Right,Seen,0.9622053757097142,0.6793824859906256
22,196,Present/Seen/Left,Seen,0.9693021719027755,0.7521421586838151
22,199,Present/Unseen/Right,Unseen,0.969341148009338,0.8029862673127909
22,201,Present/Seen/Left,Seen,0.9316709787532818,0.6513305639884318
22,202,Present/Seen/Left,Seen,0.9538302980409806,0.7083110305553876
22,203,Present/Unseen/Right,Unseen,0.9393257555407479,0.7048045403051134
22,204,Present/Seen/Left,Seen,0.9546958388813862,0.8073693801256334
22,205,Present/Seen/Right,Seen,0.9484857467477168,0.6706162603649402
22,206,Present/Seen/Left,Seen,0.9513096665733992,0.7389928202452867
22,208,Present/Unseen/Right,Unseen,0.9572368623429408,0.8108758703759078
22,210,Present/Seen/Left,Seen,0.9561959087150215,0.582954004108085
22,211,Present/Seen/Right,Seen,0.9618678016418353,0.6837655988034681
22,213,Present/Seen/Right,Seen,0.9651246361667626,0.7284733494944643
22,214,Present/Unseen/Left,Unseen,0.939824825418158,0.7398694428078552
22,216,Present/Seen/Right,Seen,0.9670305726392077,0.697791559804565
22,217,Present/Seen/Right,Seen,0.9640389079621401,0.7670447422474803
22,218,Present/Unseen/Left,Unseen,0.9414180546062749,0.6855188439286053
22,219,Present/Unseen/Left,Unseen,0.9681153663726173,0.8178888508764559
22,223,Present/Unseen/Right,Unseen,0.9651753045998271,0.8801290528188229
22,224,Present/Unseen/Right,Unseen,0.9525257593461617,0.7530187812463836
22,225,Present/Seen/Left,Seen,0.9473631637743316,0.7030512951799763
22,226,Present/Unseen/Left,Unseen,0.9583209702272645,0.8222719636892989
22,228,Present/Unseen/Left,Unseen,0.9588729864671058,0.8608433564423149
22,229,Present/Unseen/Right,Unseen,0.9686117580775282,0.9037978620081739
22,231,Present/Seen/Right,Seen,0.964846180057595,0.7617850068720687
22,233,Present/Seen/Left,Seen,0.9341153430448419,0.7214603689939159
22,234,Present/Seen/Right,Seen,0.9637598627429972,0.7994797770625164
22,235,Present/Seen/Right,Seen,0.9615141147887815,0.7731811001854602
22,238,Present/Unseen/Left,Unseen,0.9574397387967442,0.7030512951799762
22,239,Present/Unseen/Right,Unseen,0.9655190883401571,0.8967848815076257
22,240,Present/Unseen/Left,Unseen,0.9787467962541901,0.8494472631289238
22,241,Present/Unseen/Right,Unseen,0.9754851013746504,0.8836355430690973
22,243,Present/Seen/Left,Seen,0.9805013262743673,0.9037978620081738
22,245,Present/Seen/Left,Seen,0.9623294332444455,0.83366805700269
22,246,Present/Seen/Right,Seen,0.970165407288616,0.8064927575630648
22,247,Present/Unseen/Right,Unseen,0.9685199906050507,0.852953753379198
22,250,Present/Seen/Left,Seen,0.9634930164966496,0.6662331475520972
22,251,Present/Seen/Left,Seen,0.9668320088534372,0.7065577854302503
22,252,Present/Unseen/Right,Unseen,0.9609852453999636,0.7793174581234399
22,255,Present/Seen/Right,Seen,0.963830279141455,0.8459407728786497
22,256,Present/Seen/Left,Seen,0.9349365799452736,0.7179538787436415
22,258,Present/Seen/Left,Seen,0.9657278691619612,0.740746065370424
22,259,Present/Seen/Left,Seen,0.9709204559119362,0.6460708286130203
22,260,Present/Seen/Right,Seen,0.9422194193475745,0.7433759330581293
22,261,Present/Unseen/Right,Unseen,0.9731699051129427,0.8512005082540609
22,263,Present/Seen/Left,Seen,0.9524098909364846,0.6250318871113753
22,265,Present/Unseen/Left,Unseen,0.9710600899843265,0.8240252088144359
22,266,Present/Seen/Right,Seen,0.9551289237879079,0.7170772561810731
22,267,Present/Seen/Right,Seen,0.9495033666907097,0.761785006872069
22,269,Present/Unseen/Left,Unseen,0.9611867901972887,0.7503889135586779
22,271,Present/Seen/Right,Seen,0.9519164553993124,0.7346097074324439
22,272,Present/Seen/Left,Seen,0.9150417549724013,0.6574669219264118
22,273,Present/Unseen/Right,Unseen,0.9686401617583437,0.8503238856914924
22,275,Present/Unseen/Right,Unseen,0.9686747329860463,0.9309731614477987
22,277,Present/Seen/Right,Seen,0.959824884471059,0.701298050054839
22,278,Present/Seen/Left,Seen,0.9690391175363622,0.6969149372419964
22,279,Present/Unseen/Left,Unseen,0.9610522828502768,0.7959732868122424
22,281,Present/Seen/Right,Seen,0.9627060146592038,0.7153240110559358
22,282,Present/Seen/Right,Seen,0.9679161192383449,0.6495773188632947
22,283,Present/Seen/Left,Seen,0.9449651924369129,0.7021746726174077
22,286,Present/Unseen/Left,Unseen,0.9450195560157012,0.627661754799081
22,287,Present/Unseen/Right,Unseen,0.965943586414974,0.8652264692551578
22,288,Present/Unseen/Left,Unseen,0.948130069638036,0.77931745812344
22,289,Present/Unseen/Left,Unseen,0.9359997231525672,0.6557136768012747
22,291,Present/Seen/Right,Seen,0.9580965902782025,0.5864604943583591
22,293,Present/Seen/Left,Seen,0.9589871276335183,0.6662331475520972
22,295,Present/Seen/Right,Seen,0.9708502251186981,0.6671097701146657
22,297,Present/Unseen/Right,Unseen,0.9674867362464322,0.7775642129983029
22,298,Present/Seen/Left,Seen,0.96250575766136,0.7354863299950125
22,299,Present/Unseen/Left,Unseen,0.9675209227905842,0.8117524929384763
22,301,Present/Unseen/Right,Unseen,0.9710050573719983,0.83366805700269
22,302,Present/Seen/Right,Seen,0.9686555457280552,0.7705512324977546
22,304,Present/Seen/Left,Seen,0.964539482483569,0.7486356684335407
22,306,Present/Seen/Left,Seen,0.9298251601736235,0.6031163230471617
22,307,Present/Seen/Left,Seen,0.9754024016193049,0.7346097074324441
22,309,Present/Unseen/Right,Unseen,0.9674608959738175,0.77318110018546
22,310,Present/Unseen/Right,Unseen,0.964163727233808,0.8170122283138875
22,312,Present/Seen/Left,Seen,0.9738094431618248,0.6758759957403513
22,313,Present/Seen/Right,Seen,0.9319921252732045,0.7030512951799763
22,314,Present/Unseen/Left,Unseen,0.9522800110809472,0.6820123536783309
22,316,Present/Unseen/Right,Unseen,0.9691435381019922,0.8406810375032383
22,318,Present/Seen/Left,Seen,0.9656689247260737,0.6460708286130206
22,320,Present/Seen/Left,Seen,0.9721236987980655,0.6434409609253149
22,321,Present/Unseen/Right,Unseen,0.9567315823019191,0.7801940806860085
22,322,Present/Unseen/Right,Unseen,0.9483020073280112,0.713570765930799
22,323,Present/Seen/Left,Seen,0.9585549787686679,0.790713551436831
22,324,Present/Unseen/Left,Unseen,0.9514808981721495,0.8415576600658068
22,327,Present/Unseen/Right,Unseen,0.9718726659392799,0.8354213021278271
22,328,Present/Unseen/Right,Unseen,0.9640547609809461,0.8319148118775528
22,329,Present/Seen/Left,Seen,0.9674844659998841,0.8757459400059805
22,330,Present/Seen/Left,Seen,0.9676755210138069,0.6855188439286051
22,332,Present/Unseen/Right,Unseen,0.9690160141827827,0.82753169906471
22,334,Present/Seen/Right,Seen,0.9803072986575488,0.769674609935186
22,335,Present/Seen/Left,Seen,0.9596269986677949,0.7968499093748109
22,336,Present/Seen/Left,Seen,0.9718503053133625,0.8503238856914923
22,337,Present/Unseen/Right,Unseen,0.9527878024372235,0.7661681196849117
22,340,Present/Seen/Left,Seen,0.9569211311593867,0.7398694428078552
22,341,Present/Unseen/Right,Unseen,0.9715767387987384,0.8485706405663552
22,343,Present/Unseen/Right,Unseen,0.9695742237894954,0.8696095820680005
22,344,Present/Seen/Left,Seen,0.9733686355625426,0.6504539414258633
22,346,Present/Unseen/Left,Unseen,0.9510155248905767,0.8135057380636135
22,348,Present/Unseen/Right,Unseen,0.9790570118302556,0.9520121029494439
22,350,Present/Unseen/Right,Unseen,0.9746545921940171,0.9309731614477991
22,351,Present/Seen/Left,Seen,0.9782961306172342,0.8564602436294723
22,352,Present/Unseen/Right,Unseen,0.9735160823958979,0.8774991851311174
22,354,Present/Unseen/Left,Unseen,0.9814836526068503,0.9625315737002665
22,355,Present/Seen/Right,Seen,0.9800968421607049,0.7828239483737143
22,356,Present/Unseen/Left,Unseen,0.9730615469857865,0.913440710196428
22,359,Present/Unseen/Right,Unseen,0.9638250991206113,0.8178888508764562
22,360,Present/Seen/Left,Seen,0.9685044435817437,0.8389277923781012
22,361,Present/Unseen/Right,Unseen,0.9663686177300553,0.8047395124379279
22,363,Present/Seen/Left,Seen,0.9767977549066083,0.7258434818067586
22,364,Present/Unseen/Right,Unseen,0.9794970855060051,0.9020446168830367
22,365,Present/Seen/Left,Seen,0.960030215668736,0.648700696300726
22,367,Present/Seen/Right,Seen,0.9586405224239468,0.6390578481124721
22,369,Present/Unseen/Left,Unseen,0.9639847836407881,0.7635382519972064
22,370,Present/Seen/Right,Seen,0.9588268207934718,0.753895403808952
22,371,Present/Unseen/Left,Unseen,0.9799586360560749,0.8739926948808433
22,373,Present/Seen/Left,Seen,0.9780519524830988,0.8459407728786495
22,374,Present/Seen/Right,Seen,0.9653663104156854,0.8003563996250852
22,376,Present/Seen/Left,Seen,0.9366519135722257,0.656590299363843
22,378,Present/Seen/Right,Seen,0.951844815083908,0.7100642756805248
22,379,Present/Unseen/Right,Unseen,0.9613083169358327,0.7451291781832665
22,381,Present/Seen/Left,Seen,0.9531303114883308,0.6969149372419965
22,383,Present/Unseen/Right,Unseen,0.9561618549651502,0.7977265319373794
22,384,Present/Seen/Left,Seen,0.9624386321513717,0.7705512324977545
22,385,Present/Seen/Left,Seen,0.9595613698133919,0.6074994358600042
22,386,Present/Seen/Right,Seen,0.9567282873792405,0.808246002688202
22,389,Present/Seen/Left,Seen,0.9612865394325065,0.7609083843095005
22,390,Present/Unseen/Right,Unseen,0.973800017964255,0.7766875904357344
22,391,Present/Seen/Left,Seen,0.9574878592049987,0.7933434191245367
22,392,Present/Seen/Right,Seen,0.9634330414295382,0.7950966642496737
22,394,Present/Seen/Left,Seen,0.9669792068914564,0.7495122909961093
22,395,Present/Unseen/Right,Unseen,0.9666585081103654,0.8871420333193714
22,396,Present/Seen/Left,Seen,0.9355742192821553,0.7766875904357343
22,398,Present/Seen/Right,Seen,0.9610178055748894,0.8722394497557062
22,400,Present/Unseen/Right,Unseen,0.9574111450183852,0.8459407728786495
22,402,Present/Seen/Right,Seen,0.965340831289159,0.8187654734390248
22,403,Present/Unseen/Left,Unseen,0.9675329605165317,0.866979714380295
22,404,Present/Unseen/Left,Unseen,0.9670854065939932,0.8231485862518675
22,406,Present/Unseen/Left,Unseen,0.9401116437756696,0.7591551391843633
22,407,Present/Seen/Left,Seen,0.970908211382887,0.6110059261102786
22,409,Present/Unseen/Right,Unseen,0.9760418115076928,0.8257784539395729
22,410,Present/Seen/Right,Seen,0.9781385311478195,0.8547069985043351
22,413,Present/Seen/Right,Seen,0.9823187524602042,0.8336680570026901
22,414,Present/Seen/Left,Seen,0.9605769024936611,0.6706162603649399
22,415,Present/Unseen/Left,Unseen,0.9736924607965842,0.825778453939573
22,417,Present/Seen/Right,Seen,0.9644206702544661,0.8564602436294722
22,418,Present/Unseen/Right,Unseen,0.9638910856961954,0.9011679943204681
22,419,Present/Unseen/Left,Unseen,0.9734641952464941,0.781070703248577
22,420,Present/Unseen/Right,Unseen,0.9660741437312601,0.8766225625685488
22,422,Present/Unseen/Left,Unseen,0.9742631569547251,0.8959082589450569
22,424,Present/Unseen/Right,Unseen,0.9787545114465331,0.9318497840103674
22,426,Present/Seen/Left,Seen,0.9811915986083919,0.8108758703759078
22,428,Present/Seen/Left,Seen,0.9799112229821177,0.8608433564423149
22,429,Present/Unseen/Right,Unseen,0.9629386977641103,0.8389277923781013
22,430,Present/Unseen/Left,Unseen,0.95591831247997,0.7942200416871054
22,432,Present/Seen/Left,Seen,0.9743430610290676,0.7749343453105974
22,433,Present/Seen/Right,Seen,0.950157282652909,0.7100642756805245
22,435,Present/Seen/Right,Seen,0.9559266300453831,0.7162006336185044
22,437,Present/Seen/Right,Seen,0.973688644125784,0.8012330221876536
22,438,Present/Unseen/Right,Unseen,0.9643964035691139,0.8222719636892988
22,439,Present/Unseen/Left,Unseen,0.9681318812176503,0.8099992478133393
22,440,Present/Seen/Left,Seen,0.9610360228231815,0.7223369915564843
22,442,Present/Seen/Right,Seen,0.9647653544494886,0.8021096447502223
22,444,Present/Seen/Right,Seen,0.9760897165197704,0.6872720890537423
22,445,Present/Unseen/Left,Unseen,0.9431026384519584,0.7302265946196012
22,446,Present/Seen/Left,Seen,0.967610508847044,0.7293499720570328
22,448,Present/Unseen/Left,Unseen,0.9729946772652711,0.7679213648100488
22,449,Present/Seen/Left,Seen,0.9446789245705135,0.7530187812463836
22,450,Present/Seen/Right,Seen,0.9793199611129327,0.8249018313770045
22,452,Present/Unseen/Right,Unseen,0.973493723293149,0.9020446168830369
22,454,Present/Seen/Left,Seen,0.9726342704326254,0.9099342199461539
22,455,Present/Unseen/Right,Unseen,0.9801866141934794,0.924836803509819
22,456,Present/Unseen/Left,Unseen,0.9744183268160604,0.8029862673127907
22,459,Present/Unseen/Right,Unseen,0.9772404575335286,0.9695445542008151
22,460,Present/Unseen/Right,Unseen,0.9720421911848062,0.7661681196849118
22,461,Present/Unseen/Left,Unseen,0.9686482145865318,0.8512005082540609
22,464,Present/Unseen/Left,Unseen,0.9596453382796303,0.8564602436294723
22,465,Present/Unseen/Right,Unseen,0.9756061278873837,0.8520771308166294
22,467,Present/Seen/Right,Seen,0.9839454814044782,0.9327264065729362
22,468,Present/Seen/Right,Seen,0.9713644979445512,0.8967848815076255
22,470,Present/Unseen/Left,Unseen,0.9741415494419746,0.9222069358221135
22,471,Present/Unseen/Left,Unseen,0.9818665007568848,0.9257134260723877
22,473,Present/Seen/Right,Seen,0.9770453512050181,0.8178888508764561
22,474,Present/Seen/Right,Seen,0.9706335868234546,0.8389277923781014
22,475,Present/Seen/Left,Seen,0.9781134450514475,0.7477590458709722
22,477,Present/Unseen/Left,Unseen,0.9798459433106418,0.9397393870734844
22,478,Present/Unseen/Left,Unseen,0.9483134021269847,0.6460708286130207
22,481,Present/Seen/Right,Seen,0.9650384272957654,0.7284733494944642
22,482,Present/Unseen/Left,Unseen,0.9651706856068242,0.6723695054900769
22,483,Present/Seen/Right,Seen,0.96013535749209,0.6311682450493551
22,484,Present/Seen/Left,Seen,0.9350016712980127,0.6425643383627464
22,485,Present/Seen/Right,Seen,0.9590519309530728,0.7083110305553876
22,486,Present/Seen/Right,Seen,0.9375786631138279,0.6636032798643916
22,487,Present/Seen/Left,Seen,0.937096272171288,0.6276617547990812
22,490,Present/Seen/Left,Seen,0.9587687809191372,0.5724345333572625
22,491,Present/Unseen/Right,Unseen,0.932689767731759,0.7267201043693271
22,493,Present/Seen/Left,Seen,0.8932089372985225,0.5698046656695569
22,494,Present/Unseen/Right,Unseen,0.9561326345448475,0.6925318244291536
22,496,Present/Seen/Right,Seen,0.9561572570659678,0.592596852296339
22,498,Present/Unseen/Right,Unseen,0.9618741346818349,0.6706162603649399
22,499,Present/Seen/Left,Seen,0.9448785533271329,0.5741877784823997
22,500,Present/Seen/Left,Seen,0.9620998287676876,0.618018906610827
22,504,Present/Unseen/Right,Unseen,0.9612747871844134,0.8687329595054323
22,505,Present/Seen/Left,Seen,0.975117310156084,0.7863304386239882
22,506,Present/Seen/Left,Seen,0.964669754574033,0.7898369288742625
22,507,Present/Unseen/Right,Unseen,0.9738632701106988,0.8029862673127905
22,508,Present/Unseen/Left,Unseen,0.9632355436586773,0.8170122283138876
22,509,Present/Unseen/Left,Unseen,0.9740322371726685,0.8029862673127908
22,510,Present/Unseen/Right,Unseen,0.9476058799760366,0.7205837464313474
22,512,Present/Seen/Right,Seen,0.9249283951196657,0.6425643383627463
22,514,Present/Seen/Right,Seen,0.9478832596740432,0.7302265946196012
22,517,Present/Unseen/Left,Unseen,0.9664602933097172,0.7574018940592262
22,518,Present/Seen/Left,Seen,0.9556137277723754,0.7424993104955608
22,519,Present/Seen/Right,Seen,0.973581838389122,0.7933434191245369
22,522,Present/Unseen/Right,Unseen,0.9505139961375493,0.7372395751201497
22,523,Present/Seen/Left,Seen,0.9731021661291366,0.7959732868122422
22,524,Present/Unseen/Right,Unseen,0.9484394135420506,0.7354863299950125
22,525,Present/Unseen/Left,Unseen,0.9721753991501186,0.7845771934988512
22,526,Present/Unseen/Right,Unseen,0.939297778886032,0.752142158683815
22,527,Present/Seen/Left,Seen,0.9529319669685592,0.7170772561810729
22,530,Present/Unseen/Left,Unseen,0.9747531254879261,0.7468824233084036
22,531,Present/Unseen/Right,Unseen,0.9762107458012251,0.8538303759417666
22,532,Present/Unseen/Left,Unseen,0.9721368634433561,0.8415576600658069
22,533,Present/Unseen/Right,Unseen,0.980039836161571,0.9099342199461538
22,534,Present/Seen/Left,Seen,0.9722873264420208,0.8503238856914923
22,535,Present/Seen/Right,Seen,0.976883148668501,0.8538303759417666
22,538,Present/Unseen/Right,Unseen,0.9748513060014004,0.916947200446702
22,539,Present/Seen/Right,Seen,0.9653900232173165,0.8152589831887507
22,540,Present/Unseen/Left,Unseen,0.9699003065547029,0.8476940180037869
22,543,Present/Unseen/Left,Unseen,0.9710398615428742,0.7784408355608715
22,545,Present/Unseen/Left,Unseen,0.9747438751070772,0.8424342826283753
22,546,Present/Unseen/Right,Unseen,0.9686950552299125,0.8284083216272787
22,547,Present/Seen/Left,Seen,0.947327349857919,0.7240902366816214
22,549,Present/Seen/Right,Seen,0.9806957951360232,0.8152589831887505
22,551,Present/Unseen/Left,Unseen,0.9507068502243518,0.7986031544999479
22,552,Present/Seen/Left,Seen,0.9704780836682241,0.6644799024269601
22,553,Present/Seen/Right,Seen,0.9640777152320255,0.6548370542387062
22,555,Present/Seen/Right,Seen,0.9631891811497342,0.7696746099351859
22,557,Present/Seen/Right,Seen,0.9640979896066046,0.8924017686947827
22,559,Present/Seen/Right,Seen,0.9612337827734093,0.7048045403051133
22,560,Present/Unseen/Left,Unseen,0.974628617087418,0.921330313259545
22,561,Present/Unseen/Left,Unseen,0.9709391212636501,0.8634732241300207
22,562,Present/Unseen/Right,Unseen,0.9743657755268109,0.8871420333193714
22,563,Present/Seen/Left,Seen,0.9680627446712629,0.7030512951799761
22,566,Present/Seen/Right,Seen,0.9683631763486982,0.8643498466925892
22,567,Present/Seen/Left,Seen,0.9716229875460719,0.8459407728786497
22,569,Present/Seen/Right,Seen,0.9657081747385134,0.7398694428078553
22,570,Present/Unseen/Left,Unseen,0.966822403069041,0.8468173954412181
22,571,Present/Seen/Left,Seen,0.9756861514213379,0.8555836210669034
22,572,Present/Seen/Right,Seen,0.961961321501009,0.7153240110559359
22,574,Present/Unseen/Left,Unseen,0.9737687958743751,0.8170122283138875
22,576,Present/Seen/Left,Seen,0.9713660834392307,0.8792524302562547
22,577,Present/Seen/Right,Seen,0.9668717854979846,0.8082460026882018
22,579,Present/Seen/Right,Seen,0.9693548741816121,0.6557136768012745
22,581,Present/Unseen/Left,Unseen,0.9746124086886613,0.8441875277535126
22,582,Present/Seen/Left,Seen,0.964973305387175,0.7451291781832665
22,583,Present/Seen/Right,Seen,0.9719091848499045,0.8064927575630649
22,584,Present/Unseen/Right,Unseen,0.9743433001035093,0.8774991851311175
22,586,Present/Unseen/Left,Unseen,0.9662357475146056,0.7258434818067584
22,587,Present/Unseen/Right,Unseen,0.9782079988392843,0.8696095820680004
22,588,Present/Seen/Left,Seen,0.9782317988363168,0.7959732868122424
22,589,Present/Seen/Right,Seen,0.965288752582064,0.8126291155010448
22,594,Present/Unseen/Left,Unseen,0.9746792542509081,0.8748693174434118
22,595,Present/Unseen/Left,Unseen,0.9732746208427521,0.8748693174434118
22,596,Present/Unseen/Right,Unseen,0.9627574832400806,0.798603154499948
22,597,Present/Seen/Right,Seen,0.9734999634713413,0.8792524302562545
23,1,Present/Unseen/Left,Unseen,0.9913989661270939,0.8485706405663551
23,2,Present/Seen/Right,Seen,0.9836814138672141,0.7907135514368312
23,3,Present/Seen/Right,Seen,0.9828142607586776,0.701298050054839
23,5,Present/Seen/Left,Seen,0.9833681494378766,0.7810707032485771
23,6,Present/Seen/Right,Seen,0.9844665056647978,0.7758109678731657
23,7,Present/Unseen/Left,Unseen,0.9876806622651152,0.8924017686947826
23,9,Present/Seen/Left,Seen,0.9816501575297,0.9292199163226618
23,10,Present/Seen/Right,Seen,0.9902477171829598,0.9844471377644801
23,12,Present/Seen/Left,Seen,0.9887091786052982,0.8967848815076254
23,14,Present/Seen/Right,Seen,0.985608045774943,0.9222069358221134
23,15,Present/Unseen/Right,Unseen,0.9900868725816576,0.8906485235696455
23,17,Present/Seen/Left,Seen,0.9852496379489887,0.8704862046305692
23,19,Present/Seen/Left,Seen,0.9875010940930765,0.7898369288742624
23,20,Present/Seen/Right,Seen,0.9831912812586501,0.8731160723182747
23,22,Present/Unseen/Right,Unseen,0.9855288261081618,0.9327264065729359
23,23,Present/Seen/Left,Seen,0.9850506708769793,0.790713551436831
23,24,Present/Seen/Left,Seen,0.9848451953209861,0.841557660065807
23,25,Present/Unseen/Left,Unseen,0.9878338393656908,0.8643498466925892
23,27,Present/Unseen/Right,Unseen,0.986251068141617,0.8739926948808432
23,28,Present/Unseen/Right,Unseen,0.981318576821679,0.8722394497557061
23,31,Present/Seen/Left,Seen,0.9854648507574564,0.8564602436294722
23,32,Present/Seen/Left,Seen,0.9879877334614415,0.8108758703759078
23,33,Present/Seen/Right,Seen,0.9869467026350838,0.8415576600658069
23,35,Present/Seen/Right,Seen,0.9883049876136093,0.8021096447502222
23,36,Present/Unseen/Left,Unseen,0.9860475176480463,0.831914811877553
23,37,Present/Unseen/Right,Unseen,0.9914105167539417,1.004609456703557
23,38,Present/Seen/Right,Seen,0.9885032840992806,0.8170122283138875
23,39,Present/Unseen/Left,Unseen,0.9906821609848762,0.9599017060125611
23,42,Present/Unseen/Left,Unseen,0.9898511039566024,0.8643498466925891
23,43,Present/Seen/Right,Seen,0.9801950461896953,0.7363629525575811
23,45,Present/Seen/Right,Seen,0.9864973279273399,0.8459407728786495
23,47,Present/Seen/Left,Seen,0.9824214989000262,0.7468824233084037
23,48,Present/Unseen/Right,Unseen,0.98401634695941,0.9783107798265004
23,51,Present/Unseen/Left,Unseen,0.9861555433795435,0.8643498466925892
23,52,Present/Seen/Right,Seen,0.9827308891853231,0.9020446168830367
23,53,Present/Seen/Left,Seen,0.9849791115302431,0.9292199163226619
23,56,Present/Seen/Left,Seen,0.9862756202584271,0.6679863926772343
23,57,Present/Seen/Left,Seen,0.9877475393286015,0.7801940806860085
23,58,Present/Seen/Right,Seen,0.9848420576113529,0.7521421586838148
23,59,Present/Unseen/Right,Unseen,0.9847461234451484,0.9616549511376983
23,60,Present/Unseen/Left,Unseen,0.9842327580426687,0.8696095820680004
23,61,Present/Seen/Right,Seen,0.9896517490751374,0.8564602436294723
23,62,Present/Seen/Right,Seen,0.9843947946560546,0.8661030918177262
23,64,Present/Unseen/Left,Unseen,0.9856762570552794,0.8389277923781013
23,66,Present/Seen/Left,Seen,0.982307312757967,0.6460708286130207
23,67,Present/Seen/Left,Seen,0.9819275573792836,0.7337330848698753
23,70,Present/Seen/Right,Seen,0.9841204209674664,0.7705512324977546
23,71,Present/Unseen/Right,Unseen,0.9804188527945803,0.8739926948808432
23,72,Present/Seen/Left,Seen,0.9864231373343983,0.7591551391843635
23,73,Present/Unseen/Right,Unseen,0.9846236885494027,0.9511354803868752
23,74,Present/Unseen/Left,Unseen,0.9886365081737518,0.824025208814436
23,75,Present/Unseen/Right,Unseen,0.9874763680702944,0.8634732241300206
23,78,Present/Seen/Left,Seen,0.9856517685710031,0.7845771934988514
23,79,Present/Seen/Right,Seen,0.9837720969399758,0.8152589831887505
23,80,Present/Seen/Right,Seen,0.9829548594002662,0.8652264692551579
23,82,Present/Seen/Left,Seen,0.9843535652003663,0.7986031544999481
23,84,Present/Unseen/Right,Unseen,0.9863460039872036,0.8459407728786497
23,86,Present/Seen/Left,Seen,0.9883830561192697,0.7801940806860085
23,88,Present/Seen/Right,Seen,0.9843534763436628,0.7872070611865568
23,89,Present/Unseen/Left,Unseen,0.9830637421463225,0.9011679943204681
23,90,Present/Unseen/Right,Unseen,0.9861864931013524,0.7661681196849116
23,91,Present/Seen/Left,Seen,0.9874277471342359,0.878375807693686
23,93,Present/Unseen/Left,Unseen,0.9874825515311569,0.901167994320468
23,94,Present/Seen/Right,Seen,0.9842046493712128,0.7968499093748109
23,97,Present/Seen/Right,Seen,0.9892604408912041,0.7968499093748108
23,98,Present/Unseen/Left,Unseen,0.9810234028772598,0.8415576600658069
23,99,Present/Seen/Right,Seen,0.9794811113570313,0.6960383146794279
23,100,Present/Seen/Left,Seen,0.9798267780559226,0.6793824859906255
23,102,Present/Seen/Right,Seen,0.9853032046665854,0.7319798397447382
23,103,Present/Unseen/Left,Unseen,0.9844241378570883,0.8555836210669036
23,104,Present/Seen/Right,Seen,0.9846978501777904,0.6951616921168593
23,106,Present/Seen/Left,Seen,0.9802199060540403,0.8073693801256334
23,110,Present/Unseen/Right,Unseen,0.9844837108434961,0.8871420333193714
23,111,Present/Seen/Left,Seen,0.9814363306995004,0.7907135514368312
23,112,Present/Unseen/Left,Unseen,0.9862264853475131,0.8678563369428635
23,113,Present/Seen/Right,Seen,0.9837566390885423,0.7784408355608715
23,114,Present/Seen/Right,Seen,0.9829053176563604,0.7135707659307989
23,116,Present/Unseen/Left,Unseen,0.9827212678624859,0.9108108425087224
23,117,Present/Seen/Right,Seen,0.9807766458234775,0.7907135514368312
23,119,Present/Seen/Left,Seen,0.9767680994219684,0.8739926948808431
23,120,Present/Seen/Right,Seen,0.9897015480493295,0.8669797143802949
23,122,Present/Seen/Left,Seen,0.9881356946847221,0.8362979246903955
23,123,Present/Seen/Left,Seen,0.9810803679405381,0.8704862046305689
23,125,Present/Seen/Right,Seen,0.9868012944262168,0.7810707032485773
23,127,Present/Unseen/Left,Unseen,0.9807852856789135,0.9178238230092707
23,129,Present/Seen/Right,Seen,0.9789225654391335,0.831914811877553
23,130,Present/Unseen/Right,Unseen,0.9847347353353515,0.9116874650712907
23,131,Present/Seen/Left,Seen,0.9864537278568895,0.77931745812344
23,132,Present/Seen/Right,Seen,0.9818773111543515,0.7389928202452867
23,135,Present/Unseen/Left,Unseen,0.9870758200988168,0.8249018313770047
23,136,Present/Unseen/Left,Unseen,0.9808120446244414,0.9187004455718392
23,137,Present/Seen/Right,Seen,0.98847957229275,0.8459407728786494
23,138,Present/Seen/Left,Seen,0.9752571201708476,0.8319148118775529
23,140,Present/Seen/Right,Seen,0.9815472472328277,0.825778453939573
23,141,Present/Seen/Right,Seen,0.9833551392606183,0.8976615040701941
23,142,Present/Seen/Left,Seen,0.9888114670537123,0.8555836210669036
23,145,Present/Seen/Right,Seen,0.9843879930376843,0.8003563996250851
23,146,Present/Seen/Left,Seen,0.9767143493749393,0.9300965388852304
23,147,Present/Seen/Left,Seen,0.9884192129710129,0.8485706405663552
23,149,Present/Seen/Right,Seen,0.9890810576435005,0.8950316363824883
23,150,Present/Seen/Right,Seen,0.9857702681908517,0.8757459400059804
23,151,Present/Unseen/Left,Unseen,0.9791785781020249,0.8924017686947827
23,152,Present/Seen/Left,Seen,0.9851684138597255,0.8345446795652586
23,153,Present/Unseen/Right,Unseen,0.9818082915891257,0.8292849441898474
23,156,Present/Seen/Right,Seen,0.9864154066978102,0.7591551391843635
23,157,Present/Seen/Left,Seen,0.9827847545116365,0.8056161350004964
23,158,Present/Seen/Right,Seen,0.986231779899003,0.8424342826283755
23,159,Present/Seen/Left,Seen,0.9820074201570572,0.8275316990647101
23,162,Present/Unseen/Right,Unseen,0.978564585490549,0.796849909374811
23,163,Present/Seen/Right,Seen,0.9783013883547411,0.8108758703759079
23,165,Present/Seen/Left,Seen,0.9815049493691201,0.891525146132214
23,166,Present/Unseen/Left,Unseen,0.9857313088114705,0.7056811628676818
23,168,Present/Seen/Left,Seen,0.9901413252903145,0.8494472631289238
23,169,Present/Unseen/Left,Unseen,0.9828738559453202,0.8774991851311175
23,172,Present/Seen/Right,Seen,0.9894961482511782,0.8135057380636134
23,173,Present/Seen/Right,Seen,0.9821716672145653,0.8091226252507705
23,174,Present/Unseen/Left,Unseen,0.9836884755471206,0.7994797770625166
23,175,Present/Seen/Right,Seen,0.9829939591816488,0.8266550765021417
23,176,Present/Seen/Right,Seen,0.9820875888386305,0.8371745472529643
23,177,Present/Unseen/Left,Unseen,0.9868430724520288,0.8187654734390248
23,180,Present/Unseen/Left,Unseen,0.9878236182482462,0.9204536906969764
23,181,Present/Seen/Right,Seen,0.9917927533233064,0.9371095193857788
23,182,Present/Unseen/Left,Unseen,0.9844231592054815,0.8722394497557062
23,183,Present/Seen/Right,Seen,0.9870048415377883,0.8590901113171779
23,186,Present/Unseen/Left,Unseen,0.985457034914655,0.9485056126991698
23,188,Present/Seen/Left,Seen,0.9868108240954636,0.915193955321565
23,189,Present/Unseen/Right,Unseen,0.9872470815493689,0.905551107133311
23,191,Present/Unseen/Right,Unseen,0.9876847244492759,1.0002263438907142
23,192,Present/Seen/Right,Seen,0.9895886855723088,0.921330313259545
23,194,Present/Seen/Left,Seen,0.9873368145723252,0.8722394497557061
23,196,Present/Seen/Left,Seen,0.9900200653418935,0.9862003828896175
23,197,Present/Seen/Right,Seen,0.9868359576080047,0.8617199790048837
23,199,Present/Unseen/Left,Unseen,0.9860165626730618,0.964284818825404
23,200,Present/Unseen/Left,Unseen,0.9876870796563888,0.9151939553215651
23,201,Present/Unseen/Right,Unseen,0.9891764509386537,0.8652264692551579
23,202,Present/Seen/Right,Seen,0.9874206120545891,0.8021096447502222
23,204,Present/Unseen/Left,Unseen,0.9832615433037301,0.9975964762030087
23,205,Present/Seen/Right,Seen,0.9877824568482203,0.8292849441898472
23,206,Present/Seen/Right,Seen,0.9839509894562137,0.8713628271931375
23,209,Present/Unseen/Left,Unseen,0.9844941762773657,0.8617199790048836
23,211,Present/Seen/Left,Seen,0.9785769305257433,0.814382360626182
23,212,Present/Unseen/Left,Unseen,0.9885803741068178,0.884512165631666
23,213,Present/Seen/Right,Seen,0.9847710321863342,0.8424342826283755
23,215,Present/Seen/Right,Seen,0.9882914554131469,0.857336866192041
23,216,Present/Seen/Right,Seen,0.9907550290374603,0.9344796516980731
23,217,Present/Seen/Left,Seen,0.9865450945334316,0.8503238856914923
23,219,Present/Unseen/Right,Unseen,0.9846800142288975,0.8661030918177265
23,221,Present/Seen/Left,Seen,0.9829618511026347,0.8468173954412183
23,222,Present/Seen/Right,Seen,0.9809341817172521,0.7468824233084036
23,224,Present/Seen/Left,Seen,0.986867674333974,0.8932783912573512
23,225,Present/Seen/Right,Seen,0.9881278684287256,0.880129052818823
23,227,Present/Seen/Left,Seen,0.9868488387111599,0.691655201866585
23,229,Present/Seen/Left,Seen,0.9850777956896563,0.8029862673127908
23,231,Present/Seen/Right,Seen,0.982864809716686,0.6723695054900771
23,232,Present/Seen/Right,Seen,0.9866296214964494,0.8599667338797464
23,233,Present/Unseen/Left,Unseen,0.9874844754329912,0.8678563369428636
23,236,Present/Unseen/Right,Unseen,0.9921810191935857,0.9669146865131094
23,237,Present/Unseen/Left,Unseen,0.9826806095451498,0.7880836837491254
23,238,Present/Unseen/Right,Unseen,0.9861228715678491,0.8380511698155327
23,239,Present/Seen/Left,Seen,0.9833996093761013,0.7933434191245367
23,242,Present/Seen/Right,Seen,0.9857642999477823,0.9248368035098189
23,243,Present/Seen/Left,Seen,0.9867052491443838,0.8029862673127908
23,244,Present/Seen/Right,Seen,0.9895202816452531,0.9160705778841336
23,245,Present/Seen/Left,Seen,0.9878518300028785,0.7828239483737142
23,246,Present/Seen/Right,Seen,0.983227972410004,0.835421302127827
23,248,Present/Seen/Left,Seen,0.9922993009162497,0.932726406572936
23,249,Present/Unseen/Right,Unseen,0.991971631273158,0.8906485235696455
23,250,Present/Seen/Left,Seen,0.980954307824758,0.8836355430690973
23,252,Present/Unseen/Left,Unseen,0.9873342494952108,0.9300965388852304
23,253,Present/Unseen/Left,Unseen,0.9891933358539263,0.8003563996250852
23,256,Present/Seen/Right,Seen,0.988512901391285,0.9274666711975248
23,257,Present/Seen/Right,Seen,0.9896391522611027,0.8249018313770045
23,258,Present/Seen/Left,Seen,0.9882017589632354,0.9002913717578997
23,259,Present/Seen/Right,Seen,0.9874531610812586,0.8380511698155327
23,260,Present/Seen/Right,Seen,0.9883652475950727,0.8573368661920407
23,262,Present/Unseen/Left,Unseen,0.9896319518770932,0.9002913717578996
23,265,Present/Unseen/Left,Unseen,0.9896535065069954,1.0072393243912625
23,266,Present/Seen/Right,Seen,0.9882505081010332,0.8731160723182747
23,267,Present/Unseen/Right,Unseen,0.9879081312921206,0.9502588578243069
23,269,Present/Seen/Left,Seen,0.9904493288617214,0.8862654107568028
23,271,Present/Seen/Right,Seen,0.9853056112172655,0.9467523675740328
23,272,Present/Unseen/Left,Unseen,0.990986767932187,0.9695445542008152
23,274,Present/Seen/Right,Seen,0.9880043449996856,0.9371095193857785
23,275,Present/Seen/Left,Seen,0.9875246943874056,0.8503238856914924
23,276,Present/Seen/Left,Seen,0.981548012359542,0.6302916224867866
23,277,Present/Seen/Right,Seen,0.9853179257016283,0.7898369288742625
23,278,Present/Seen/Left,Seen,0.9883399142431962,0.9143173327589964
23,281,Present/Seen/Right,Seen,0.985262671612901,0.8424342826283754
23,282,Present/Seen/Left,Seen,0.988936573987301,0.7012980500548391
23,283,Present/Unseen/Right,Unseen,0.9885022764585859,0.950258857824307
23,285,Present/Unseen/Right,Unseen,0.9863311709592931,0.8783758076936858
23,287,Present/Seen/Left,Seen,0.9872121561072341,0.8818822979439601
23,288,Present/Unseen/Right,Unseen,0.9876334349278622,0.9651614413879722
23,290,Present/Unseen/Left,Unseen,0.9867894083487232,0.8371745472529643
23,291,Present/Seen/Right,Seen,0.9841365716303344,0.8117524929384763
23,292,Present/Unseen/Left,Unseen,0.9875754947902246,0.9090575973835853
23,294,Present/Unseen/Right,Unseen,0.9860440508746772,0.9090575973835852
23,295,Present/Unseen/Left,Unseen,0.9866658879715794,0.8696095820680005
23,298,Present/Unseen/Left,Unseen,0.9850018853958745,0.9336030291355045
23,299,Present/Unseen/Right,Unseen,0.9877031285124902,0.808246002688202
23,300,Present/Unseen/Right,Unseen,0.9877966709375978,0.940616009636053
23,301,Present/Seen/Right,Seen,0.9855142060141718,0.8932783912573512
23,302,Present/Unseen/Left,Unseen,0.9874239092650459,0.8362979246903955
23,303,Present/Seen/Left,Seen,0.9802209129434584,0.7661681196849118
23,307,Present/Seen/Right,Seen,0.9857368509811059,0.7845771934988511
23,309,Present/Unseen/Left,Unseen,0.9836065927590228,0.8652264692551578
23,310,Present/Seen/Right,Seen,0.9811775218697687,0.8091226252507707
23,311,Present/Seen/Left,Seen,0.9856716591853585,0.8310381893149843
23,313,Present/Seen/Right,Seen,0.9869891280165556,0.755648648934089
23,315,Present/Unseen/Right,Unseen,0.9866065036823516,0.8783758076936858
23,316,Present/Unseen/Left,Unseen,0.9828604682714922,0.9169472004467021
23,317,Present/Unseen/Left,Unseen,0.9847667575855911,0.8827589205065287
23,320,Present/Unseen/Right,Unseen,0.9873919719132126,0.77931745812344
23,321,Present/Seen/Right,Seen,0.9859611558088447,0.8187654734390246
23,322,Present/Seen/Left,Seen,0.9871271983681004,0.8827589205065287
23,323,Present/Unseen/Left,Unseen,0.9861846535739692,0.8713628271931377
23,324,Present/Seen/Right,Seen,0.9825269088253986,0.769674609935186
23,327,Present/Unseen/Right,Unseen,0.984545844173157,0.8704862046305689
23,328,Present/Unseen/Left,Unseen,0.9848480779505167,0.8704862046305691
23,329,Present/Seen/Left,Seen,0.9849735932104704,0.8722394497557061
23,330,Present/Seen/Left,Seen,0.9827330740825675,0.8774991851311175
23,331,Present/Seen/Left,Seen,0.9834353834290808,0.7740577227480285
23,332,Present/Seen/Right,Seen,0.9878314303425193,0.8003563996250852
23,334,Present/Seen/Right,Seen,0.9827991605472571,0.8774991851311176
23,336,Present/Unseen/Right,Unseen,0.9826246059267236,0.8135057380636134
23,337,Present/Seen/Left,Seen,0.9860260599342971,0.9134407101964278
23,338,Present/Unseen/Right,Unseen,0.9783580790442307,0.88801865588194
23,340,Present/Seen/Left,Seen,0.9882761224131911,0.82753169906471
23,343,Present/Unseen/Right,Unseen,0.9835732888733091,0.8871420333193716
23,344,Present/Seen/Left,Seen,0.981914718197459,0.8634732241300207
23,345,Present/Unseen/Right,Unseen,0.9884087250220417,0.913440710196428
23,347,Present/Unseen/Left,Unseen,0.9862377890746618,0.8047395124379277
23,348,Present/Seen/Left,Seen,0.9820433891510402,0.8678563369428633
23,349,Present/Seen/Right,Seen,0.9834708906674748,0.8021096447502222
23,350,Present/Unseen/Right,Unseen,0.9903236450911745,0.8126291155010448
23,351,Present/Seen/Left,Seen,0.9803910738185577,0.7118175208056617
23,354,Present/Seen/Left,Seen,0.9883085006866639,0.852953753379198
23,355,Present/Seen/Right,Seen,0.977358486285809,0.8222719636892987
23,357,Present/Seen/Right,Seen,0.9810110458923103,0.8731160723182746
23,358,Present/Seen/Left,Seen,0.9844390680257676,0.8398044149406698
23,360,Present/Unseen/Left,Unseen,0.9791783527815542,0.9213303132595448
23,361,Present/Unseen/Left,Unseen,0.9867731377597242,0.9449991224488955
23,364,Present/Unseen/Right,Unseen,0.9870014794818543,0.9002913717578996
23,365,Present/Seen/Right,Seen,0.9866323224666139,0.9169472004467021
23,366,Present/Unseen/Right,Unseen,0.9865798651376226,0.8739926948808431
23,367,Present/Seen/Left,Seen,0.9846178204310968,0.9309731614477988
23,368,Present/Unseen/Left,Unseen,0.9846191351404523,0.9458757450114643
23,371,Present/Unseen/Right,Unseen,0.9861818647559059,0.897661504070194
23,373,Present/Unseen/Left,Unseen,0.9870783668567211,0.9528887255120125
23,374,Present/Seen/Left,Seen,0.9883290511709639,0.9292199163226618
23,376,Present/Seen/Right,Seen,0.9844976680855986,0.8853887881942345
23,377,Present/Unseen/Right,Unseen,0.9800080687417607,0.9449991224488956
23,378,Present/Unseen/Left,Unseen,0.9826544457002565,0.9818172700767748
23,380,Present/Unseen/Right,Unseen,0.9808747501977029,0.9712977993259523
23,382,Present/Seen/Left,Seen,0.9817190631151099,0.8389277923781012
23,383,Present/Seen/Right,Seen,0.9847122390995166,0.9160705778841335
23,384,Present/Unseen/Left,Unseen,0.9793308657402103,0.9423692547611899
23,385,Present/Seen/Left,Seen,0.9862133618872626,0.8064927575630649
23,387,Present/Seen/Right,Seen,0.9868691235972826,0.8748693174434117
23,388,Present/Unseen/Right,Unseen,0.9875834875725522,0.8924017686947828
23,391,Present/Unseen/Left,Unseen,0.9857330112042391,0.8774991851311174
23,392,Present/Unseen/Left,Unseen,0.9796527214596376,0.8757459400059803
23,393,Present/Unseen/Right,Unseen,0.9842740056851558,0.9327264065729359
23,395,Present/Unseen/Right,Unseen,0.98778442869091,0.9835705152019119
23,397,Present/Unseen/Right,Unseen,0.9857135307782129,0.9064277296958794
23,398,Present/Unseen/Left,Unseen,0.9762325639418569,0.8161356057513193
23,400,Present/Seen/Left,Seen,0.984227971150816,0.9300965388852304
23,401,Present/Seen/Right,Seen,0.9840872422732198,0.8617199790048835
23,403,Present/Seen/Left,Seen,0.986903150247167,0.99671985364044
23,404,Present/Unseen/Right,Unseen,0.9888617290265459,0.9353562742606416
23,405,Present/Seen/Left,Seen,0.9897619728731439,0.9835705152019117
23,406,Present/Seen/Right,Seen,0.9824590592928331,0.8967848815076253
23,410,Present/Unseen/Right,Unseen,0.9904831489739444,0.9765575347013636
23,411,Present/Seen/Left,Seen,0.9845946715340708,0.9414926321986214
23,412,Present/Seen/Left,Seen,0.9789386650699411,0.771427855060323
23,413,Present/Unseen/Right,Unseen,0.9829765554388398,0.9274666711975247
23,415,Present/Seen/Right,Seen,0.9875096728489304,0.8967848815076255
23,417,Present/Unseen/Right,Unseen,0.9886717652447806,0.8757459400059805
23,418,Present/Unseen/Left,Unseen,0.9792367909529222,0.8319148118775528
23,419,Present/Unseen/Left,Unseen,0.9857527354883486,0.9187004455718392
23,422,Present/Seen/Right,Seen,0.9889802463750713,0.9809406475142064
23,423,Present/Seen/Right,Seen,0.9864546444422315,0.8205187185641617
23,424,Present/Unseen/Left,Unseen,0.9899963829558287,0.9336030291355045
23,425,Present/Seen/Left,Seen,0.9896563177067779,0.9783107798265005
23,427,Present/Seen/Right,Seen,0.9908314152817581,0.9563952157622867
23,428,Present/Seen/Right,Seen,0.9899087087565914,0.9599017060125611
23,430,Present/Seen/Left,Seen,0.9841126293772922,0.9634081962628354
23,431,Present/Seen/Left,Seen,0.981817682268822,0.8678563369428633
23,432,Present/Unseen/Right,Unseen,0.9928585831291357,1.0151289274543795
23,433,Present/Seen/Right,Seen,0.9902168732564761,0.8643498466925891
23,434,Present/Seen/Left,Seen,0.9882912565853113,0.9108108425087224
23,436,Present/Seen/Left,Seen,0.9849114324024308,0.7416226879329925
23,438,Present/Seen/Left,Seen,0.9909222044486269,0.8021096447502221
23,439,Present/Seen/Right,Seen,0.9884004614409512,0.9607783285751298
23,440,Present/Seen/Right,Seen,0.9861564755745259,0.9599017060125611
23,443,Present/Seen/Left,Seen,0.9863838522236923,0.8625966015674522
23,444,Present/Seen/Right,Seen,0.9890679209041442,0.8766225625685491
23,445,Present/Seen/Right,Seen,0.98239840455108,0.8117524929384763
23,446,Present/Seen/Left,Seen,0.9846102702764875,0.8249018313770045
23,448,Present/Seen/Left,Seen,0.9824545659920288,0.8362979246903955
23,450,Present/Seen/Right,Seen,0.9842202182684774,0.8362979246903957
23,451,Present/Unseen/Left,Unseen,0.9812704476850035,0.878375807693686
23,452,Present/Seen/Right,Seen,0.9854792254713163,0.8152589831887505
23,455,Present/Unseen/Left,Unseen,0.9833753641383178,0.8906485235696457
23,457,Present/Seen/Left,Seen,0.9833863467630748,0.8003563996250851
23,458,Present/Unseen/Left,Unseen,0.9838551844867222,0.8485706405663552
23,459,Present/Seen/Right,Seen,0.9850861748242757,0.7486356684335408
23,460,Present/Seen/Right,Seen,0.9848356987386292,0.7740577227480286
23,462,Present/Unseen/Left,Unseen,0.9830199657886635,0.889771901007077
23,465,Present/Unseen/Right,Unseen,0.9817159211457198,0.8371745472529643
23,466,Present/Seen/Left,Seen,0.9861146041126181,0.9029212394456052
23,467,Present/Seen/Right,Seen,0.9817366028557757,0.808246002688202
23,470,Present/Seen/Left,Seen,0.9805492433828584,0.8485706405663552
23,471,Present/Seen/Left,Seen,0.9864882384828966,0.9476289901366013
23,472,Present/Unseen/Right,Unseen,0.9896879572457757,0.9327264065729358
23,473,Present/Seen/Right,Seen,0.9777689655611776,0.8897719010070773
23,476,Present/Seen/Left,Seen,0.9830953277435266,0.8468173954412183
23,477,Present/Seen/Right,Seen,0.988317808426006,0.8056161350004966
23,478,Present/Seen/Left,Seen,0.9899889785613422,0.8739926948808433
23,479,Present/Unseen/Right,Unseen,0.9830395394308354,0.8485706405663553
23,482,Present/Seen/Right,Seen,0.9885324909755563,0.9222069358221133
23,483,Present/Unseen/Right,Unseen,0.989544359734043,0.9704211767633837
23,484,Present/Seen/Left,Seen,0.9846464517564693,0.8590901113171777
23,485,Present/Unseen/Left,Unseen,0.985542210864474,0.9502588578243069
23,486,Present/Unseen/Right,Unseen,0.9839202915554497,0.934479651698073
23,487,Present/Unseen/Left,Unseen,0.9858153806056332,0.9791874023890692
23,489,Present/Unseen/Left,Unseen,0.9850321337146,1.0054860792661255
23,491,Present/Seen/Right,Seen,0.9887970141076192,0.9046744845707423
23,494,Present/Unseen/Left,Unseen,0.9868430229459457,0.9449991224488957
23,495,Present/Unseen/Left,Unseen,0.9851186941219604,0.9090575973835852
23,496,Present/Seen/Right,Seen,0.9886809361975751,0.8959082589450569
23,497,Present/Seen/Right,Seen,0.989211461035259,0.8108758703759079
23,500,Present/Unseen/Left,Unseen,0.9844274866725417,1.0186354177046537
23,501,Present/Unseen/Right,Unseen,0.9888265587773393,0.8555836210669037
23,502,Present/Seen/Right,Seen,0.9839125912940656,0.9020446168830366
23,503,Present/Seen/Left,Seen,0.9828172128213163,0.9073043522584482
23,505,Present/Seen/Left,Seen,0.9831975086893467,0.9993497213281458
23,506,Present/Seen/Right,Seen,0.9881378200054275,0.9397393870734845
23,507,Present/Unseen/Left,Unseen,0.9863809134761086,0.9485056126991699
23,508,Present/Seen/Right,Seen,0.9884622878921142,0.7766875904357342
23,511,Present/Unseen/Left,Unseen,0.9805915118235269,0.9300965388852303
23,512,Present/Unseen/Left,Unseen,0.988056407076468,1.0396743592062991
23,513,Present/Seen/Right,Seen,0.9847891334590974,0.9563952157622866
23,514,Present/Unseen/Right,Unseen,0.9828525061825127,0.9809406475142061
23,516,Present/Seen/Right,Seen,0.9874809328406641,0.9090575973835853
23,517,Present/Unseen/Right,Unseen,0.9867118062770229,0.9520121029494443
23,518,Present/Unseen/Left,Unseen,0.9874607193599544,0.9274666711975246
23,519,Present/Unseen/Left,Unseen,0.9896056430779173,0.958148460887424
23,522,Present/Unseen/Right,Unseen,0.9828888522062591,0.8818822979439602
23,523,Present/Unseen/Right,Unseen,0.9886448769657226,0.9397393870734841
23,526,Present/Unseen/Left,Unseen,0.9840022648400544,0.9914601182650287
23,527,Present/Unseen/Left,Unseen,0.9820813921745497,0.8424342826283755
23,528,Present/Seen/Right,Seen,0.9839599727578938,0.9449991224488956
23,529,Present/Seen/Left,Seen,0.9814886031668618,0.8757459400059806
23,531,Present/Seen/Left,Seen,0.9835756834537928,0.8450641503160812
23,532,Present/Unseen/Right,Unseen,0.9873525193830706,0.8590901113171779
23,534,Present/Unseen/Left,Unseen,0.984300446621103,0.9195770681344079
23,536,Present/Seen/Right,Seen,0.9841543106636851,1.0195120402672224
23,537,Present/Unseen/Right,Unseen,0.9903090445104894,1.0037328341409886
23,538,Present/Seen/Left,Seen,0.9815028971419744,0.9686679316382466
23,540,Present/Unseen/Right,Unseen,0.9893829316277241,1.0151289274543795
23,541,Present/Unseen/Right,Unseen,0.9830870216117232,0.8941550138199199
23,543,Present/Unseen/Left,Unseen,0.9870844947687577,0.9204536906969765
23,545,Present/Unseen/Left,Unseen,0.9861753805431341,0.8433109051909439
23,547,Present/Seen/Right,Seen,0.9878638014904996,0.9441224998863271
23,548,Present/Unseen/Left,Unseen,0.987864750732178,0.8661030918177263
23,550,Present/Seen/Left,Seen,0.9903839504657631,1.0309081335806136
23,551,Present/Unseen/Right,Unseen,0.9888945914553927,0.9914601182650287
23,552,Present/Unseen/Left,Unseen,0.9904799518627241,0.9081809748210168
23,555,Present/Seen/Left,Seen,0.984383191324721,0.8924017686947826
23,556,Present/Unseen/Right,Unseen,0.9877955495038956,0.8406810375032383
23,557,Present/Seen/Right,Seen,0.9874102886588676,0.9844471377644803
23,559,Present/Unseen/Right,Unseen,0.987798254660339,0.9265900486349562
23,560,Present/Seen/Left,Seen,0.9872274937650791,0.930973161447799
23,562,Present/Seen/Left,Seen,0.9867527461057762,1.0501938299571216
23,563,Present/Seen/Right,Seen,0.9868434602181482,0.8599667338797464
23,566,Present/Seen/Left,Seen,0.9840169492319226,0.8950316363824884
23,567,Present/Seen/Left,Seen,0.9848549383364779,0.9292199163226618
23,568,Present/Seen/Right,Seen,0.9842036301901538,0.8731160723182748
23,569,Present/Seen/Right,Seen,0.9863615336647946,0.9029212394456052
23,570,Present/Unseen/Left,Unseen,0.988366185583297,0.9730510444510891
23,571,Present/Seen/Right,Seen,0.9875026745286914,0.9862003828896173
23,572,Present/Seen/Right,Seen,0.9868191061119417,0.9064277296958795
23,573,Present/Seen/Left,Seen,0.9864691946627615,0.9756809121387948
23,576,Present/Seen/Left,Seen,0.9865349809124782,0.9371095193857787
23,577,Present/Unseen/Right,Unseen,0.9861749312693623,0.9765575347013635
23,578,Present/Unseen/Right,Unseen,0.9868100952899498,0.9537653480745811
23,579,Present/Unseen/Left,Unseen,0.9890068822196247,0.9975964762030086
23,583,Present/Unseen/Left,Unseen,0.9893477573533351,0.9669146865131095
23,584,Present/Seen/Right,Seen,0.9875007632251672,0.8722394497557061
23,585,Present/Seen/Right,Seen,0.9857354456265411,0.8494472631289237
23,587,Present/Seen/Left,Seen,0.9876076998799826,1.0905184678352746
23,588,Present/Seen/Left,Seen,0.9840353659581783,0.9081809748210167
23,590,Present/Seen/Right,Seen,0.9881587767608337,0.8485706405663551
23,591,Present/Seen/Left,Seen,0.9849604693956651,0.940616009636053
23,593,Present/Seen/Right,Seen,0.9848384400840944,0.9712977993259522
23,595,Present/Seen/Right,Seen,0.9884480299775668,0.9222069358221133
23,596,Present/Seen/Right,Seen,0.9857055522619873,0.9046744845707423
23,597,Present/Seen/Left,Seen,0.9854993474333157,0.9432458773237584
23,599,Present/Seen/Left,Seen,0.9882812054108417,0.8687329595054318
