subject,block,awareness,perm_entropy,lz_complexity
10,experimental,Unseen,0.9652864546635714,0.8617083687149857
10,experimental,Unseen,0.9665094507220489,0.8838034550922929
10,experimental,Unseen,0.9799279932721222,1.0033768637224267
10,experimental,Unseen,0.9702515219590838,0.9071982524329711
10,experimental,Unseen,0.963044682975412,0.9162962291765686
10,experimental,Unseen,0.9732102165485563,0.9864806211986034
10,experimental,Seen,0.983215637175684,0.9565872690410698
10,experimental,Seen,0.9723349112067129,0.9578869800044412
10,experimental,Unseen,0.9720486190771067,0.9669849567480382
10,experimental,Seen,0.9802620366077092,1.0449676145502993
10,experimental,Unseen,0.9855594737726799,1.0618638570741226
10,experimental,Unseen,0.9815346656507409,1.025471950099734
10,experimental,Unseen,0.98157878329149,0.9851809102352325
10,experimental,Unseen,0.9638891237580596,0.9708840896381512
10,experimental,Seen,0.9702769160963004,0.8864028770190349
10,experimental,Unseen,0.9696718140573362,0.894201142799261
10,experimental,Seen,0.9767791042402333,0.9890800431253454
10,experimental,Unseen,0.9619641638579943,0.9214950730300523
10,experimental,Unseen,0.9657629018481847,0.9929791760154585
10,experimental,Seen,0.9693301877042387,0.8019216643999187
10,experimental,Unseen,0.9688647527913156,0.9513884251875858
10,experimental,Seen,0.9659224528425251,0.8721060564219535
10,experimental,Unseen,0.9569356330123582,0.890302009909148
10,experimental,Unseen,0.9644256280588449,0.9006996976161161
10,experimental,Unseen,0.9755612920134082,1.0527658803305253
10,experimental,Unseen,0.9806678139583508,1.0007774417956847
10,experimental,Seen,0.9846521867267267,1.0046765746857977
10,experimental,Unseen,0.9639022975465933,0.9513884251875859
10,experimental,Seen,0.9705458478244489,0.886402877019035
10,experimental,Unseen,0.9658759868490969,1.0020771527590557
10,experimental,Unseen,0.9739969468834059,0.9227947839934235
10,experimental,Unseen,0.9738781274463456,1.0059762856491685
10,experimental,Seen,0.9714220575926358,1.026771661063105
10,experimental,Unseen,0.9730875727022392,0.9799820663817483
10,experimental,Unseen,0.9708844703156843,0.9435901594073597
10,experimental,Seen,0.9703407295266572,0.9253942059201659
10,experimental,Unseen,0.9744744771209409,0.9903797540887166
10,experimental,Unseen,0.9756634248413002,0.9812817773451196
10,experimental,Unseen,0.9674586711409122,0.9227947839934235
10,experimental,Unseen,0.9782265861758757,0.9747832225282641
10,experimental,Unseen,0.9628031321854863,0.9123970962864553
10,experimental,Unseen,0.9637596820583589,1.0007774417956845
10,experimental,Unseen,0.9750880055099362,0.952688136150957
10,experimental,Seen,0.9712729831185254,0.9370916045905049
10,experimental,Seen,0.983665420175165,0.9942788869788295
10,experimental,Seen,0.9795421079475511,0.9708840896381512
10,experimental,Seen,0.9704516670774479,0.9630858238579252
10,experimental,Seen,0.9722561031486042,1.018973395282879
10,experimental,Seen,0.9724690938789677,0.9760829334916353
10,experimental,Unseen,0.9817633927766305,1.09695605308514
10,experimental,Unseen,0.9827891564095881,1.0384690597334443
10,experimental,Seen,0.983155106081256,1.0488667474404123
10,experimental,Unseen,0.9789993716255343,1.022872528172992
10,experimental,Seen,0.9812968934733178,1.0098754185392818
10,experimental,Seen,0.9772633828088086,0.8825037441289219
10,experimental,Seen,0.9771595300946447,0.9760829334916352
10,experimental,Seen,0.9767864327246075,0.9292933388102788
10,experimental,Seen,0.9794441381918966,0.9747832225282642
10,experimental,Seen,0.973877534683969,1.0176736843195078
10,experimental,Seen,0.9768652925456913,1.0098754185392818
10,experimental,Seen,0.9777942851038001,0.9604864019311831
10,experimental,Unseen,0.9802573402172858,1.0982557640485113
10,experimental,Unseen,0.9746214769978612,0.9916794650520874
10,experimental,Unseen,0.9809074071194359,1.0566650132206383
10,experimental,Seen,0.9779783375550613,1.0696621228543484
10,experimental,Unseen,0.9782288190019135,1.0735612557444614
10,experimental,Unseen,0.9856775814044015,1.026771661063105
10,experimental,Seen,0.981884795893605,1.034569926843331
10,experimental,Seen,0.9791651337336748,0.9331924717003914
10,experimental,Unseen,0.9819244556789658,1.082659232488059
10,experimental,Seen,0.9799053394549622,1.0735612557444616
10,experimental,Seen,0.9818162786246557,1.043667903586928
10,experimental,Seen,0.981311824043686,1.0098754185392818
10,experimental,Unseen,0.9786824387128349,0.957886980004441
10,experimental,Unseen,0.9838990140985027,1.0475670364770413
10,experimental,Seen,0.9773168502148841,0.9864806211986032
10,experimental,Seen,0.9744696267667289,0.9760829334916353
10,experimental,Seen,0.973749405435579,1.0007774417956847
10,experimental,Unseen,0.972556521780706,1.0592644351473808
10,experimental,Unseen,0.9815250640385479,1.0787600995979456
10,experimental,Unseen,0.964310216201169,0.8799043222021798
10,experimental,Unseen,0.9708894255087385,0.8526103919713885
10,experimental,Seen,0.9706262791350254,0.8877025879824061
10,experimental,Seen,0.982576939723424,1.0358696378067023
10,experimental,Unseen,0.9767100844037439,0.9110973853230844
10,experimental,Unseen,0.97682277603029,0.9123970962864555
10,experimental,Unseen,0.9801276171585415,1.016373973356137
10,experimental,Seen,0.9816727407748372,0.9916794650520876
10,experimental,Unseen,0.9801679697381375,1.0683624118909778
10,experimental,Seen,0.981925659161631,1.0657629899642354
10,experimental,Seen,0.9757501542789918,0.9890800431253454
10,experimental,Seen,0.9840921372836062,1.0618638570741226
10,experimental,Seen,0.9852420223268019,1.0423681926235573
10,experimental,Seen,0.9836248762849645,0.9721838006015223
10,experimental,Seen,0.9792576387503379,0.9474892922974729
10,experimental,Unseen,0.9784194293367808,1.012474840466024
10,experimental,Seen,0.9813545304446155,1.015074262392766
10,experimental,Unseen,0.9802434244362498,0.9786823554183773
10,experimental,Seen,0.9791877178606913,0.9565872690410699
10,experimental,Seen,0.9821755088251846,0.8799043222021797
10,experimental,Seen,0.9824178872554202,1.0007774417956847
10,experimental,Seen,0.9827810342613145,0.9825814883084905
10,experimental,Seen,0.9744332554771054,0.9721838006015223
10,experimental,Seen,0.9809413816713547,0.9474892922974728
10,experimental,Unseen,0.9713633613398388,0.9669849567480382
10,experimental,Seen,0.9795456762026016,0.9799820663817482
10,experimental,Unseen,0.9627452096261919,0.9188956511033103
10,experimental,Seen,0.9750139023909218,0.9838811992718612
10,experimental,Seen,0.9710846071323163,0.8812040331655508
10,experimental,Seen,0.9791906767096011,0.9357918936271337
10,experimental,Unseen,0.971144939623495,0.9188956511033104
10,experimental,Seen,0.9776755567820586,0.9344921826637627
10,experimental,Seen,0.975580022959515,1.0241722391363628
10,experimental,Unseen,0.971390588546653,0.9799820663817485
10,experimental,Unseen,0.9724615539128157,0.9136968072498264
10,experimental,Seen,0.9797787829457859,0.9227947839934236
10,experimental,Seen,0.9829521740051964,0.9591866909678118
10,experimental,Seen,0.978488138231184,1.0046765746857977
10,experimental,Seen,0.981100839897471,0.9773826444550063
10,experimental,Unseen,0.9781139661279272,0.9201953620666814
10,experimental,Seen,0.9278602701514145,0.895500853762632
10,experimental,Unseen,0.9660789884155506,0.9084979633963424
10,experimental,Unseen,0.9638119376444236,0.889002298945777
10,experimental,Seen,0.9606616159028893,0.7655297574255303
10,experimental,Seen,0.9602068097527282,0.8019216643999189
10,experimental,Seen,0.9719329405438879,0.9630858238579251
10,experimental,Unseen,0.9654061221211785,0.8877025879824061
10,experimental,Seen,0.9708853424702395,0.8864028770190349
10,experimental,Seen,0.9681513299807929,0.8838034550922929
10,experimental,Unseen,0.9732065294653747,0.9071982524329714
10,experimental,Seen,0.9665477948828285,0.9097976743597133
10,experimental,Unseen,0.9586833678508957,0.7798265780226115
10,experimental,Unseen,0.958712475912819,0.7746277341691274
10,experimental,Unseen,0.9652177053895385,0.9019994085794871
10,experimental,Unseen,0.9802523419667549,1.0358696378067023
10,experimental,Unseen,0.9793096341105026,0.9162962291765685
10,experimental,Unseen,0.9684626936428993,0.9773826444550062
10,experimental,Seen,0.976638469899206,0.8773049002754377
10,experimental,Unseen,0.9838556389199351,1.024172239136363
10,experimental,Unseen,0.97608270479664,0.9942788869788295
10,experimental,Unseen,0.9780864877439267,1.0085757075759108
10,experimental,Seen,0.9728836346119355,0.9734835115648933
10,experimental,Seen,0.9813238705363752,1.0046765746857977
10,experimental,Unseen,0.9720874949353027,1.0449676145502995
10,experimental,Unseen,0.9813053182999881,1.0735612557444616
10,experimental,Seen,0.974243061033022,0.9045988305062294
10,experimental,Unseen,0.9743389645798859,0.9721838006015221
10,experimental,Seen,0.9803286567306794,0.9149965182131973
10,experimental,Seen,0.9612874521300795,0.8851031660556641
10,experimental,Seen,0.9735319935180023,0.9825814883084903
10,experimental,Unseen,0.9807570521547656,1.094356631158398
10,experimental,Seen,0.978340035916178,1.0176736843195078
10,experimental,Seen,0.9797380939492538,0.9838811992718614
10,experimental,Seen,0.9824137159895086,0.9266939168835366
10,experimental,Unseen,0.9767521942864102,0.9357918936271336
10,experimental,Unseen,0.9805794715918071,1.0904574982682849
10,experimental,Unseen,0.9753439045712556,0.9916794650520876
10,experimental,Unseen,0.9762614199149503,1.0033768637224267
10,experimental,Unseen,0.9738693151176612,1.0033768637224267
10,experimental,Seen,0.9779169848199247,1.1333479600595289
10,experimental,Seen,0.9520289439581823,0.825316461740597
10,experimental,Unseen,0.959848272859695,0.9071982524329711
10,experimental,Seen,0.9583032602514092,0.8929014318358901
10,experimental,Seen,0.9703283949231093,0.8435124152277915
10,experimental,Seen,0.9732918164372025,1.0553653022572673
10,experimental,Seen,0.9726042671016542,0.9747832225282641
10,experimental,Seen,0.9456248757327295,0.7707286012790142
10,experimental,Seen,0.9764481985210133,0.8643077906417277
10,experimental,Unseen,0.9725253204959549,0.9461895813341019
10,experimental,Seen,0.9548226765227849,0.8721060564219539
10,experimental,Unseen,0.9715149157779421,0.9708840896381511
10,experimental,Unseen,0.9649883261503449,0.9318927607370205
10,experimental,Seen,0.9765430498827521,0.9305930497736496
10,experimental,Seen,0.9592466163337209,0.8539101029347597
10,experimental,Seen,0.971091699958597,0.9864806211986034
10,experimental,Seen,0.9744187387416667,0.9877803321619745
10,experimental,Seen,0.9703663196210883,0.8981002756893741
10,experimental,Seen,0.9781314474579708,0.95658726904107
10,experimental,Unseen,0.966734328995511,0.8630080796783567
10,experimental,Seen,0.9806626965577983,0.9448898703707309
10,experimental,Seen,0.9798753611288318,1.029371082989847
10,experimental,Unseen,0.980371730988659,1.0033768637224267
10,experimental,Seen,0.9710619890782368,0.8435124152277914
10,experimental,Unseen,0.9778901691547199,1.038469059733444
10,experimental,Seen,0.9845780058930698,1.1086534517554794
10,experimental,Seen,0.9736331216209619,1.037169348770073
10,experimental,Seen,0.9863165438993493,1.089157787304914
10,experimental,Seen,0.9830871739017742,0.9838811992718616
10,experimental,Seen,0.9808872289044587,1.0410684816601863
10,experimental,Seen,0.9797049577661079,1.0618638570741226
10,experimental,Unseen,0.9780553147180058,1.031970504916589
10,experimental,Unseen,0.9836954810844953,1.0696621228543484
10,experimental,Unseen,0.979188584124683,1.029371082989847
10,experimental,Unseen,0.9820289219694941,1.04626732551367
10,experimental,Unseen,0.9777226335693264,1.1047543188653661
10,experimental,Unseen,0.9731400405938876,1.0462673255136703
10,experimental,Seen,0.9771567744219675,0.9279936278469074
10,experimental,Seen,0.9751603469381964,0.9071982524329711
10,experimental,Seen,0.9825565630320893,1.034569926843331
10,experimental,Unseen,0.9806681191899644,0.9799820663817483
10,experimental,Unseen,0.9789180524072442,1.043667903586928
10,experimental,Unseen,0.9710179501276659,0.9292933388102788
10,experimental,Seen,0.9827414128940684,0.9292933388102785
10,experimental,Seen,0.9629028541630071,0.8838034550922929
10,experimental,Seen,0.9700754534412868,0.8552098138981304
10,experimental,Seen,0.9700520680831097,0.9955785979422004
10,experimental,Seen,0.9791911208226691,0.9162962291765685
10,experimental,Seen,0.9777773875857547,1.018973395282879
10,experimental,Unseen,0.9692807606771642,0.8097199301801448
10,experimental,Seen,0.9750211560816473,0.8916017208725189
10,experimental,Seen,0.9769717363570187,0.9500887142242148
10,experimental,Seen,0.9727076525276412,1.024172239136363
10,experimental,Seen,0.9734182413920643,0.9487890032608439
10,experimental,Seen,0.9800057558653524,0.9890800431253456
10,experimental,Seen,0.9843264096081703,0.9773826444550061
10,experimental,Seen,0.9801530789347325,0.9981780198689426
10,experimental,Seen,0.9792783718759408,0.9994777308323136
10,experimental,Unseen,0.9823971871788649,1.0839589434514298
10,experimental,Unseen,0.9798004288118355,1.038469059733444
10,experimental,Seen,0.9771823826109646,0.9747832225282642
10,experimental,Seen,0.9770931830973484,0.9929791760154586
10,experimental,Seen,0.9838263272282961,1.047567036477041
10,experimental,Seen,0.9780724836326824,1.0631635680374936
10,experimental,Unseen,0.9791847241458256,1.1437456477664967
10,experimental,Seen,0.9792105166887387,0.9994777308323136
10,experimental,Seen,0.9694349097093199,0.8474115481179042
10,experimental,Seen,0.9747034177884023,0.952688136150957
10,experimental,Unseen,0.9758110723376662,0.9097976743597131
10,experimental,Seen,0.976110366021972,0.9032991195428581
10,experimental,Unseen,0.979754946082668,1.1099531627188504
10,experimental,Seen,0.9852061031559717,0.9734835115648932
10,experimental,Seen,0.9713822995429341,0.9890800431253454
10,experimental,Seen,0.9827443666012107,1.0137745514293948
10,experimental,Unseen,0.970652893535538,1.0215728172096208
10,experimental,Seen,0.9747970647366809,0.8942011427992611
10,experimental,Unseen,0.980702218974164,1.03327021587996
10,experimental,Seen,0.9810608334101395,0.9890800431253456
10,experimental,Seen,0.9771322342255102,0.7681291793522722
10,experimental,Seen,0.9839177000785516,1.0475670364770413
10,experimental,Seen,0.9794664656366673,0.9487890032608436
10,experimental,Unseen,0.9596676154323245,0.8292155946307102
10,experimental,Unseen,0.9607882210012642,0.8110196411435159
10,experimental,Seen,0.9563425016554556,0.8383135713743073
10,experimental,Seen,0.9683262018017814,0.8864028770190351
10,experimental,Seen,0.9711181820267459,0.8344144384841944
10,experimental,Unseen,0.9344638476462114,0.8630080796783566
10,experimental,Seen,0.9501078981057433,0.8110196411435161
10,experimental,Seen,0.9644272735369471,0.9123970962864554
10,experimental,Seen,0.9635343898592547,0.9201953620666815
10,experimental,Seen,0.976374301855183,0.882503744128922
10,experimental,Seen,0.9693829373126267,0.895500853762632
10,experimental,Unseen,0.9806321634094678,1.0033768637224267
10,experimental,Seen,0.9829289777204365,1.026771661063105
10,experimental,Seen,0.9805891332317352,1.0202731062462496
10,experimental,Seen,0.9742572637064022,0.9981780198689426
10,experimental,Seen,0.9727511810397894,0.959186690967812
10,experimental,Seen,0.9788451253649227,0.9825814883084905
10,experimental,Unseen,0.9841500158167494,0.9968783089055716
10,experimental,Seen,0.9805139570482457,0.9370916045905047
10,experimental,Seen,0.9834115515962172,1.0930569201950269
10,experimental,Seen,0.9805124202503507,1.004676574685798
10,experimental,Seen,0.9761443028333003,1.024172239136363
10,experimental,Seen,0.9808919965205097,1.021572817209621
10,experimental,Seen,0.9856700642550148,0.9968783089055715
10,experimental,Unseen,0.967859170120349,0.9266939168835366
10,experimental,Seen,0.9775536463062403,0.9279936278469078
10,experimental,Unseen,0.977677992918957,0.9955785979422005
10,experimental,Unseen,0.9781676165843856,0.9539878471143279
10,experimental,Unseen,0.979483786964216,1.1203508504258184
10,experimental,Unseen,0.9822382780343355,1.04626732551367
10,experimental,Seen,0.9822059385747535,0.9331924717003917
10,experimental,Seen,0.976820387332141,0.964385534821296
10,experimental,Unseen,0.9603600249751963,0.8448121261911623
10,experimental,Seen,0.9841516664042488,0.9565872690410699
10,experimental,Seen,0.9802537098652819,1.025471950099734
10,experimental,Seen,0.9809851205251111,1.0072759966125397
10,experimental,Unseen,0.9807093765009146,1.015074262392766
10,experimental,Seen,0.9779813027046725,1.0852586544148008
10,experimental,Unseen,0.9819849043224778,1.0709618338177196
10,experimental,Unseen,0.9783542728153114,0.8474115481179042
10,experimental,Unseen,0.9567126424354764,0.8552098138981306
10,experimental,Unseen,0.9817602761368288,0.9864806211986032
10,experimental,Seen,0.9831300657916918,1.0085757075759105
10,experimental,Unseen,0.981324601017444,1.037169348770073
10,experimental,Seen,0.9707949819430142,0.9630858238579251
10,experimental,Seen,0.9779256997423136,1.0059762856491687
10,experimental,Unseen,0.9798861103062391,1.0059762856491687
10,experimental,Seen,0.9615639224116982,0.7330369833412547
10,experimental,Seen,0.9799866662706188,0.9552875580776989
10,experimental,Seen,0.9684298313598985,0.9877803321619744
10,experimental,Seen,0.97820595463095,0.9838811992718612
10,experimental,Unseen,0.9811266417479917,0.9422904484439889
10,experimental,Seen,0.9778178415098526,0.9305930497736495
10,experimental,Seen,0.9779435092797519,0.9643855348212962
10,experimental,Unseen,0.9820878750440367,1.0046765746857977
10,experimental,Seen,0.963944542914629,0.8331147275208233
10,experimental,Seen,0.973846474418866,0.7148410298540606
10,experimental,Unseen,0.9823450170769367,1.028071372026476
10,experimental,Seen,0.9707785646092529,0.9851809102352325
10,experimental,Unseen,0.9764689188375936,1.1073537407921086
10,experimental,Seen,0.9745306870705696,1.0137745514293948
10,experimental,Seen,0.9798873233670066,0.9058985414696002
10,experimental,Seen,0.9706126919771956,0.9448898703707306
10,experimental,Seen,0.9702994214786175,0.9929791760154585
10,experimental,Seen,0.9671957453055748,0.9617861128945541
10,experimental,Seen,0.9800018315316061,1.0605641461107516
10,experimental,Seen,0.9766720916297791,0.9669849567480383
10,experimental,Seen,0.9843425900813922,1.1281491162060446
10,experimental,Seen,0.964722717800829,0.9760829334916353
10,experimental,Unseen,0.9829764611021667,1.0462673255136703
10,experimental,Seen,0.9764288115561349,1.0085757075759108
10,experimental,Seen,0.9786407351596345,0.9929791760154585
10,experimental,Seen,0.9771546880542263,0.9643855348212962
10,experimental,Seen,0.9801528007147265,1.1177514284990764
10,experimental,Seen,0.9804903599674638,0.9682846677114091
10,experimental,Seen,0.9714319780080349,0.9370916045905048
10,experimental,Seen,0.9823380830373071,1.0072759966125397
10,experimental,Seen,0.9777371939486746,0.9721838006015221
10,experimental,Unseen,0.9798338884754701,1.025471950099734
10,experimental,Seen,0.9814684640660668,0.9773826444550061
10,experimental,Unseen,0.982024243274386,1.0475670364770413
10,experimental,Seen,0.9820947947999914,1.0813595215246878
10,experimental,Seen,0.9789474048412764,1.025471950099734
10,experimental,Seen,0.979962482104763,0.9851809102352324
10,experimental,Unseen,0.982561153797882,1.0891577873049139
10,experimental,Unseen,0.9803341898388215,1.0592644351473806
10,experimental,Seen,0.978195912594366,1.087858076341543
10,experimental,Seen,0.9554690064202308,0.7928236876563218
10,experimental,Seen,0.9681398976157661,0.9734835115648932
10,experimental,Unseen,0.9696673463947691,0.9344921826637628
10,experimental,Seen,0.9728737681586448,0.9136968072498265
10,experimental,Seen,0.9750428321572778,0.9344921826637628
10,experimental,Seen,0.9799367227988423,0.9799820663817483
10,experimental,Unseen,0.9653412504954858,0.9786823554183772
10,experimental,Unseen,0.9774839528323717,1.0345699268433313
10,experimental,Seen,0.9828203215222919,1.0046765746857977
10,experimental,Seen,0.9819514343851607,1.0514661693671543
10,experimental,Seen,0.9800414091009912,1.0072759966125397
10,experimental,Seen,0.9834079783521134,1.0540655912938965
10,experimental,Seen,0.9810469579868173,0.9968783089055715
10,experimental,Seen,0.9814779930122371,1.0020771527590557
10,experimental,Unseen,0.97612735834124,0.9760829334916352
10,experimental,Seen,0.9685300451146001,0.817518195960371
10,experimental,Seen,0.9751773986493606,0.9513884251875859
10,experimental,Seen,0.9777004244470405,0.9201953620666815
10,experimental,Unseen,0.9763733109824903,1.022872528172992
10,experimental,Seen,0.9786269595042224,1.0059762856491687
10,experimental,Seen,0.9767235052799762,0.9929791760154587
10,experimental,Seen,0.9807524853249138,1.0462673255136703
10,experimental,Seen,0.9622884866838278,0.948789003260844
10,experimental,Seen,0.9733703540264347,1.024172239136363
10,experimental,Seen,0.9808254929846935,1.0774603886345748
10,experimental,Unseen,0.9808178057450416,1.1138522956089631
10,experimental,Seen,0.977817686862134,1.0137745514293948
10,experimental,Seen,0.980338690369974,1.0202731062462498
10,experimental,Seen,0.9702638247381914,0.8968005647260031
10,experimental,Unseen,0.9764110707154148,0.9214950730300524
10,experimental,Unseen,0.9822237918272525,1.091757209231656
10,experimental,Seen,0.9791264949892644,1.0189733952828788
10,experimental,Seen,0.9811140421268318,1.0020771527590557
10,experimental,Unseen,0.9861943795579209,1.156742757400207
10,experimental,Seen,0.9827125976110079,1.0384690597334443
10,experimental,Seen,0.9852998353243813,1.0865583653781719
10,experimental,Seen,0.9804184572351576,1.0488667474404123
10,experimental,Seen,0.9788068015309007,0.898100275689374
10,experimental,Unseen,0.9851833012958895,1.0800598105613166
10,experimental,Unseen,0.9772784296954259,0.9474892922974727
10,experimental,Seen,0.9774010572861688,1.017673684319508
10,experimental,Seen,0.9852754453852749,0.8838034550922929
10,experimental,Seen,0.9792279857198516,0.9591866909678122
10,experimental,Seen,0.9805264320521737,1.0059762856491687
10,experimental,Unseen,0.9826850584105379,1.0566650132206383
10,experimental,Seen,0.9739757424185772,0.9214950730300524
10,experimental,Seen,0.9693525235734198,0.9903797540887166
10,experimental,Seen,0.9714322574497029,0.8513106810080174
10,experimental,Seen,0.972018102432832,0.9617861128945542
10,experimental,Unseen,0.9851296846779439,1.0293710829898468
10,experimental,Seen,0.9620498701527433,0.8812040331655511
10,experimental,Seen,0.979737033613216,1.052765880330525
10,experimental,Seen,0.9871994007956775,1.0059762856491687
10,experimental,Seen,0.9801447114416183,1.013774551429395
10,experimental,Seen,0.9749525838148859,0.9266939168835365
10,experimental,Unseen,0.9809588920216021,1.138546803913013
10,experimental,Unseen,0.9838994834182534,1.03327021587996
10,experimental,Seen,0.9806252755936167,0.8422127042644203
10,experimental,Seen,0.9821705154713094,0.952688136150957
10,experimental,Seen,0.9747915796816224,1.034569926843331
10,experimental,Seen,0.981440054420828,0.9903797540887165
10,experimental,Unseen,0.9796078736753125,1.091757209231656
10,experimental,Seen,0.9811310148959537,0.8929014318358901
10,experimental,Unseen,0.9824679667037245,1.050166458403783
10,experimental,Unseen,0.983466290453653,1.018973395282879
10,experimental,Seen,0.9817871802786053,0.9318927607370207
10,experimental,Seen,0.9801222453813419,0.9890800431253454
10,experimental,Seen,0.9685856837846702,0.9071982524329713
10,experimental,Seen,0.9778755285360753,0.95658726904107
10,experimental,Seen,0.9787974494408717,1.0111751295026528
10,experimental,Unseen,0.9820106605671796,0.9695843786747802
10,experimental,Seen,0.981814013745399,1.0007774417956847
10,localizer,Seen,0.9807421239193993,0.9500887142242149
10,localizer,Seen,0.9847269054793866,1.022872528172992
10,localizer,Seen,0.9795648937688152,1.0176736843195078
10,localizer,Seen,0.971560875231174,0.8383135713743073
10,localizer,Seen,0.9707671513481458,0.9474892922974729
10,localizer,Seen,0.979175211174323,1.0319705049165893
10,localizer,Seen,0.9757262442836124,0.9773826444550061
10,localizer,Seen,0.9843917319053075,1.015074262392766
10,localizer,Seen,0.9739865935130392,0.9617861128945542
10,localizer,Seen,0.9775997084340494,0.9773826444550062
10,localizer,Seen,0.9823344550756771,1.0176736843195078
10,localizer,Seen,0.9828859506378014,0.9513884251875859
10,localizer,Seen,0.9669493637608737,0.8513106810080173
10,localizer,Seen,0.9804596748640872,0.9357918936271336
10,localizer,Seen,0.9830076496400474,1.0085757075759105
10,localizer,Seen,0.9830541233390495,1.0059762856491687
10,localizer,Seen,0.9811623488517066,1.0007774417956847
10,localizer,Seen,0.9765537203674223,1.0189733952828788
10,localizer,Seen,0.9779828060761808,0.9747832225282642
10,localizer,Seen,0.9794061896591739,0.9110973853230844
10,localizer,Seen,0.9760794442934049,0.8708063454585828
10,localizer,Seen,0.9617103330174859,0.9123970962864554
10,localizer,Seen,0.9789097728418397,0.9422904484439888
10,localizer,Seen,0.9770924548458121,1.035869637806702
10,localizer,Seen,0.9755235063624206,0.9734835115648933
10,localizer,Seen,0.9771573736298961,0.964385534821296
10,localizer,Seen,0.978769664934683,1.0072759966125397
10,localizer,Seen,0.9751245257925563,0.9565872690410699
10,localizer,Seen,0.9641219611795219,0.900699697616116
10,localizer,Seen,0.9705565718704766,0.9370916045905048
10,localizer,Seen,0.9752514906482875,0.9617861128945541
10,localizer,Seen,0.9534694673821721,0.8799043222021798
10,localizer,Seen,0.9688086786953646,0.8695066344952118
10,localizer,Seen,0.9775774470051093,0.8838034550922929
10,localizer,Seen,0.9622917954778444,0.8214173288504841
10,localizer,Seen,0.9649396271235096,0.812319352106887
10,localizer,Seen,0.9715445732241087,0.8526103919713884
10,localizer,Seen,0.9711928739604908,0.9409907374806178
10,localizer,Seen,0.9653243664085344,0.9344921826637627
10,localizer,Seen,0.9555003840877905,0.8812040331655508
10,localizer,Seen,0.9364399272172693,0.8370138604109363
10,localizer,Seen,0.9513642083024296,0.8110196411435159
10,localizer,Seen,0.9617922820526013,0.8292155946307102
10,localizer,Seen,0.9582262594402209,0.811019641143516
10,localizer,Seen,0.9668072277869887,0.8578092358248726
10,localizer,Seen,0.9428370012291886,0.8487112590812752
10,localizer,Seen,0.9275179970956455,0.8435124152277913
10,localizer,Seen,0.9556470352651245,0.9760829334916351
10,localizer,Seen,0.92467195867693,0.7304375614145125
10,localizer,Seen,0.9693137182565236,0.8032213753632899
10,localizer,Seen,0.9709113697263548,0.8630080796783567
10,localizer,Seen,0.9423392679964772,0.8695066344952118
10,localizer,Seen,0.9590297942878911,0.7395355381581099
10,localizer,Seen,0.9608136455084106,0.8487112590812755
10,localizer,Seen,0.951348590171137,0.8591089467882436
10,localizer,Seen,0.9744682687071753,0.9110973853230843
10,localizer,Seen,0.9690653232295513,0.8630080796783566
10,localizer,Seen,0.9611306915156652,0.8123193521068869
10,localizer,Seen,0.9714467940171594,0.821417328850484
10,localizer,Seen,0.9675545782985083,0.7772271560958695
10,localizer,Seen,0.970291135242609,0.9851809102352322
10,localizer,Seen,0.9562673230982893,0.817518195960371
10,localizer,Seen,0.9132164183686027,0.7785268670592403
10,localizer,Seen,0.9819349549381309,0.9890800431253455
10,localizer,Seen,0.9780602220471606,0.9045988305062292
10,localizer,Seen,0.983992078662751,0.9981780198689425
10,localizer,Seen,0.981509641831214,0.9461895813341018
10,localizer,Seen,0.971455645810623,0.9500887142242147
10,localizer,Seen,0.9691765662834874,0.9526881361509569
10,localizer,Seen,0.9757179238239285,0.9942788869788296
10,localizer,Seen,0.9764783433461957,0.8929014318358902
10,localizer,Seen,0.9752806976139885,0.9721838006015223
10,localizer,Seen,0.9731613465940424,0.9877803321619745
10,localizer,Seen,0.9723859622011614,0.8266161727039681
10,localizer,Seen,0.974712620666255,0.9487890032608438
10,localizer,Seen,0.9856892374747628,1.0735612557444616
10,localizer,Seen,0.9754927048144901,1.018973395282879
10,localizer,Seen,0.977833987036221,0.9630858238579251
10,localizer,Seen,0.9803823313279245,0.9357918936271338
10,localizer,Seen,0.9810857576749379,1.02027310624625
10,localizer,Seen,0.9561954405913989,0.8682069235318407
10,localizer,Seen,0.9806899243793722,0.8890022989457771
10,localizer,Seen,0.9796732444344866,0.9656852457846672
10,localizer,Seen,0.9763003657456085,1.025471950099734
10,localizer,Seen,0.9762591894447029,0.8539101029347596
10,localizer,Seen,0.9736504579343098,0.9227947839934235
10,localizer,Seen,0.9710714032514144,0.8993999866527452
10,localizer,Seen,0.9727189580956773,0.8617083687149857
10,localizer,Seen,0.9636443540227947,0.8929014318358903
10,localizer,Seen,0.9707993568311101,0.8993999866527453
10,localizer,Seen,0.9646588441582201,0.8786046112388088
10,localizer,Seen,0.9802905808749677,1.0072759966125397
10,localizer,Seen,0.9698632653120506,0.9071982524329711
10,localizer,Seen,0.9781392013257798,0.9968783089055716
10,localizer,Seen,0.9741895507581657,1.025471950099734
10,localizer,Seen,0.9682069321166642,0.9136968072498263
10,localizer,Seen,0.9807404843870315,0.9877803321619744
10,localizer,Seen,0.9797372149868544,0.9968783089055715
10,localizer,Seen,0.9799413213367346,1.02027310624625
10,localizer,Seen,0.973644686464458,0.9500887142242148
10,localizer,Seen,0.9768036818660512,0.9461895813341017
10,localizer,Seen,0.9843971056091688,0.9864806211986035
10,localizer,Seen,0.9826228724754379,1.082659232488059
10,localizer,Seen,0.9798488658343284,0.9851809102352325
10,localizer,Seen,0.9761619624362721,0.9903797540887165
10,localizer,Seen,0.9760602822249039,1.0436679035869283
10,localizer,Seen,0.9829770889048328,0.9838811992718612
10,localizer,Seen,0.9602378130255015,0.8318150165574523
10,localizer,Seen,0.9821392056561336,1.087858076341543
10,localizer,Seen,0.9814391252641537,0.9747832225282641
10,localizer,Seen,0.9806022512857466,0.9188956511033104
10,localizer,Seen,0.9757910207689313,0.9253942059201655
10,localizer,Seen,0.9764000846560131,0.9500887142242148
10,localizer,Seen,0.9756139299285953,0.95658726904107
10,localizer,Seen,0.980968344752438,1.0046765746857977
10,localizer,Seen,0.9769829873115717,1.0358696378067023
10,localizer,Seen,0.9770279613603471,1.0514661693671545
10,localizer,Seen,0.9787520443299563,0.8565095248615012
10,localizer,Seen,0.9595947907628816,0.8318150165574522
10,localizer,Seen,0.9697356798062619,0.8786046112388088
10,localizer,Unseen,0.9536487785690887,0.8773049002754378
10,localizer,Seen,0.9387560010609364,0.9448898703707307
10,localizer,Seen,0.9691715080327978,0.8435124152277914
10,localizer,Seen,0.95356321171618,0.7811262889859826
10,localizer,Seen,0.9602919433879478,0.8747054783486957
10,localizer,Seen,0.9693546676097425,0.8695066344952118
10,localizer,Seen,0.9819695107120102,1.0436679035869283
10,localizer,Seen,0.9705108998810029,0.9240944949567945
10,localizer,Seen,0.9836738805408926,1.1073537407921081
10,localizer,Seen,0.9772215098501887,1.0059762856491685
10,localizer,Seen,0.9753208483013437,0.9747832225282642
10,localizer,Seen,0.9792316930511451,0.9643855348212963
10,localizer,Seen,0.981108800431345,1.02027310624625
10,localizer,Seen,0.985348724832103,1.0566650132206383
10,localizer,Seen,0.9828502198720848,0.9513884251875859
10,localizer,Seen,0.982984900627119,0.9383913155538757
10,localizer,Seen,0.9803506078014878,0.9994777308323135
10,localizer,Seen,0.9773614139951701,1.0618638570741226
10,localizer,Seen,0.972438630940246,0.9643855348212961
10,localizer,Seen,0.9841766843628642,0.8968005647260032
10,localizer,Seen,0.9800350492630281,0.9240944949567944
10,localizer,Seen,0.9830160209004739,0.8409129933010494
10,localizer,Seen,0.981257229049256,0.9396910265172467
10,localizer,Seen,0.9710758036092673,0.8773049002754376
10,localizer,Seen,0.9853950288447126,1.0696621228543486
10,localizer,Seen,0.9776712934778022,1.0696621228543484
10,localizer,Seen,0.981624582130982,1.024172239136363
10,localizer,Seen,0.9809932287909653,0.9058985414696002
10,localizer,Seen,0.9764152207176425,0.9357918936271337
10,localizer,Seen,0.9755907906440621,0.9747832225282641
10,localizer,Seen,0.9823155737349556,1.0644632790008643
10,localizer,Seen,0.9761065233753631,0.9981780198689425
10,localizer,Seen,0.9778920029028098,0.9786823554183773
10,localizer,Seen,0.9773840374907052,1.0137745514293945
10,localizer,Seen,0.9770908292341594,0.9578869800044411
10,localizer,Seen,0.9811187861826058,0.9799820663817483
10,localizer,Seen,0.9794096962164887,1.035869637806702
10,localizer,Seen,0.9793276423370837,0.9344921826637627
10,localizer,Seen,0.9847713924319632,1.0124748404660238
10,localizer,Seen,0.9752696504657239,1.0007774417956847
10,localizer,Seen,0.9847796238179202,1.0891577873049139
10,localizer,Seen,0.9791173714647389,1.0202731062462498
10,localizer,Seen,0.9822875145558236,0.9669849567480382
10,localizer,Seen,0.9758919235514816,0.9565872690410699
10,localizer,Seen,0.9716680737453673,0.7889245547662085
10,localizer,Seen,0.9858700050529354,0.9552875580776988
10,localizer,Seen,0.9739062779554608,0.972183800601522
10,localizer,Seen,0.9840834656898699,0.9396910265172466
10,localizer,Seen,0.9811321700018604,0.9643855348212961
10,localizer,Seen,0.981687702359756,1.0592644351473806
10,localizer,Seen,0.9757162293505054,0.9890800431253455
10,localizer,Seen,0.9711221167918127,0.9149965182131975
10,localizer,Seen,0.9820111709954777,1.1086534517554791
10,localizer,Seen,0.9799899862488418,1.03327021587996
10,localizer,Seen,0.9864284540971774,1.0722615447810908
10,localizer,Seen,0.975480256537325,0.9617861128945542
10,localizer,Seen,0.9817562263444032,0.9968783089055716
10,localizer,Seen,0.9725686535300396,0.9409907374806178
10,localizer,Seen,0.9816968464749514,1.0111751295026528
10,localizer,Seen,0.9833892122081934,1.0124748404660238
10,localizer,Seen,0.9750929193416483,1.018973395282879
10,localizer,Seen,0.9832257535310945,0.9617861128945542
10,localizer,Seen,0.9850020992180458,1.0826592324880588
10,localizer,Seen,0.9807684205620929,1.0839589434514298
10,localizer,Seen,0.9818691235733613,1.026771661063105
10,localizer,Seen,0.9839254863679284,0.889002298945777
10,localizer,Seen,0.9825919953629834,1.0475670364770413
10,localizer,Seen,0.9849226461816467,1.0891577873049139
10,localizer,Seen,0.9854638647637427,1.1372470929496419
10,localizer,Seen,0.978608970675531,0.9812817773451193
10,localizer,Seen,0.9817244048012959,0.9422904484439886
10,localizer,Seen,0.9819766402951261,0.9240944949567945
10,localizer,Seen,0.9824330302811255,1.0618638570741226
10,localizer,Seen,0.9710613991215212,1.0111751295026528
10,localizer,Seen,0.9757868969751923,1.031970504916589
10,localizer,Seen,0.9663500796172579,0.955287558077699
10,localizer,Seen,0.9834287423657642,1.0592644351473806
10,localizer,Seen,0.9804571962674865,1.0111751295026528
12,experimental,Unseen,0.9774087456529147,0.8435124152277915
12,experimental,Seen,0.9725929082482723,0.8279158836673389
12,experimental,Seen,0.9703093644640871,0.7304375614145127
12,experimental,Seen,0.9697085426828103,0.799322242473177
12,experimental,Seen,0.9740709962219654,0.825316461740597
12,experimental,Seen,0.9399565984095285,0.8227170398138551
12,experimental,Seen,0.9710790682281631,0.7720283122423852
12,experimental,Seen,0.9543173049378539,0.820117617887113
12,experimental,Seen,0.9644101668965812,0.8565095248615016
12,experimental,Seen,0.9603007148928623,0.8292155946307103
12,experimental,Seen,0.9655886228434396,0.8292155946307102
12,experimental,Unseen,0.9749138528879021,0.7694288903156432
12,experimental,Unseen,0.9799204650288103,0.9708840896381511
12,experimental,Unseen,0.9741244753613268,0.9409907374806178
12,experimental,Seen,0.9748676841851767,0.9448898703707307
12,experimental,Seen,0.966939432321736,0.800621953436548
12,experimental,Seen,0.9738607394567607,0.8721060564219536
12,experimental,Seen,0.9572996206750931,0.821417328850484
12,experimental,Unseen,0.9710792871733575,0.8786046112388088
12,experimental,Unseen,0.9775399396125645,1.0163739733561368
12,experimental,Seen,0.9667332032628005,0.8695066344952118
12,experimental,Seen,0.9721250041957943,0.9136968072498265
12,experimental,Unseen,0.9748886697751059,0.9292933388102785
12,experimental,Seen,0.9720172090491784,0.9188956511033104
12,experimental,Seen,0.9743719088968605,0.9331924717003917
12,experimental,Seen,0.9718013191453321,0.8695066344952118
12,experimental,Unseen,0.9732034170070961,0.7681291793522723
12,experimental,Seen,0.9716531016085731,0.8955008537626321
12,experimental,Seen,0.9694891599513891,0.7915239766929506
12,experimental,Seen,0.9607437305299745,0.8461118371545334
12,experimental,Seen,0.9569968430885581,0.8045210863266606
12,experimental,Unseen,0.9652593972639767,0.9253942059201655
12,experimental,Unseen,0.9729888318400727,0.9591866909678122
12,experimental,Seen,0.9772649192899732,0.9110973853230844
12,experimental,Seen,0.9685913143435528,0.7850254218760955
12,experimental,Seen,0.9567833058329065,0.7746277341691272
12,experimental,Unseen,0.9677838068853856,0.8708063454585827
12,experimental,Seen,0.9743663515406596,0.8981002756893741
12,experimental,Unseen,0.968448376168552,0.8929014318358901
12,experimental,Unseen,0.9611896258589235,0.8123193521068868
12,experimental,Unseen,0.9781446671027301,0.9162962291765683
12,experimental,Seen,0.9750326180813418,0.9461895813341018
12,experimental,Seen,0.968015977724676,0.8084202192167739
12,experimental,Seen,0.9659802658336569,0.8019216643999186
12,experimental,Seen,0.9689655332794326,0.8604086577516147
12,experimental,Seen,0.9703973131912997,0.811019641143516
12,experimental,Unseen,0.971487959141511,0.746034092974965
12,experimental,Unseen,0.9642910317608229,0.9331924717003917
12,experimental,Seen,0.978584124327692,0.9604864019311831
12,experimental,Seen,0.972403983089977,0.8097199301801449
12,experimental,Seen,0.9589827453651898,0.8058207972900319
12,experimental,Unseen,0.9603758952632744,0.8643077906417277
12,experimental,Unseen,0.9689953965698771,0.8812040331655508
12,experimental,Seen,0.9695485686885502,0.8968005647260031
12,experimental,Unseen,0.9724936274321535,0.7889245547662087
12,experimental,Seen,0.958680232078985,0.8656075016050986
12,experimental,Unseen,0.9670330928649641,0.7668294683889013
12,experimental,Seen,0.9723992389009175,0.7434346710482229
12,experimental,Seen,0.9587141211382416,0.8097199301801447
12,experimental,Unseen,0.9608524519532458,0.7720283122423852
12,experimental,Unseen,0.9689537691867306,0.9227947839934234
12,experimental,Unseen,0.9719251566141146,0.8708063454585828
12,experimental,Seen,0.9710316360010272,0.8695066344952118
12,experimental,Seen,0.974815973347776,0.8448121261911623
12,experimental,Unseen,0.9777433754062081,0.8487112590812755
12,experimental,Unseen,0.9690712743134777,0.9201953620666813
12,experimental,Seen,0.9834683183245332,0.9357918936271337
12,experimental,Seen,0.9761413710619427,0.9474892922974728
12,experimental,Unseen,0.9778237807043211,0.9344921826637627
12,experimental,Seen,0.9761464799482342,0.8370138604109363
12,experimental,Seen,0.9737541107982316,0.898100275689374
12,experimental,Unseen,0.9786530182430617,1.0267716610631048
12,experimental,Seen,0.9714415616724897,0.895500853762632
12,experimental,Seen,0.9784329197898354,0.8565095248615014
12,experimental,Unseen,0.9758892413662591,0.9201953620666814
12,experimental,Seen,0.9645940528389191,0.8071205082534028
12,experimental,Seen,0.9775261112016731,0.9214950730300524
12,experimental,Seen,0.9729245086867692,0.8396132823376781
12,experimental,Seen,0.9717874863005811,0.951388425187586
12,experimental,Unseen,0.9750773884283919,0.7941233986196926
12,experimental,Unseen,0.9817099681592765,1.0293710829898468
12,experimental,Unseen,0.9753704305615716,1.0215728172096208
12,experimental,Seen,0.9727832987023706,0.9227947839934236
12,experimental,Unseen,0.9807435974410518,0.9136968072498264
12,experimental,Seen,0.9717078321033878,0.9071982524329713
12,experimental,Seen,0.9761815189353332,0.7746277341691273
12,experimental,Unseen,0.9702825869531266,0.9461895813341019
12,experimental,Seen,0.9780560857167786,0.9058985414696004
12,experimental,Seen,0.9840820261286584,0.938391315553876
12,experimental,Seen,0.9808026480768992,1.0020771527590555
12,experimental,Seen,0.9838129714733308,1.0475670364770413
12,experimental,Seen,0.9795317493013165,0.7746277341691272
12,experimental,Seen,0.9695254461322677,0.899399986652745
12,experimental,Seen,0.9829958799166173,0.9617861128945541
12,experimental,Seen,0.9800916112971515,0.9201953620666815
12,experimental,Seen,0.9727794214904999,0.8448121261911624
12,experimental,Unseen,0.9772799256570318,0.972183800601522
12,experimental,Unseen,0.972174134081153,0.8760051893120667
12,experimental,Unseen,0.9751134095718491,0.9045988305062294
12,experimental,Seen,0.9761750835495492,0.7915239766929505
12,experimental,Seen,0.9717656374280202,0.890302009909148
12,experimental,Unseen,0.9780505990126921,0.9136968072498266
12,experimental,Seen,0.9735581004347876,0.8357141494475653
12,experimental,Seen,0.9639904370424824,0.8539101029347596
12,experimental,Unseen,0.9744272931813186,0.8799043222021798
12,experimental,Seen,0.9810714329423211,1.0137745514293948
12,experimental,Seen,0.9786018312965773,0.7616306245354172
12,experimental,Seen,0.9796247694213197,0.8474115481179045
12,experimental,Unseen,0.9796154893780625,1.0007774417956847
12,experimental,Seen,0.9770053515831871,0.7850254218760956
12,experimental,Unseen,0.9810260565286497,0.8292155946307102
12,experimental,Unseen,0.9754314052518162,0.8448121261911623
12,experimental,Seen,0.9796525872496887,0.9942788869788294
12,experimental,Seen,0.9842746372002957,1.0475670364770413
12,experimental,Seen,0.9715245432497092,0.9240944949567944
12,experimental,Unseen,0.9802922980886705,0.9435901594073598
12,experimental,Seen,0.9818422940343011,0.9643855348212961
12,experimental,Seen,0.9781355747394762,0.9747832225282642
12,experimental,Seen,0.9811490330481928,0.9292933388102788
12,experimental,Unseen,0.9735242540027581,0.9071982524329714
12,experimental,Unseen,0.9786877252684829,1.0475670364770413
12,experimental,Unseen,0.9709195694518323,0.894201142799261
12,experimental,Unseen,0.9801111633070773,1.0358696378067023
12,experimental,Unseen,0.9736690864280455,0.8071205082534029
12,experimental,Unseen,0.9748651674147449,0.9838811992718614
12,experimental,Seen,0.9660688083181047,0.808420219216774
12,experimental,Seen,0.9755643471053072,0.8305153055940812
12,experimental,Seen,0.9753313282307402,0.8903020099091479
12,experimental,Unseen,0.9713613434721402,1.0254719500997338
12,experimental,Unseen,0.9774415483586804,0.9188956511033106
12,experimental,Seen,0.9746131969085713,0.8747054783486957
12,experimental,Seen,0.9787159182081411,1.0449676145502993
12,experimental,Seen,0.974998636082569,0.959186690967812
12,experimental,Seen,0.9710325417683168,0.8058207972900318
12,experimental,Unseen,0.9779316071622889,0.878604611238809
12,experimental,Seen,0.9724532205230336,0.8383135713743073
12,experimental,Unseen,0.9750848959007615,0.904598830506229
12,experimental,Seen,0.9826188656008281,0.9721838006015221
12,experimental,Seen,0.9796156905071248,0.9526881361509569
12,experimental,Unseen,0.9667850973189223,0.827915883667339
12,experimental,Seen,0.9598620855461655,0.8422127042644203
12,experimental,Seen,0.9783301212508975,0.8864028770190348
12,experimental,Unseen,0.9804377354010948,0.9513884251875857
12,experimental,Unseen,0.9757281403226136,1.0436679035869283
12,experimental,Seen,0.9660292915693283,0.9019994085794872
12,experimental,Unseen,0.9818424923025963,0.8993999866527452
12,experimental,Unseen,0.9755832335704425,0.9019994085794871
12,experimental,Seen,0.9801652585375253,0.885103166055664
12,experimental,Seen,0.9779628255969809,0.8760051893120667
12,experimental,Seen,0.9761600401419763,0.8916017208725191
12,experimental,Seen,0.9778891113861463,0.7629303354987881
12,experimental,Seen,0.9836674857219576,0.9747832225282643
12,experimental,Seen,0.981423700891331,0.9695843786747802
12,experimental,Seen,0.9753012731055098,0.8435124152277912
12,experimental,Unseen,0.9709553044796302,0.7122416079273184
12,experimental,Seen,0.9843865132227816,0.9162962291765683
12,experimental,Seen,0.9736775370171922,0.9149965182131974
12,experimental,Seen,0.9669114696695785,0.8539101029347594
12,experimental,Seen,0.9750129825983267,0.9942788869788296
12,experimental,Seen,0.9724016293775348,0.8474115481179044
12,experimental,Seen,0.9763172815642294,0.952688136150957
12,experimental,Unseen,0.9721819513536275,0.9565872690410698
12,experimental,Seen,0.964648266936948,0.8396132823376783
12,experimental,Seen,0.9683051415613929,0.8929014318358901
12,experimental,Unseen,0.9714983968368975,0.8695066344952119
12,experimental,Seen,0.9550529403144385,0.7369361162313678
12,experimental,Unseen,0.9737697915864229,0.9110973853230844
12,experimental,Unseen,0.9799050246658811,0.9890800431253453
12,experimental,Seen,0.9699490249168029,0.7564317806819332
12,experimental,Seen,0.9768048734220789,0.9292933388102785
12,experimental,Unseen,0.969726168452953,0.8760051893120667
12,experimental,Seen,0.971272397651428,0.8370138604109363
12,experimental,Unseen,0.9641718391057705,0.8669072125684697
12,experimental,Seen,0.972380145241583,0.8474115481179044
12,experimental,Seen,0.9736917429161155,0.8591089467882437
12,experimental,Seen,0.971147324603361,0.9344921826637627
12,experimental,Seen,0.9718027103604913,0.8344144384841942
12,experimental,Unseen,0.9745313834810285,0.6771494119163008
12,experimental,Unseen,0.9801127680287783,0.8539101029347594
12,experimental,Seen,0.9675204540192123,0.8708063454585826
12,experimental,Seen,0.9616815046076305,0.8760051893120668
12,experimental,Seen,0.9671566692732296,0.8448121261911624
12,experimental,Unseen,0.9714496587374956,0.8110196411435158
12,experimental,Unseen,0.9729786520331177,0.9149965182131974
12,experimental,Seen,0.9672281699796886,0.898100275689374
12,experimental,Unseen,0.9764975516990542,0.8201176178871131
12,experimental,Seen,0.9730693308596008,0.881204033165551
12,experimental,Unseen,0.9675972260114406,0.7733280232057562
12,experimental,Unseen,0.9741655079706462,0.9591866909678122
12,experimental,Unseen,0.9692873337258984,0.7603309135720461
12,experimental,Seen,0.9701286990837895,0.9006996976161162
12,experimental,Seen,0.9705460104137643,0.7876248438028377
12,experimental,Unseen,0.9738861900897456,0.8032213753632896
12,experimental,Unseen,0.9711044016786597,0.6719505680628166
12,experimental,Seen,0.9697810066386947,0.8279158836673391
12,experimental,Seen,0.9732759476872986,0.8838034550922929
12,experimental,Unseen,0.9712940309049403,0.8669072125684697
12,experimental,Unseen,0.9720562122848516,0.8539101029347594
12,experimental,Unseen,0.9742957338428867,0.8968005647260031
12,experimental,Unseen,0.9773217283137305,1.0007774417956847
12,experimental,Seen,0.9773630184952572,0.8903020099091481
12,experimental,Seen,0.9769319927505106,0.8993999866527451
12,experimental,Seen,0.970712297671881,0.8617083687149857
12,experimental,Seen,0.9742676186968825,0.9136968072498264
12,experimental,Unseen,0.9826730255659347,1.031970504916589
12,experimental,Unseen,0.9652255645939904,0.7668294683889013
12,experimental,Seen,0.9681981269550355,0.9838811992718616
12,experimental,Seen,0.9759907025159734,0.9058985414696002
12,experimental,Seen,0.975122678839278,0.818817906923742
12,experimental,Seen,0.968383454259955,0.95658726904107
12,experimental,Unseen,0.9784452213217466,0.9955785979422004
12,experimental,Seen,0.9777376357694021,0.9084979633963423
12,experimental,Seen,0.9732347430098682,0.8552098138981306
12,experimental,Seen,0.9758903705804919,0.9019994085794872
12,experimental,Seen,0.9810946928548491,0.8344144384841942
12,experimental,Unseen,0.9683384217996172,0.824016750777226
12,experimental,Unseen,0.9720699718177579,0.8539101029347593
12,experimental,Seen,0.9721706502652052,0.9318927607370207
12,experimental,Unseen,0.9699597160199372,0.8474115481179044
12,experimental,Unseen,0.9611181742133622,0.891601720872519
12,experimental,Seen,0.9696674667117149,0.8656075016050986
12,experimental,Unseen,0.9716538218767731,0.9084979633963423
12,experimental,Seen,0.9710124699058528,0.9513884251875858
12,experimental,Unseen,0.9792847419983365,0.9812817773451197
12,experimental,Unseen,0.9735446377616418,0.890302009909148
12,experimental,Seen,0.9818223418595987,0.9474892922974728
12,experimental,Unseen,0.9750810025804004,1.0033768637224267
12,experimental,Seen,0.9773860515074003,0.9097976743597133
12,experimental,Unseen,0.9769070984662387,0.9669849567480382
12,experimental,Seen,0.9677602225714114,1.0007774417956845
12,experimental,Unseen,0.9612759192422282,0.9240944949567946
12,experimental,Seen,0.9751771813331436,0.9708840896381511
12,experimental,Seen,0.9744872489453689,0.883803455092293
12,experimental,Unseen,0.9823340168013098,0.9877803321619744
12,experimental,Seen,0.9817012741790748,0.9461895813341019
12,experimental,Unseen,0.9841403400855139,1.0033768637224267
12,experimental,Unseen,0.9803174336509363,0.9552875580776989
12,experimental,Seen,0.9749927445614391,0.8682069235318407
12,experimental,Unseen,0.9829450220731483,1.0657629899642356
12,experimental,Seen,0.9731999737417238,0.9851809102352324
12,experimental,Seen,0.9765438106363656,0.9942788869788295
12,experimental,Seen,0.9689740904100256,0.8916017208725191
12,experimental,Unseen,0.9620506435956104,0.7993222424731767
12,experimental,Seen,0.9512877446304899,0.6953453654034952
12,experimental,Seen,0.9625961812040725,0.7369361162313679
12,experimental,Unseen,0.971464319048091,0.8331147275208233
12,experimental,Unseen,0.958630967866916,0.8617083687149857
12,experimental,Unseen,0.9655387936875692,0.8656075016050987
12,experimental,Seen,0.9673544840140693,0.8214173288504841
12,experimental,Seen,0.9696671806723027,0.8916017208725192
12,experimental,Unseen,0.9617059534318133,0.8175181959603709
12,experimental,Unseen,0.9642187771231996,0.9123970962864553
12,experimental,Unseen,0.9672189592239903,0.8396132823376782
12,experimental,Unseen,0.9670357577479416,0.8929014318358898
12,experimental,Seen,0.9630080201512228,0.9006996976161161
12,experimental,Seen,0.9744974119081072,0.9279936278469075
12,experimental,Unseen,0.9759826343221083,1.0085757075759108
12,experimental,Unseen,0.981287562219005,1.0904574982682849
12,experimental,Unseen,0.9812646982513298,1.02027310624625
12,experimental,Unseen,0.9643897683343513,0.9370916045905048
12,experimental,Unseen,0.9757516377292415,0.8604086577516147
12,experimental,Unseen,0.9737745522432725,0.9240944949567944
12,experimental,Unseen,0.9685856541712401,0.8721060564219539
12,experimental,Unseen,0.9771169671079616,0.9747832225282642
12,experimental,Seen,0.9695929169614351,0.799322242473177
12,experimental,Unseen,0.9620159710023339,0.8552098138981303
12,experimental,Seen,0.9760111733015344,1.0657629899642356
12,experimental,Seen,0.972042427352186,0.890302009909148
12,experimental,Seen,0.9707426765030795,0.8916017208725191
12,experimental,Seen,0.9762046392083592,0.7395355381581095
12,experimental,Seen,0.9668811253976568,0.8877025879824061
12,experimental,Seen,0.95888422867545,0.8071205082534029
12,experimental,Unseen,0.9752355006854188,1.0033768637224267
12,experimental,Seen,0.9686396429645955,0.7720283122423853
12,experimental,Unseen,0.9684058799732832,0.8695066344952117
12,experimental,Unseen,0.9615255407653324,0.8162184849969999
12,experimental,Seen,0.9770429738783742,0.8071205082534028
12,experimental,Unseen,0.9742275010331488,0.9565872690410699
12,experimental,Seen,0.9758390770775695,0.7902242657295797
12,experimental,Unseen,0.9706617087021813,0.9006996976161161
12,experimental,Unseen,0.9753411287264031,0.9500887142242149
12,experimental,Seen,0.9786210136285225,0.8617083687149857
12,experimental,Unseen,0.9759538239309135,0.9162962291765686
12,experimental,Seen,0.9664454717977965,0.8500109700446464
12,experimental,Seen,0.974271511195437,0.9747832225282642
12,experimental,Seen,0.9685894299408798,0.8890022989457771
12,experimental,Unseen,0.9659895567196303,0.9942788869788296
12,experimental,Unseen,0.9685072161296507,0.8955008537626321
12,experimental,Seen,0.9726554460648752,0.8240167507772261
12,experimental,Unseen,0.9658225217779538,0.9032991195428582
12,experimental,Seen,0.971104135822279,0.8526103919713884
12,experimental,Unseen,0.975070364882545,0.7915239766929507
12,experimental,Unseen,0.9690778490383577,0.811019641143516
12,experimental,Seen,0.981212211988385,0.9019994085794872
12,experimental,Unseen,0.9724085464194141,1.0059762856491685
12,experimental,Unseen,0.9761050714945992,0.9474892922974729
12,experimental,Unseen,0.9756341065700367,0.8760051893120668
12,experimental,Seen,0.9843941356900856,0.9864806211986034
12,experimental,Seen,0.9755414747796821,0.7928236876563217
12,experimental,Unseen,0.962590565573729,0.8409129933010494
12,experimental,Unseen,0.9623978423958528,0.8214173288504839
12,experimental,Seen,0.9738781552891496,0.9773826444550061
12,experimental,Unseen,0.9687832504897669,0.9578869800044411
12,experimental,Seen,0.9787545132713236,0.9123970962864554
12,experimental,Seen,0.9822414952755031,1.0631635680374936
12,experimental,Seen,0.9776533250977747,0.9617861128945538
12,experimental,Seen,0.9775879453026057,0.9487890032608439
12,experimental,Unseen,0.9821804176027464,1.0059762856491685
12,experimental,Seen,0.980705576192563,0.883803455092293
12,experimental,Unseen,0.9835898815446809,0.895500853762632
12,experimental,Seen,0.9813122179567259,0.959186690967812
12,experimental,Unseen,0.9793060554195512,0.9708840896381512
12,experimental,Unseen,0.9831151172623331,0.9071982524329714
12,experimental,Unseen,0.9815222856120648,0.9292933388102784
12,experimental,Seen,0.9758326120845483,1.0111751295026525
12,experimental,Seen,0.9821240666281297,0.9045988305062295
12,experimental,Unseen,0.9759684778831828,0.9383913155538757
12,experimental,Seen,0.9768937233561951,0.8604086577516148
12,experimental,Seen,0.9757326919987662,0.9708840896381511
12,experimental,Seen,0.9786778822485914,0.8526103919713884
12,experimental,Unseen,0.9782207391632496,0.9526881361509568
12,experimental,Seen,0.9792213784410247,1.0072759966125395
12,experimental,Unseen,0.9758892321261827,0.95658726904107
12,experimental,Unseen,0.9820968646541937,0.9708840896381511
12,experimental,Unseen,0.9826631877546567,1.0215728172096208
12,experimental,Unseen,0.9808395678539271,1.0072759966125395
12,experimental,Unseen,0.9771255074845374,1.0423681926235573
12,experimental,Unseen,0.9832859724104616,1.0423681926235573
12,experimental,Unseen,0.9741261199765018,1.0085757075759108
12,experimental,Seen,0.9803924342190292,1.0527658803305255
12,experimental,Seen,0.9818251015826245,0.9643855348212961
12,experimental,Unseen,0.9816823030823569,1.0319705049165888
12,localizer,Seen,0.9812799789899879,1.0176736843195078
12,localizer,Seen,0.9778703060241876,0.9955785979422005
12,localizer,Seen,0.9665125675524204,0.8734057673853248
12,localizer,Seen,0.9589846707929375,0.9058985414696002
12,localizer,Seen,0.9672366508503074,0.9110973853230844
12,localizer,Seen,0.9715751529807408,0.7837257109127245
12,localizer,Seen,0.9725522441514007,0.7668294683889014
12,localizer,Seen,0.9546594150918096,0.7694288903156432
12,localizer,Seen,0.9720614190039514,0.8513106810080174
12,localizer,Seen,0.9827470544271509,1.1658407341438042
12,localizer,Seen,0.9686968763346386,0.8448121261911623
12,localizer,Seen,0.9701003555279976,0.7486335149017067
12,localizer,Seen,0.9738855042877571,0.7902242657295796
12,localizer,Seen,0.9734425270704422,0.9201953620666815
12,localizer,Seen,0.9758174479803641,0.9227947839934234
12,localizer,Seen,0.9692990196720513,0.8032213753632899
12,localizer,Seen,0.9860964474194818,0.9708840896381513
12,localizer,Seen,0.9734142627823847,0.6615528803558488
12,localizer,Seen,0.9666225136530632,0.4886913222275031
12,localizer,Seen,0.9739283812681588,0.9344921826637627
12,localizer,Seen,0.9759989546438009,0.9760829334916354
12,localizer,Seen,0.9610076838490648,0.7096421860005764
12,localizer,Seen,0.9477345626018848,0.7174404517808024
12,localizer,Seen,0.975779799392132,0.9435901594073599
12,localizer,Seen,0.9748328699456472,0.9227947839934236
12,localizer,Seen,0.958511538727289,0.8357141494475653
12,localizer,Seen,0.9551547180110956,0.7941233986196927
12,localizer,Seen,0.97014690329958,0.8357141494475653
12,localizer,Seen,0.9726045119648525,0.9305930497736495
12,localizer,Seen,0.973790644368588,0.8942011427992611
12,localizer,Seen,0.9751824380648335,0.885103166055664
12,localizer,Seen,0.9689160579224372,0.8292155946307102
12,localizer,Seen,0.9663286468855444,0.7681291793522722
12,localizer,Seen,0.9628982378960432,0.9084979633963424
12,localizer,Seen,0.9698606401001116,0.9032991195428584
12,localizer,Seen,0.9711438105578276,0.876005189312067
12,localizer,Seen,0.9735699910303811,0.903299119542858
12,localizer,Seen,0.9806773643674912,1.0540655912938965
12,localizer,Seen,0.9737996478775666,0.8786046112388088
12,localizer,Seen,0.9575621171803351,0.7005442092569791
12,localizer,Seen,0.9537885314558271,0.6446566378320253
12,localizer,Seen,0.9547321001270215,0.7356364052679968
12,localizer,Seen,0.9639640823010667,0.5562762923227961
12,localizer,Seen,0.9494703954278928,0.682348255769785
12,localizer,Seen,0.9592587747235783,0.6628525913192196
12,localizer,Seen,0.9549079808040758,0.6628525913192195
12,localizer,Seen,0.9612807779956372,0.6901465215500111
12,localizer,Seen,0.9716216259289844,0.9253942059201654
12,localizer,Seen,0.9867567706151331,1.1203508504258186
12,localizer,Seen,0.9766035394048725,0.6953453654034951
12,localizer,Seen,0.9824868488910619,0.8409129933010492
12,localizer,Seen,0.9718182014040775,0.7369361162313679
12,localizer,Seen,0.9753173106331571,0.6953453654034951
12,localizer,Seen,0.9796524980479354,0.8487112590812755
12,localizer,Seen,0.9877865669236857,1.0436679035869283
12,localizer,Seen,0.9660701021685122,0.5744722458099905
12,localizer,Seen,0.9561899523306657,0.686247388659898
12,localizer,Seen,0.9715232312222499,0.7785268670592405
12,localizer,Seen,0.9746407707866294,0.7486335149017068
12,localizer,Seen,0.9784900578033457,0.8149187740336289
12,localizer,Seen,0.9748514724650256,0.7122416079273185
12,localizer,Seen,0.9817267402916244,0.8383135713743072
12,localizer,Seen,0.9778095993418483,0.7954231095830636
12,localizer,Seen,0.9772990473192061,0.9253942059201653
12,localizer,Seen,0.9745426498974299,0.7772271560958693
12,localizer,Seen,0.9750279333413174,0.7538323587551911
12,localizer,Seen,0.9801818463324337,0.8305153055940813
12,localizer,Seen,0.9762443552195407,0.9227947839934235
12,localizer,Seen,0.9695116930138353,0.8097199301801447
12,localizer,Seen,0.9747643828155785,0.7265384285243996
12,localizer,Seen,0.971314196603278,0.6303598172349442
12,localizer,Unseen,0.971537754814491,0.7291378504511418
12,localizer,Seen,0.9758989544430852,0.809719930180145
12,localizer,Seen,0.9820805943103305,0.7733280232057562
12,localizer,Seen,0.9799735691315574,0.8435124152277914
12,localizer,Seen,0.9762943091043448,0.8396132823376782
12,localizer,Seen,0.9617001948078818,0.889002298945777
12,localizer,Unseen,0.9798899213721631,0.822717039813855
12,localizer,Seen,0.9819244398964623,0.801921664399919
12,localizer,Seen,0.9763833880706393,0.821417328850484
12,localizer,Seen,0.9796483482156358,1.1645410231804334
12,localizer,Seen,0.986557929533959,0.8929014318358901
12,localizer,Seen,0.97294591420384,0.6953453654034951
12,localizer,Seen,0.9811005338675886,0.7616306245354172
12,localizer,Seen,0.9604751812520498,0.7122416079273185
12,localizer,Seen,0.9758991658020676,0.8396132823376781
12,localizer,Seen,0.9603056184008426,0.692745943476753
12,localizer,Seen,0.9588020139869168,0.8266161727039681
12,localizer,Seen,0.9855589398842346,1.0553653022572675
12,localizer,Seen,0.9707525182183867,0.7278381394877707
12,localizer,Seen,0.9581227919516274,0.8279158836673391
12,localizer,Seen,0.94075050746877,0.6251609733814603
12,localizer,Seen,0.971711624394178,0.692745943476753
12,localizer,Seen,0.9666446474873381,0.562774847139651
12,localizer,Seen,0.974904929400743,0.8825037441289221
12,localizer,Seen,0.9718450688833051,0.8695066344952118
12,localizer,Seen,0.9770265417618583,0.7863251328394665
12,localizer,Seen,0.9660655845426143,0.7317372723778837
12,localizer,Seen,0.9815348213449739,1.1931346643745957
12,localizer,Seen,0.972496885885533,0.742134960084852
12,localizer,Seen,0.9685134538882778,0.8929014318358902
12,localizer,Seen,0.9704087586535466,0.9110973853230842
12,localizer,Seen,0.9731390210271733,0.9136968072498264
12,localizer,Seen,0.9653587753445614,0.8201176178871132
12,localizer,Seen,0.9704916203821273,0.8292155946307103
12,localizer,Seen,0.9888827201738428,1.152843624510094
12,localizer,Seen,0.9748555982643969,0.7317372723778838
12,localizer,Seen,0.976092766134001,0.6693511461360748
12,localizer,Seen,0.9734214010645501,0.6836479667331559
12,localizer,Seen,0.973831709659937,0.7759274451324985
12,localizer,Seen,0.9696127860110537,0.621261840491347
12,localizer,Seen,0.9435558611221019,0.6121638637477497
12,localizer,Seen,0.9750718757252852,0.7265384285243996
12,localizer,Seen,0.9763984750768747,0.8812040331655511
12,localizer,Seen,0.9704709347816675,0.907198252432971
12,localizer,Seen,0.9868629706781371,1.029371082989847
12,localizer,Seen,0.9612178146741109,0.8396132823376782
12,localizer,Seen,0.9718015565595369,0.8188179069237419
12,localizer,Seen,0.9743603560632083,0.8604086577516145
12,localizer,Seen,0.9735709818220525,0.9578869800044411
12,localizer,Seen,0.9881621634038473,1.138546803913013
12,localizer,Seen,0.977507003688671,1.0709618338177198
12,localizer,Seen,0.9771183079182068,0.7252387175610288
12,localizer,Seen,0.9848605970372957,1.0839589434514296
12,localizer,Seen,0.9828052286407799,0.9734835115648932
12,localizer,Seen,0.9687191008573862,0.7408352491214808
12,localizer,Seen,0.9646097241324132,0.7798265780226115
12,localizer,Seen,0.9776369988093911,0.9942788869788296
12,localizer,Seen,0.9632270560031538,0.8318150165574522
12,localizer,Seen,0.9766003939592813,0.8968005647260032
12,localizer,Seen,0.9727592210333627,0.6251609733814599
12,localizer,Unseen,0.980023752526976,0.8578092358248726
12,localizer,Seen,0.9665955383359272,0.7551320697185621
12,localizer,Seen,0.9835951656228702,0.8993999866527452
12,localizer,Seen,0.9833687629515022,1.0137745514293948
12,localizer,Seen,0.9576876505315354,0.808420219216774
12,localizer,Unseen,0.9669669396482304,0.7512329368284488
12,localizer,Seen,0.981497508844783,0.8942011427992609
12,localizer,Seen,0.9850933092469721,1.0917572092316559
12,localizer,Seen,0.9671642883786509,0.7629303354987881
12,localizer,Seen,0.9761871438520818,0.7967228205464348
12,localizer,Seen,0.9770408907784046,0.6901465215500111
12,localizer,Seen,0.9717068915782602,0.8357141494475655
12,localizer,Seen,0.9759111483789648,0.7447343820115939
12,localizer,Seen,0.9689690134562581,0.8734057673853248
12,localizer,Seen,0.9663038517025622,0.8292155946307102
12,localizer,Seen,0.9778544165329605,0.8669072125684699
12,localizer,Seen,0.9676244588439581,0.7551320697185621
12,localizer,Seen,0.9738415680459107,0.7512329368284489
13,experimental,Unseen,0.9094625255364475,0.8604086577516147
13,experimental,Unseen,0.9485912958220295,0.9279936278469075
13,experimental,Unseen,0.9340485566550238,0.8630080796783566
13,experimental,Seen,0.9674844544198086,0.887702587982406
13,experimental,Unseen,0.9615053797774278,0.8929014318358901
13,experimental,Unseen,0.9660974578775248,0.7954231095830637
13,experimental,Unseen,0.8984140269588885,0.808420219216774
13,experimental,Unseen,0.9102161008883374,0.8058207972900319
13,experimental,Unseen,0.9072706593703496,0.7902242657295797
13,experimental,Unseen,0.9060925186885782,0.809719930180145
13,experimental,Unseen,0.9169742701614977,0.8409129933010494
13,experimental,Unseen,0.9398472300408096,0.814918774033629
13,experimental,Seen,0.9448088360010366,0.6875470996232691
13,experimental,Unseen,0.9371907529401363,0.8591089467882436
13,experimental,Unseen,0.9380309176421346,0.8097199301801447
13,experimental,Unseen,0.9191942050548026,0.7642300464621593
13,experimental,Unseen,0.9160381932102062,0.7746277341691272
13,experimental,Unseen,0.9324087954475168,0.8747054783486957
13,experimental,Unseen,0.9238078461993675,0.8474115481179044
13,experimental,Seen,0.9251796034781933,0.8448121261911623
13,experimental,Unseen,0.9098678257696948,0.7941233986196926
13,experimental,Unseen,0.9323326836876509,0.8370138604109363
13,experimental,Seen,0.9632808472371953,0.9370916045905048
13,experimental,Seen,0.9366123632426839,0.8370138604109363
13,experimental,Seen,0.9646708401961916,0.9864806211986034
13,experimental,Unseen,0.9579851969873331,0.9825814883084906
13,experimental,Unseen,0.9683373718844175,0.9448898703707309
13,experimental,Seen,0.9613040823336013,0.9240944949567945
13,experimental,Unseen,0.9621747441970229,0.9344921826637628
13,experimental,Unseen,0.9580047409745922,0.8929014318358901
13,experimental,Unseen,0.9710401109978253,0.9903797540887164
13,experimental,Unseen,0.9420302496406886,0.8396132823376783
13,experimental,Unseen,0.9789781002516388,0.9071982524329711
13,experimental,Seen,0.943825229296868,0.8474115481179043
13,experimental,Unseen,0.9528071625331597,0.9474892922974728
13,experimental,Unseen,0.9302506353347609,0.8461118371545334
13,experimental,Seen,0.9565698374736522,0.895500853762632
13,experimental,Seen,0.9483862236274304,0.8968005647260031
13,experimental,Seen,0.9414149180873778,0.9357918936271336
13,experimental,Unseen,0.9479173650262475,0.9214950730300524
13,experimental,Unseen,0.9623178609985187,0.8747054783486957
13,experimental,Seen,0.9519996762155474,0.8981002756893741
13,experimental,Seen,0.9428154440931499,0.9266939168835365
13,experimental,Unseen,0.9322471446976678,0.8526103919713884
13,experimental,Seen,0.9614198258364793,0.9110973853230843
13,experimental,Unseen,0.9318616070619175,0.8993999866527452
13,experimental,Unseen,0.937911991207419,0.9292933388102786
13,experimental,Seen,0.9155706593975611,0.8045210863266606
13,experimental,Seen,0.9211220814381348,0.8305153055940813
13,experimental,Seen,0.930124279794622,0.894201142799261
13,experimental,Seen,0.9485771527765274,0.8955008537626321
13,experimental,Unseen,0.9393917462838284,0.8552098138981306
13,experimental,Unseen,0.9177752567552119,0.8344144384841944
13,experimental,Unseen,0.9279981282624424,0.8474115481179044
13,experimental,Unseen,0.9578563426311866,0.8461118371545334
13,experimental,Seen,0.9455678940085221,0.761630624535417
13,experimental,Seen,0.9453923517520603,0.8838034550922929
13,experimental,Unseen,0.9292700460024563,0.8422127042644202
13,experimental,Unseen,0.9433283485710866,0.8721060564219535
13,experimental,Seen,0.9377227818058279,0.8643077906417277
13,experimental,Seen,0.9572949288616741,0.8708063454585828
13,experimental,Unseen,0.9573491504449845,0.9006996976161162
13,experimental,Seen,0.9526831871950643,0.8539101029347597
13,experimental,Seen,0.9082881675490353,0.8617083687149856
13,experimental,Unseen,0.9293666932128837,0.8409129933010494
13,experimental,Unseen,0.9295760419751576,0.8539101029347594
13,experimental,Unseen,0.9222120422439312,0.8565095248615016
13,experimental,Unseen,0.9377845567252737,0.8513106810080174
13,experimental,Unseen,0.9309006579066466,0.7434346710482227
13,experimental,Unseen,0.9274964732341349,0.8279158836673389
13,experimental,Unseen,0.9654621112664606,0.8799043222021797
13,experimental,Unseen,0.9467492397826037,0.9058985414696001
13,experimental,Unseen,0.957134242896735,0.8695066344952119
13,experimental,Seen,0.9120598728969467,0.7720283122423856
13,experimental,Unseen,0.8923036625947673,0.7954231095830637
13,experimental,Unseen,0.9088760927304563,0.7551320697185623
13,experimental,Unseen,0.9267996652366398,0.8253164617405971
13,experimental,Unseen,0.9659557631147676,0.9084979633963423
13,experimental,Unseen,0.9314469037754329,0.8734057673853248
13,experimental,Seen,0.9348598463744515,0.7811262889859827
13,experimental,Unseen,0.9223657156888421,0.8838034550922929
13,experimental,Unseen,0.9060336389892697,0.8175181959603709
13,experimental,Unseen,0.9105079683532795,0.6758497009529298
13,experimental,Seen,0.9217393173480535,0.746034092974965
13,experimental,Seen,0.9230573707479591,0.8279158836673391
13,experimental,Unseen,0.9003555275457684,0.8162184849970001
13,experimental,Unseen,0.9054829577787271,0.7642300464621591
13,experimental,Unseen,0.9390291086160396,0.8630080796783565
13,experimental,Seen,0.89385679339061,0.687547099623269
13,experimental,Unseen,0.9300657384594048,0.8513106810080173
13,experimental,Unseen,0.9341965455513019,0.7863251328394666
13,experimental,Unseen,0.8717812266116164,0.8149187740336289
13,experimental,Unseen,0.9350788390616512,0.8396132823376783
13,experimental,Unseen,0.8994067410588467,0.6459563487953964
13,experimental,Unseen,0.8836951027248345,0.7837257109127244
13,experimental,Unseen,0.9152604318381413,0.7837257109127246
13,experimental,Unseen,0.9431674232392571,0.7512329368284489
13,experimental,Unseen,0.9238657314157076,0.8630080796783566
13,experimental,Unseen,0.9424864539247618,0.7928236876563216
13,experimental,Unseen,0.9786874426730102,0.953987847114328
13,experimental,Unseen,0.9184717852992148,0.824016750777226
13,experimental,Unseen,0.905735640801943,0.7395355381581098
13,experimental,Unseen,0.9572616241720946,0.9292933388102786
13,experimental,Unseen,0.9513340042115828,0.9604864019311828
13,experimental,Unseen,0.9516011787446874,0.8019216643999187
13,experimental,Unseen,0.9515802136960285,0.9006996976161161
13,experimental,Unseen,0.9445104822543575,0.8565095248615014
13,experimental,Unseen,0.9650213022525237,0.8669072125684697
13,experimental,Unseen,0.9431423599271607,0.8604086577516147
13,experimental,Unseen,0.9353725701408009,0.7980225315098057
13,experimental,Seen,0.9649779336598399,0.8604086577516145
13,experimental,Seen,0.9528738305496066,0.9227947839934235
13,experimental,Seen,0.9401133600565149,0.8617083687149856
13,experimental,Unseen,0.9285865616699859,0.8864028770190349
13,experimental,Seen,0.933256449049816,0.8240167507772259
13,experimental,Unseen,0.9271322259420882,0.7746277341691273
13,experimental,Seen,0.973342112730179,0.8955008537626321
13,experimental,Seen,0.9407874179873671,0.8422127042644204
13,experimental,Seen,0.93821097007188,0.8006219534365476
13,experimental,Unseen,0.9491630877013475,0.8214173288504841
13,experimental,Unseen,0.9724365343694523,0.9110973853230845
13,experimental,Seen,0.9391825821134981,0.8461118371545335
13,experimental,Seen,0.9429623656630359,0.8071205082534029
13,experimental,Unseen,0.9158709944702986,0.814918774033629
13,experimental,Seen,0.9148420921315632,0.8292155946307103
13,experimental,Unseen,0.9448851829569418,0.9240944949567945
13,experimental,Seen,0.9342158415410822,0.8474115481179044
13,experimental,Seen,0.9532956261889136,0.8552098138981307
13,experimental,Seen,0.9386908571297504,0.8097199301801448
13,experimental,Seen,0.9209524895094056,0.8266161727039683
13,experimental,Unseen,0.9638920692740742,0.8006219534365477
13,experimental,Seen,0.9476482318435112,0.8747054783486959
13,experimental,Seen,0.9525659904847418,0.7850254218760956
13,experimental,Seen,0.9659578791690896,0.7265384285243998
13,experimental,Unseen,0.9550673576180274,0.8240167507772261
13,experimental,Seen,0.9445650637578649,0.7421349600848519
13,experimental,Seen,0.9499057819559007,0.8292155946307103
13,experimental,Seen,0.9496217046840917,0.8084202192167739
13,experimental,Seen,0.9411835281456686,0.8435124152277914
13,experimental,Seen,0.9465595910987188,0.8578092358248727
13,experimental,Seen,0.9333743733778607,0.7811262889859825
13,experimental,Unseen,0.937121723293739,0.7733280232057563
13,experimental,Seen,0.9391303740214411,0.8253164617405971
13,experimental,Unseen,0.9363378460390559,0.7668294683889013
13,experimental,Seen,0.9537826074592519,0.7837257109127244
13,experimental,Seen,0.9350952623789774,0.7837257109127245
13,experimental,Seen,0.917226125873171,0.7902242657295796
13,experimental,Seen,0.9090489031764117,0.8318150165574522
13,experimental,Unseen,0.9130298788770166,0.7564317806819332
13,experimental,Unseen,0.9412391704668205,0.8604086577516147
13,experimental,Unseen,0.9073743842697829,0.7915239766929506
13,experimental,Unseen,0.9196398745429529,0.8123193521068869
13,experimental,Unseen,0.9490619249945267,0.8565095248615017
13,experimental,Seen,0.9451480363676755,0.9045988305062289
13,experimental,Seen,0.9402702839365813,0.8578092358248726
13,experimental,Unseen,0.9360122793455352,0.8786046112388088
13,experimental,Unseen,0.9386923526670917,0.9097976743597131
13,experimental,Unseen,0.9628480776000747,0.8799043222021798
13,experimental,Unseen,0.9394654074438332,0.8695066344952118
13,experimental,Unseen,0.9639162910513114,0.9565872690410698
13,experimental,Unseen,0.9814654863749005,1.025471950099734
13,experimental,Seen,0.9150950179301139,0.8032213753632896
13,experimental,Unseen,0.921454674397573,0.8695066344952119
13,experimental,Unseen,0.9168734907903989,0.8045210863266606
13,experimental,Unseen,0.9605018479009239,0.8669072125684697
13,experimental,Unseen,0.9537061557315046,0.8968005647260031
13,experimental,Unseen,0.9045382122475596,0.7811262889859826
13,experimental,Unseen,0.900259969927225,0.7252387175610285
13,experimental,Seen,0.929558660291838,0.833114727520823
13,experimental,Seen,0.9416084596807847,0.8370138604109363
13,experimental,Seen,0.9361883630177893,0.8292155946307102
13,experimental,Seen,0.935784478641835,0.824016750777226
13,experimental,Unseen,0.9580045909633935,0.9058985414696002
13,experimental,Seen,0.9449087048595439,0.8461118371545334
13,experimental,Unseen,0.9197476003504151,0.7642300464621593
13,experimental,Unseen,0.8986573363141973,0.7616306245354171
13,experimental,Unseen,0.9407648523867472,0.7954231095830637
13,experimental,Unseen,0.9078631176523833,0.7018439202203505
13,experimental,Seen,0.9275264255082009,0.7174404517808025
13,experimental,Unseen,0.9463370814118915,0.8409129933010493
13,experimental,Unseen,0.898725645654215,0.7889245547662087
13,experimental,Unseen,0.8904946773861551,0.7733280232057563
13,experimental,Unseen,0.9043452622929339,0.7616306245354173
13,experimental,Unseen,0.9075667193024031,0.813619063070258
13,experimental,Unseen,0.9609628753663119,0.9175959401399395
13,experimental,Seen,0.9740754923981485,0.9058985414696004
13,experimental,Seen,0.94327111448013,0.8864028770190351
13,experimental,Unseen,0.9396098045609208,0.8370138604109363
13,experimental,Unseen,0.9366074437690599,0.9292933388102786
13,experimental,Unseen,0.9356081490638526,0.8643077906417277
13,experimental,Seen,0.9428508729112565,0.8071205082534026
13,experimental,Seen,0.9336579936810303,0.8539101029347593
13,experimental,Seen,0.9430448075011145,0.799322242473177
13,experimental,Seen,0.9408786497261307,0.8383135713743074
13,experimental,Seen,0.943043909526092,0.8526103919713884
13,experimental,Seen,0.9547187133758506,0.817518195960371
13,experimental,Seen,0.957383585305702,0.8617083687149856
13,experimental,Seen,0.9436507324442558,0.8383135713743074
13,experimental,Unseen,0.9470774473309028,0.8695066344952117
13,experimental,Seen,0.9474605960031003,0.814918774033629
13,experimental,Unseen,0.9471723650822248,0.818817906923742
13,experimental,Seen,0.9136420696983114,0.7824259999493535
13,experimental,Unseen,0.9384192618436811,0.8461118371545334
13,experimental,Seen,0.9552441219108784,0.807120508253403
13,experimental,Seen,0.9116650981230243,0.7005442092569794
13,experimental,Seen,0.9143480299641087,0.7473338039383361
13,experimental,Seen,0.9279690559025193,0.8448121261911625
13,experimental,Seen,0.8581333059052171,0.7616306245354173
13,experimental,Seen,0.9630148153769681,0.8019216643999187
13,experimental,Seen,0.9354510849861609,0.8370138604109363
13,experimental,Unseen,0.9451773771930629,0.8526103919713884
13,experimental,Seen,0.9784864307491908,1.0046765746857975
13,experimental,Seen,0.9791157507283781,1.1151520065723344
13,experimental,Seen,0.9763137192529225,1.0514661693671543
13,experimental,Seen,0.969876724596703,0.9526881361509569
13,experimental,Unseen,0.965193263694398,0.9773826444550062
13,experimental,Seen,0.9680168972615326,0.9617861128945542
13,experimental,Seen,0.9690218112744247,0.9175959401399392
13,experimental,Seen,0.9661151148613011,0.9136968072498264
13,experimental,Seen,0.9704769301171329,0.896800564726003
13,experimental,Seen,0.9548710926671153,0.9422904484439888
13,experimental,Seen,0.9636459196158316,0.8825037441289221
13,experimental,Seen,0.9432954416539042,0.9045988305062294
13,experimental,Seen,0.9475088419362978,0.8993999866527452
13,experimental,Seen,0.9707732511488083,0.9123970962864552
13,experimental,Seen,0.9446433973531245,0.8708063454585826
13,experimental,Unseen,0.9525764634649496,0.8929014318358902
13,experimental,Seen,0.9414507823942329,0.9084979633963424
13,experimental,Seen,0.9711964592665453,0.9240944949567943
13,experimental,Seen,0.9583826213668509,0.8682069235318408
13,experimental,Seen,0.9469569203991105,0.8916017208725191
13,experimental,Seen,0.9565414821227143,0.8214173288504839
13,experimental,Seen,0.9624422242322508,0.972183800601522
13,experimental,Seen,0.9490869358570004,0.8773049002754378
13,experimental,Seen,0.948501027194263,0.8955008537626321
13,experimental,Seen,0.9748259319470265,0.9435901594073597
13,experimental,Seen,0.9718686946744638,0.9487890032608439
13,experimental,Unseen,0.9408786196389823,0.9071982524329714
13,experimental,Unseen,0.9529066888639017,0.814918774033629
13,experimental,Unseen,0.9323601762392557,0.8734057673853249
13,experimental,Unseen,0.9169932687286011,0.813619063070258
13,experimental,Unseen,0.9192550345900002,0.7772271560958693
13,experimental,Unseen,0.925465008596614,0.811019641143516
13,experimental,Seen,0.8891895844072574,0.7590312026086753
13,experimental,Seen,0.9479253902416942,0.8292155946307102
13,experimental,Seen,0.9323604857905645,0.7733280232057563
13,experimental,Unseen,0.9628056110592164,0.9149965182131975
13,experimental,Unseen,0.9545229759074154,0.8331147275208234
13,experimental,Seen,0.9506784643116579,0.8136190630702579
13,experimental,Unseen,0.901705823767,0.7720283122423853
13,experimental,Unseen,0.9330801989081717,0.7980225315098057
13,experimental,Seen,0.929207693654204,0.7772271560958695
13,experimental,Seen,0.9201475890344224,0.833114727520823
13,experimental,Unseen,0.9086027286483964,0.7928236876563216
13,experimental,Unseen,0.9329824506720972,0.8721060564219539
13,experimental,Unseen,0.9708093130805353,0.808420219216774
13,experimental,Seen,0.9335912124906847,0.8240167507772261
13,experimental,Unseen,0.8956472306966891,0.746034092974965
13,experimental,Unseen,0.957295407347398,0.9305930497736495
13,experimental,Unseen,0.945765733821956,0.8448121261911625
13,experimental,Unseen,0.9266475787052654,0.8162184849970001
13,experimental,Seen,0.9454156467959646,0.8604086577516147
13,experimental,Seen,0.922505304108557,0.7876248438028375
13,experimental,Seen,0.9569481744206405,0.9084979633963424
13,experimental,Unseen,0.9518277356854393,0.8760051893120668
13,experimental,Seen,0.9704506323125796,0.9058985414696004
13,experimental,Unseen,0.9290112792190629,0.8500109700446464
13,experimental,Unseen,0.9576383861350525,0.895500853762632
13,experimental,Seen,0.9352110274373757,0.8864028770190349
13,experimental,Unseen,0.940784922026684,0.820117617887113
13,experimental,Unseen,0.9374816194007279,0.8344144384841942
13,experimental,Seen,0.9342537030018095,0.8305153055940812
13,experimental,Seen,0.9206902879793253,0.8565095248615013
13,experimental,Seen,0.9508736985965714,0.8201176178871129
13,experimental,Unseen,0.9321050626335665,0.7434346710482229
13,experimental,Seen,0.9379591775065093,0.7239390065976575
13,experimental,Unseen,0.9332484310105602,0.8838034550922929
13,experimental,Unseen,0.9332106669029471,0.8903020099091482
13,experimental,Unseen,0.9599417186552076,0.9110973853230844
13,experimental,Unseen,0.941323989334872,0.8318150165574522
13,experimental,Unseen,0.9050771693226,0.8175181959603709
13,experimental,Unseen,0.9203907374507279,0.8656075016050988
13,experimental,Unseen,0.9402043329005465,0.8071205082534029
13,experimental,Unseen,0.9322675294904,0.7798265780226116
13,experimental,Seen,0.9163977725322494,0.7590312026086752
13,experimental,Unseen,0.9405489596474526,0.8409129933010495
13,experimental,Seen,0.9495426376240449,0.8370138604109364
13,experimental,Unseen,0.8975213157982559,0.7746277341691274
13,experimental,Unseen,0.8925338462292115,0.7928236876563217
13,experimental,Seen,0.9118317954977242,0.7603309135720463
13,experimental,Unseen,0.919155094420974,0.833114727520823
13,experimental,Unseen,0.9751906897246078,0.8669072125684697
13,experimental,Unseen,0.929340709481881,0.894201142799261
13,experimental,Unseen,0.9611295762005555,0.8071205082534028
13,experimental,Unseen,0.9300541263178862,0.7863251328394666
13,experimental,Unseen,0.9027019519977626,0.7031436311837214
13,experimental,Unseen,0.8947470333925294,0.7460340929749649
13,experimental,Unseen,0.929363873914481,0.8344144384841944
13,experimental,Unseen,0.9714050514349807,0.9266939168835365
13,experimental,Unseen,0.9785125298458481,0.9864806211986032
13,experimental,Seen,0.9624610250281999,0.9656852457846672
13,experimental,Unseen,0.9522556335526753,0.9188956511033103
13,experimental,Unseen,0.9611411063657848,0.9006996976161161
13,experimental,Unseen,0.9644168817433233,0.9942788869788295
13,experimental,Unseen,0.9533267556191289,0.8682069235318408
13,experimental,Seen,0.9444077523551033,0.895500853762632
13,experimental,Unseen,0.9453235941927941,0.8383135713743073
13,experimental,Unseen,0.9275542612454031,0.8318150165574523
13,experimental,Unseen,0.9534779670646365,0.9396910265172467
13,experimental,Unseen,0.9494704205498787,0.8916017208725191
13,experimental,Unseen,0.9208991367638145,0.8162184849969999
13,experimental,Seen,0.9675289507738818,0.9188956511033104
13,experimental,Seen,0.9454379975904557,0.8526103919713885
13,experimental,Unseen,0.9636246477134416,0.9903797540887167
13,experimental,Unseen,0.9391902187263795,0.7733280232057564
13,experimental,Unseen,0.9538795020867031,0.8799043222021797
13,experimental,Seen,0.9332247177657347,0.900699697616116
13,experimental,Unseen,0.8700930361452182,0.6966450763668662
13,experimental,Unseen,0.9136247677780893,0.8253164617405973
13,experimental,Seen,0.9148675631902882,0.740835249121481
13,experimental,Seen,0.9504064744759679,0.8331147275208233
13,experimental,Seen,0.9339708687931337,0.7863251328394665
13,experimental,Unseen,0.9082396253318565,0.830515305594081
13,experimental,Unseen,0.9343269241161452,0.8344144384841942
13,experimental,Unseen,0.8818142490132361,0.703143631183721
13,experimental,Unseen,0.9117900090306869,0.8019216643999186
13,experimental,Unseen,0.9264664131402108,0.7980225315098057
13,experimental,Unseen,0.8935169756258078,0.7265384285243998
13,experimental,Unseen,0.8653459472639549,0.6862473886598981
13,experimental,Seen,0.8724539185624566,0.6667517242093328
13,experimental,Seen,0.949648674329551,0.7733280232057563
13,experimental,Seen,0.922452041016515,0.8461118371545334
13,experimental,Seen,0.911515684846191,0.7681291793522724
13,experimental,Unseen,0.9158840056016612,0.8370138604109364
13,experimental,Unseen,0.9171414542623844,0.8370138604109363
13,experimental,Unseen,0.9208624172414926,0.7577314916453042
13,experimental,Unseen,0.9439758612364482,0.9045988305062292
13,experimental,Unseen,0.9483290949631359,0.8786046112388091
13,experimental,Unseen,0.930506486552097,0.7720283122423853
13,experimental,Unseen,0.9513362062928159,0.9201953620666815
13,experimental,Unseen,0.9544129447967371,0.9084979633963423
13,experimental,Unseen,0.9402797169569644,0.9513884251875859
13,experimental,Seen,0.9434254822652183,0.8097199301801448
13,experimental,Seen,0.9523582284492199,0.8396132823376784
13,experimental,Seen,0.9693336039777039,0.8396132823376784
13,experimental,Seen,0.9383465460985595,0.8318150165574523
13,experimental,Unseen,0.9132556020372532,0.7733280232057563
13,experimental,Unseen,0.9489409571857338,0.8565095248615014
13,experimental,Seen,0.9360145946426384,0.7902242657295796
13,experimental,Seen,0.9616499900743366,0.8305153055940812
13,experimental,Seen,0.9523864165036585,0.8227170398138551
13,experimental,Unseen,0.8996440498302463,0.7707286012790143
13,experimental,Unseen,0.8859225836164213,0.7967228205464346
13,experimental,Unseen,0.9237334286272715,0.7252387175610286
13,experimental,Seen,0.9106992908076346,0.7369361162313678
13,experimental,Seen,0.9234376420546362,0.6836479667331561
13,experimental,Seen,0.9216706081451768,0.814918774033629
13,experimental,Unseen,0.966427587284592,0.9045988305062292
13,experimental,Seen,0.8953747393241976,0.7278381394877707
13,experimental,Seen,0.8786144398019784,0.6433569268686545
13,experimental,Unseen,0.9066607775683929,0.8292155946307102
13,experimental,Seen,0.9225019014678498,0.7629303354987881
13,experimental,Unseen,0.9309948556574416,0.7356364052679969
13,experimental,Unseen,0.936971379233354,0.822717039813855
13,experimental,Unseen,0.8980576851232669,0.7590312026086752
13,experimental,Unseen,0.9221266994236408,0.7980225315098057
13,experimental,Seen,0.8857951074363747,0.811019641143516
13,experimental,Unseen,0.9184587520094083,0.886402877019035
13,experimental,Seen,0.9335526523177456,0.8448121261911623
13,experimental,Seen,0.9482870382201614,0.8578092358248726
13,experimental,Seen,0.9404101457741155,0.8760051893120667
13,experimental,Unseen,0.9423496561647172,0.8357141494475653
13,experimental,Unseen,0.9288032207256938,0.821417328850484
13,experimental,Unseen,0.9420667661992003,0.8396132823376783
13,experimental,Seen,0.937533507306718,0.8591089467882435
13,experimental,Unseen,0.9320168117119639,0.7772271560958695
13,experimental,Seen,0.9280842400888972,0.825316461740597
13,experimental,Unseen,0.9305464930098595,0.7967228205464347
13,experimental,Seen,0.9613886467696563,0.895500853762632
13,experimental,Unseen,0.9029316686260207,0.8578092358248725
13,experimental,Unseen,0.8473399980122389,0.7122416079273186
13,experimental,Unseen,0.8976595013842965,0.7239390065976578
13,experimental,Unseen,0.9317565107891841,0.8734057673853248
13,experimental,Seen,0.9573699902350115,0.8370138604109363
13,experimental,Seen,0.9459814824362789,0.9929791760154585
13,experimental,Seen,0.9342529176335859,0.817518195960371
13,experimental,Unseen,0.9429782902397974,0.8084202192167739
13,experimental,Seen,0.9452176369733004,0.8461118371545334
13,experimental,Unseen,0.9010113421848981,0.6758497009529298
13,experimental,Unseen,0.9363011351223582,0.814918774033629
13,experimental,Unseen,0.9470038171035201,0.8539101029347597
13,experimental,Unseen,0.9317156137144116,0.8643077906417277
13,experimental,Seen,0.9360028256006071,0.8019216643999189
13,experimental,Seen,0.9411082491388228,0.7603309135720463
13,experimental,Unseen,0.9199569421310669,0.8409129933010493
13,experimental,Unseen,0.8955675071172327,0.6641523022825906
13,experimental,Unseen,0.977474956586952,0.9851809102352326
13,localizer,Seen,0.9793526869011376,1.0514661693671543
13,localizer,Seen,0.9677213117238542,1.026771661063105
13,localizer,Seen,0.9501188998058381,0.824016750777226
13,localizer,Seen,0.9625352866989548,0.9331924717003917
13,localizer,Seen,0.9565719365443501,0.9396910265172467
13,localizer,Seen,0.9380034457032297,0.9305930497736496
13,localizer,Seen,0.9600852799852282,0.9279936278469075
13,localizer,Seen,0.9515068807577012,0.8643077906417278
13,localizer,Seen,0.95061908249736,0.8838034550922929
13,localizer,Seen,0.9507235272199788,0.8552098138981304
13,localizer,Seen,0.9371748071073653,0.878604611238809
13,localizer,Seen,0.9442749178851011,0.8656075016050987
13,localizer,Seen,0.959475700016781,0.9214950730300525
13,localizer,Seen,0.962106485587249,0.8812040331655508
13,localizer,Seen,0.9587948661346082,0.8903020099091482
13,localizer,Seen,0.9438941125203101,0.8734057673853247
13,localizer,Seen,0.9467551355026032,0.8708063454585829
13,localizer,Seen,0.9628925307199615,0.8058207972900319
13,localizer,Seen,0.914072026731788,0.7772271560958693
13,localizer,Seen,0.9625652374802495,0.889002298945777
13,localizer,Seen,0.9489368723957168,0.8617083687149856
13,localizer,Seen,0.9505128155481577,0.8513106810080174
13,localizer,Seen,0.9375586292718491,0.8201176178871131
13,localizer,Seen,0.921428706130862,0.8266161727039681
13,localizer,Seen,0.9475293443987078,0.8214173288504841
13,localizer,Seen,0.9701461657255369,0.9331924717003915
13,localizer,Seen,0.9268064873630834,0.824016750777226
13,localizer,Seen,0.9185362854359563,0.818817906923742
13,localizer,Seen,0.9229705989309176,0.7915239766929507
13,localizer,Seen,0.9178936788154357,0.818817906923742
13,localizer,Seen,0.9365905724631367,0.8539101029347594
13,localizer,Seen,0.9011290408439748,0.8461118371545334
13,localizer,Seen,0.9406702426875646,0.8474115481179045
13,localizer,Seen,0.9211345087468973,0.733036983341255
13,localizer,Seen,0.9254730383917423,0.7356364052679968
13,localizer,Seen,0.937339937904042,0.826616172703968
13,localizer,Seen,0.915746126185068,0.8162184849969998
13,localizer,Seen,0.9478175661386762,0.8227170398138552
13,localizer,Seen,0.9390763262953405,0.825316461740597
13,localizer,Seen,0.9580253498873579,0.8409129933010493
13,localizer,Seen,0.9789396228737854,1.0202731062462498
13,localizer,Seen,0.9400689090932979,0.8643077906417276
13,localizer,Seen,0.9443242015390512,0.8630080796783566
13,localizer,Seen,0.9698408891386172,0.9370916045905048
13,localizer,Seen,0.9467944865010874,0.8890022989457771
13,localizer,Seen,0.92602482606505,0.7850254218760955
13,localizer,Seen,0.9672972782577356,0.8656075016050986
13,localizer,Seen,0.945972766633565,0.7850254218760955
13,localizer,Seen,0.9241748905579831,0.7863251328394665
13,localizer,Seen,0.9319752123974683,0.7876248438028374
13,localizer,Seen,0.9303294426133517,0.9071982524329711
13,localizer,Seen,0.928496617212552,0.8006219534365479
13,localizer,Seen,0.9605864961072248,0.9214950730300524
13,localizer,Seen,0.9237271377706124,0.8448121261911623
13,localizer,Seen,0.9101519360337689,0.8526103919713883
13,localizer,Seen,0.9363071761065779,0.8188179069237421
13,localizer,Seen,0.8998663013944694,0.7187401627441734
13,localizer,Seen,0.891665443982509,0.753832358755191
13,localizer,Seen,0.951140537621895,0.7668294683889013
13,localizer,Seen,0.8805674688453358,0.827915883667339
13,localizer,Seen,0.9571752550693661,0.7720283122423852
13,localizer,Seen,0.9182270267967891,0.7720283122423856
13,localizer,Seen,0.9141106901932088,0.8357141494475652
13,localizer,Seen,0.9190554968578267,0.8682069235318408
13,localizer,Seen,0.9342115531115719,0.7759274451324986
13,localizer,Seen,0.962368649533771,0.889002298945777
13,localizer,Seen,0.9430324608536365,0.812319352106887
13,localizer,Seen,0.9345347114638536,0.8162184849970002
13,localizer,Seen,0.9239061819193971,0.8591089467882437
13,localizer,Seen,0.9602142365878327,0.8435124152277913
13,localizer,Seen,0.9460036170029194,0.8279158836673391
13,localizer,Seen,0.9197288446245289,0.8383135713743073
13,localizer,Seen,0.9533100925787208,0.8344144384841943
13,localizer,Seen,0.9675070346833314,0.9695843786747802
13,localizer,Seen,0.9203409882935935,0.7538323587551911
13,localizer,Seen,0.9272183603927473,0.8136190630702579
13,localizer,Seen,0.9730755109199042,0.9851809102352322
13,localizer,Seen,0.9366345888554155,0.8448121261911622
13,localizer,Seen,0.9344481301694322,0.8162184849969997
13,localizer,Seen,0.9527082764850999,0.887702587982406
13,localizer,Seen,0.9637230749281823,0.8812040331655508
13,localizer,Seen,0.9435583732656366,0.9110973853230845
13,localizer,Seen,0.9641584384324285,0.9500887142242149
13,localizer,Seen,0.9261162779765402,0.7980225315098057
13,localizer,Seen,0.9389052914741459,0.8552098138981306
13,localizer,Seen,0.9571270898062613,0.8578092358248726
13,localizer,Seen,0.933867842913907,0.7707286012790144
13,localizer,Seen,0.9371605518583251,0.7889245547662086
13,localizer,Seen,0.9427110135907077,0.9240944949567945
13,localizer,Seen,0.9445800920252342,0.8773049002754378
13,localizer,Seen,0.9296607618460782,0.7837257109127246
13,localizer,Seen,0.8866932288039837,0.743434671048223
13,localizer,Seen,0.9257709415262714,0.8019216643999187
13,localizer,Seen,0.9430287691085512,0.8110196411435159
13,localizer,Seen,0.9369022503226258,0.7993222424731768
13,localizer,Seen,0.9301800842755525,0.811019641143516
13,localizer,Seen,0.8995355254969651,0.7148410298540604
13,localizer,Seen,0.9564009757807633,0.9032991195428584
13,localizer,Seen,0.8977057847744492,0.7343366943046258
13,localizer,Seen,0.9248771958998303,0.887702587982406
13,localizer,Seen,0.9099582030931083,0.7850254218760956
13,localizer,Seen,0.9590055319002807,0.8708063454585828
13,localizer,Seen,0.9070549420325159,0.8487112590812755
13,localizer,Seen,0.9276477311172161,0.8760051893120668
13,localizer,Seen,0.9295001865161756,0.8019216643999189
13,localizer,Seen,0.8834062545042449,0.7694288903156432
13,localizer,Seen,0.9397296620815092,0.8773049002754378
13,localizer,Seen,0.9186181877844712,0.7694288903156435
13,localizer,Seen,0.9418968707386578,0.8227170398138551
13,localizer,Seen,0.9442868288185654,0.9084979633963423
13,localizer,Seen,0.9404895309101297,0.9188956511033102
13,localizer,Seen,0.9302492305835276,0.877304900275438
13,localizer,Seen,0.9536470118434004,0.9227947839934235
13,localizer,Seen,0.9622834241307118,0.89290143183589
13,localizer,Seen,0.950850262403797,0.8617083687149856
13,localizer,Seen,0.9403229403152394,0.7954231095830636
13,localizer,Seen,0.931743017752512,0.7980225315098057
13,localizer,Seen,0.9180267405202367,0.7629303354987882
13,localizer,Seen,0.9630757103463757,0.9240944949567945
13,localizer,Seen,0.9513684315649051,0.9370916045905047
13,localizer,Seen,0.9406485650337544,0.9110973853230843
13,localizer,Seen,0.9516429187310442,0.9019994085794872
13,localizer,Seen,0.9347984983802873,0.7928236876563217
13,localizer,Unseen,0.9140561478406062,0.6797488338430431
13,localizer,Seen,0.9707353326234807,0.9045988305062295
13,localizer,Seen,0.9546367720889045,0.9409907374806179
13,localizer,Seen,0.9572286182557341,0.9136968072498265
13,localizer,Seen,0.9309458649243358,0.8370138604109364
13,localizer,Seen,0.9360469906431553,0.8877025879824061
13,localizer,Seen,0.9211717571702283,0.7551320697185621
13,localizer,Seen,0.9483718078697693,0.8305153055940812
13,localizer,Seen,0.9584317652850229,0.762930335498788
13,localizer,Seen,0.9363638165060505,0.8630080796783566
13,localizer,Seen,0.9261893315656756,0.8604086577516145
13,localizer,Seen,0.9327186286998449,0.9422904484439888
13,localizer,Seen,0.9110160448779168,0.8331147275208233
13,localizer,Seen,0.9373400615118466,0.9136968072498264
13,localizer,Seen,0.9314883974291216,0.8253164617405971
13,localizer,Seen,0.947116104779243,0.8929014318358901
13,localizer,Seen,0.9502397366251288,0.8565095248615016
13,localizer,Seen,0.9533417094422663,0.8825037441289219
13,localizer,Unseen,0.9066137636244165,0.8253164617405971
13,localizer,Seen,0.948375616538908,0.8084202192167738
13,localizer,Seen,0.9358547998176142,0.8669072125684696
13,localizer,Seen,0.9229361568245809,0.7187401627441734
13,localizer,Seen,0.9590209231015867,0.900699697616116
13,localizer,Seen,0.9406524887665701,0.8435124152277915
13,localizer,Seen,0.909428218246195,0.8045210863266609
13,localizer,Seen,0.9174132075668404,0.8565095248615016
13,localizer,Seen,0.9351453862859183,0.8669072125684697
13,localizer,Seen,0.9482037194392523,0.882503744128922
13,localizer,Seen,0.9065198703783305,0.7668294683889013
13,localizer,Seen,0.942667011626717,0.8539101029347596
13,localizer,Seen,0.9506413762370075,0.7954231095830636
13,localizer,Seen,0.9246097750258477,0.8071205082534029
13,localizer,Seen,0.9524829934374077,0.8526103919713887
13,localizer,Seen,0.933192880964708,0.9097976743597133
13,localizer,Seen,0.9334778805670741,0.8734057673853248
13,localizer,Seen,0.9652558070259677,0.8058207972900319
13,localizer,Seen,0.9212461489313526,0.8422127042644202
13,localizer,Seen,0.9394913413124707,0.8045210863266609
13,localizer,Seen,0.8996055200377269,0.7720283122423853
13,localizer,Seen,0.8848743764175976,0.7460340929749649
13,localizer,Seen,0.9240585310806467,0.7785268670592403
13,localizer,Seen,0.9356186615454042,0.7382358271947389
13,localizer,Seen,0.9397696763700382,0.872106056421954
13,localizer,Seen,0.9200391588371569,0.8240167507772261
13,localizer,Seen,0.9327497003886434,0.8721060564219539
13,localizer,Seen,0.8962547065986771,0.7642300464621592
13,localizer,Seen,0.950962163855482,0.8149187740336288
13,localizer,Seen,0.942218836569869,0.9240944949567945
13,localizer,Seen,0.9412643711225891,0.8539101029347593
13,localizer,Seen,0.9356122875902121,0.8266161727039683
13,localizer,Seen,0.9335225315779854,0.885103166055664
13,localizer,Seen,0.9455985920588889,0.9110973853230843
13,localizer,Seen,0.9106248629156758,0.6680514351727036
13,localizer,Seen,0.9052972601163876,0.813619063070258
13,localizer,Seen,0.941608153579012,0.9201953620666814
13,localizer,Seen,0.9439516130990232,0.7954231095830637
13,localizer,Seen,0.9353215191875066,0.8422127042644202
13,localizer,Seen,0.9585046818712926,0.9045988305062294
13,localizer,Seen,0.9571880312321825,0.9396910265172468
13,localizer,Seen,0.9515131923080822,0.8825037441289217
13,localizer,Seen,0.9451247190127376,0.8993999866527452
13,localizer,Seen,0.9428776712455114,0.8630080796783566
13,localizer,Seen,0.9515012221727566,0.9006996976161161
13,localizer,Seen,0.9589753414430142,0.9656852457846669
13,localizer,Seen,0.9512903244560034,0.8669072125684698
13,localizer,Seen,0.9411167602010966,0.8435124152277913
13,localizer,Seen,0.9186318760513233,0.8045210863266609
13,localizer,Seen,0.9384691651253966,0.826616172703968
13,localizer,Seen,0.9646012940286082,0.895500853762632
13,localizer,Seen,0.9568978281374256,0.9136968072498264
13,localizer,Seen,0.9582038481187483,0.8630080796783567
13,localizer,Seen,0.9615967332783492,0.8591089467882436
13,localizer,Seen,0.9281874969682737,0.9097976743597133
13,localizer,Seen,0.9464940989282112,0.8344144384841942
13,localizer,Seen,0.954072596814173,0.8487112590812754
14,experimental,Unseen,0.9652297470590091,0.8993999866527451
14,experimental,Unseen,0.9754895038287994,0.8526103919713885
14,experimental,Unseen,0.9694683538833658,0.9123970962864554
14,experimental,Unseen,0.9770932617452215,0.9370916045905046
14,experimental,Unseen,0.9764788345607467,0.9006996976161163
14,experimental,Unseen,0.9692236071165011,0.8305153055940813
14,experimental,Unseen,0.9737786678779984,0.9149965182131973
14,experimental,Unseen,0.977025035169787,0.8591089467882436
14,experimental,Unseen,0.9738186278643501,0.9721838006015223
14,experimental,Unseen,0.9757266698216748,0.8981002756893741
14,experimental,Unseen,0.980500088265727,0.9006996976161161
14,experimental,Unseen,0.9743778840409827,0.95658726904107
14,experimental,Unseen,0.9766763053741666,0.8409129933010492
14,experimental,Unseen,0.9689646238740122,0.8968005647260031
14,experimental,Unseen,0.9730462242444375,0.9942788869788295
14,experimental,Unseen,0.9726667836915545,0.7980225315098058
14,experimental,Unseen,0.9749907419204716,0.9227947839934236
14,experimental,Unseen,0.9709187401285978,0.9448898703707308
14,experimental,Seen,0.9783338940868133,0.9643855348212961
14,experimental,Unseen,0.9745124798124101,0.8344144384841943
14,experimental,Seen,0.9695563245359605,0.8552098138981306
14,experimental,Unseen,0.9706142989234535,0.8825037441289219
14,experimental,Unseen,0.9789064729356899,0.8993999866527453
14,experimental,Unseen,0.9705006994317151,0.9110973853230844
14,experimental,Unseen,0.9782501858480406,0.964385534821296
14,experimental,Unseen,0.9827243165605207,0.9058985414696001
14,experimental,Unseen,0.9734457441239144,0.9370916045905048
14,experimental,Unseen,0.9791311575149839,0.9942788869788294
14,experimental,Unseen,0.9755325512781914,0.9604864019311828
14,experimental,Unseen,0.9625535243780192,0.8565095248615016
14,experimental,Unseen,0.9745949384360211,0.9942788869788296
14,experimental,Unseen,0.9692697591802771,0.827915883667339
14,experimental,Unseen,0.9714311764443063,0.8812040331655508
14,experimental,Unseen,0.9734449050130962,0.8435124152277915
14,experimental,Unseen,0.9692264664646363,0.8539101029347596
14,experimental,Unseen,0.9794201381780285,0.8721060564219539
14,experimental,Unseen,0.9718183726752234,0.9149965182131973
14,experimental,Seen,0.9807913228133908,0.9110973853230842
14,experimental,Unseen,0.9751104619416407,0.9474892922974727
14,experimental,Unseen,0.9725434450059832,0.8474115481179043
14,experimental,Unseen,0.9774911639137733,0.9214950730300525
14,experimental,Seen,0.9702337805388956,0.9526881361509569
14,experimental,Unseen,0.9735918735904299,0.9266939168835368
14,experimental,Unseen,0.9787997974260267,0.9279936278469075
14,experimental,Unseen,0.9760094875462776,0.9604864019311832
14,experimental,Unseen,0.9802861777340537,0.8864028770190349
14,experimental,Unseen,0.978694938935447,0.9747832225282641
14,experimental,Unseen,0.9761756411702884,0.9513884251875857
14,experimental,Unseen,0.9760634169371804,0.9136968072498262
14,experimental,Unseen,0.9746321260506315,0.9357918936271337
14,experimental,Unseen,0.9698838141843401,0.9916794650520874
14,experimental,Unseen,0.9768258479135956,0.9279936278469075
14,experimental,Unseen,0.9852441401003977,0.953987847114328
14,experimental,Unseen,0.9813691909376515,0.8669072125684697
14,experimental,Unseen,0.975663929768677,0.9474892922974729
14,experimental,Unseen,0.9746575389321233,1.0449676145502995
14,experimental,Unseen,0.9830001616634697,0.8929014318358901
14,experimental,Unseen,0.9827747031227391,1.038469059733444
14,experimental,Unseen,0.9781363608323557,1.0033768637224267
14,experimental,Unseen,0.9881805211789076,0.9877803321619745
14,experimental,Unseen,0.9842659649883055,1.0020771527590557
14,experimental,Unseen,0.9782539602826977,0.9552875580776989
14,experimental,Seen,0.9848079705556683,0.8993999866527451
14,experimental,Unseen,0.9820253115369618,0.9994777308323135
14,experimental,Unseen,0.9853676406740756,0.9097976743597133
14,experimental,Unseen,0.9797574834586589,0.8734057673853248
14,experimental,Unseen,0.9778096292007773,0.9318927607370205
14,experimental,Unseen,0.973628282469007,0.9669849567480382
14,experimental,Unseen,0.9797513438543125,0.9526881361509569
14,experimental,Unseen,0.9799860829437882,0.9552875580776992
14,experimental,Unseen,0.9759312975497928,1.015074262392766
14,experimental,Unseen,0.9824286421656655,0.9968783089055716
14,experimental,Unseen,0.9775134159687843,0.9045988305062292
14,experimental,Seen,0.9808422160023356,1.0033768637224267
14,experimental,Unseen,0.9817205452765613,1.031970504916589
14,experimental,Unseen,0.9754582331464101,0.8604086577516147
14,experimental,Unseen,0.9755719938610161,0.8993999866527452
14,experimental,Unseen,0.9770286164794408,0.9760829334916354
14,experimental,Unseen,0.9790303146856596,0.9149965182131975
14,experimental,Unseen,0.978334265065224,0.9552875580776989
14,experimental,Seen,0.9748506430051974,0.8435124152277913
14,experimental,Unseen,0.9734905340411978,0.9916794650520875
14,experimental,Unseen,0.9722022399092347,1.0124748404660238
14,experimental,Seen,0.9799921045884462,0.9279936278469075
14,experimental,Seen,0.9802194696396513,0.959186690967812
14,experimental,Seen,0.9761739492151753,0.9175959401399395
14,experimental,Seen,0.9810867169842573,1.0033768637224267
14,experimental,Unseen,0.9825786709887938,0.8877025879824061
14,experimental,Seen,0.978789468134555,0.9227947839934235
14,experimental,Seen,0.9784206120890375,0.8825037441289221
14,experimental,Seen,0.9785880079766568,0.9006996976161161
14,experimental,Seen,0.9728892964147251,0.8942011427992611
14,experimental,Seen,0.9688310757999624,0.8864028770190349
14,experimental,Seen,0.9811265832194311,0.9513884251875858
14,experimental,Unseen,0.9796189693168403,0.9747832225282642
14,experimental,Seen,0.977930169285428,0.8955008537626321
14,experimental,Seen,0.9624688359843176,0.8344144384841943
14,experimental,Seen,0.9779692165932862,0.9396910265172467
14,experimental,Seen,0.9791250141987676,0.9227947839934235
14,experimental,Seen,0.9821882896380095,0.9474892922974727
14,experimental,Unseen,0.9762481344949542,0.9669849567480383
14,experimental,Unseen,0.972398139236438,0.9357918936271337
14,experimental,Unseen,0.9704215466431628,1.024172239136363
14,experimental,Seen,0.9679039626430398,0.8526103919713885
14,experimental,Seen,0.9750600167253958,0.9071982524329711
14,experimental,Seen,0.9727069045619735,0.9279936278469078
14,experimental,Seen,0.9806144663994593,1.0748609667078326
14,experimental,Seen,0.9801939414428373,0.8981002756893741
14,experimental,Seen,0.9802735205062987,0.9110973853230843
14,experimental,Unseen,0.9814864725666135,0.8993999866527451
14,experimental,Seen,0.9720747886522438,0.9240944949567944
14,experimental,Unseen,0.970716568593568,0.9851809102352325
14,experimental,Unseen,0.9794167792202646,0.8565095248615016
14,experimental,Seen,0.9810953453900845,0.8812040331655508
14,experimental,Unseen,0.9718862791751995,0.8539101029347596
14,experimental,Unseen,0.9797276826106546,0.9344921826637628
14,experimental,Unseen,0.9859669951389602,1.034569926843331
14,experimental,Unseen,0.9820265141707599,0.9838811992718614
14,experimental,Unseen,0.9673645287013705,0.8500109700446465
14,experimental,Unseen,0.9775673800202638,0.9253942059201655
14,experimental,Unseen,0.9789630543732112,1.0150742623927658
14,experimental,Seen,0.9848842091236728,0.965685245784667
14,experimental,Seen,0.9810818148428865,0.8747054783486958
14,experimental,Seen,0.9815326402963858,0.8006219534365477
14,experimental,Seen,0.9775570386258752,0.8968005647260031
14,experimental,Seen,0.9784915995402194,0.8474115481179044
14,experimental,Seen,0.9788103732249835,0.9942788869788296
14,experimental,Seen,0.9677221555974966,0.8643077906417275
14,experimental,Seen,0.9693256787626949,0.7941233986196926
14,experimental,Seen,0.9717958354767917,0.9396910265172467
14,experimental,Seen,0.9704006745918451,0.8032213753632897
14,experimental,Seen,0.962975849146867,0.8032213753632896
14,experimental,Seen,0.9656985119889767,0.9539878471143278
14,experimental,Unseen,0.9676127264823939,0.890302009909148
14,experimental,Seen,0.9824762558151318,0.7395355381581098
14,experimental,Unseen,0.9679219366795353,0.8279158836673394
14,experimental,Unseen,0.9608491329210082,0.8734057673853248
14,experimental,Seen,0.9775291947760887,0.957886980004441
14,experimental,Unseen,0.9654839539975916,0.9305930497736496
14,experimental,Unseen,0.9655111451743764,0.740835249121481
14,experimental,Seen,0.9818488484473166,0.9617861128945541
14,experimental,Seen,0.9829853324490314,0.9396910265172466
14,experimental,Seen,0.9758854581476445,1.0111751295026528
14,experimental,Seen,0.9581088490935379,0.7941233986196926
14,experimental,Unseen,0.9707737445285184,0.9162962291765686
14,experimental,Seen,0.9814892007019638,0.9097976743597133
14,experimental,Unseen,0.9682658689382849,0.8188179069237419
14,experimental,Unseen,0.9770182409165779,0.9422904484439888
14,experimental,Seen,0.9845258061101112,0.9214950730300525
14,experimental,Seen,0.9671522954960698,0.890302009909148
14,experimental,Seen,0.9689137147340402,0.8435124152277914
14,experimental,Seen,0.9703344839591997,0.876005189312067
14,experimental,Seen,0.9794231090021965,0.8552098138981307
14,experimental,Seen,0.9737273359420134,0.9331924717003918
14,experimental,Seen,0.9745872740823349,0.9175959401399394
14,experimental,Unseen,0.9799744467108032,0.9838811992718612
14,experimental,Seen,0.9684071811865425,0.882503744128922
14,experimental,Seen,0.9778963992429794,0.7980225315098057
14,experimental,Seen,0.9756616729710281,1.018973395282879
14,experimental,Unseen,0.9737676286928052,0.9006996976161161
14,experimental,Unseen,0.9785726974818233,1.1086534517554791
14,experimental,Unseen,0.976164644394186,1.09695605308514
14,experimental,Seen,0.9854869640417856,0.8448121261911624
14,experimental,Seen,0.976303039657252,0.8993999866527453
14,experimental,Seen,0.9780834524747373,0.9981780198689426
14,experimental,Seen,0.9725114368166993,0.9370916045905046
14,experimental,Unseen,0.9852069320031384,0.961786112894554
14,experimental,Unseen,0.9769719871432838,0.9292933388102786
14,experimental,Seen,0.9797351302253433,0.9786823554183774
14,experimental,Seen,0.9798109084674987,0.8591089467882436
14,experimental,Unseen,0.9773636473461745,0.9799820663817485
14,experimental,Seen,0.9787525405128767,1.0020771527590555
14,experimental,Seen,0.9851465659411146,1.04626732551367
14,experimental,Unseen,0.984631922059622,1.1346476710228997
14,experimental,Unseen,0.980639041347876,0.9682846677114092
14,experimental,Unseen,0.9853262044002266,1.0527658803305253
14,experimental,Seen,0.9834209130471061,0.9344921826637627
14,experimental,Seen,0.9834954275950133,0.9656852457846671
14,experimental,Seen,0.9775236038840112,0.9097976743597134
14,experimental,Seen,0.9855480339944911,1.0683624118909776
14,experimental,Seen,0.9799855039764923,0.878604611238809
14,experimental,Unseen,0.9762859706972083,0.9370916045905048
14,experimental,Unseen,0.9815067844579065,1.0033768637224265
14,experimental,Unseen,0.9837493180844284,0.9318927607370207
14,experimental,Unseen,0.9769979095532689,1.0423681926235573
14,experimental,Unseen,0.9705388169925935,0.9539878471143278
14,experimental,Unseen,0.9762779774946648,1.031970504916589
14,experimental,Unseen,0.9761887051854046,0.9838811992718612
14,experimental,Seen,0.9782233378768291,1.0085757075759105
14,experimental,Unseen,0.9831678083842773,0.9123970962864554
14,experimental,Unseen,0.9787919145964541,1.02027310624625
14,experimental,Seen,0.977965161141316,0.9175959401399395
14,experimental,Seen,0.9749474757890605,0.8175181959603709
14,experimental,Unseen,0.9731821116568341,0.9084979633963425
14,experimental,Unseen,0.9789053783668384,0.9487890032608439
14,experimental,Unseen,0.9642741174157147,0.8825037441289219
14,experimental,Unseen,0.9861449407754845,1.037169348770073
14,experimental,Unseen,0.9805781684942433,0.9747832225282641
14,experimental,Seen,0.9771020399137639,0.9604864019311831
14,experimental,Seen,0.9802819076660293,0.963085823857925
14,experimental,Unseen,0.9730555048947016,0.7993222424731767
14,experimental,Seen,0.9713458376659465,0.9032991195428584
14,experimental,Seen,0.976530730408842,0.9318927607370207
14,experimental,Seen,0.9771931006089603,0.946189581334102
14,experimental,Seen,0.9604348644590969,0.882503744128922
14,experimental,Seen,0.9768181840558997,0.8513106810080174
14,experimental,Seen,0.9739569663552571,0.7629303354987882
14,experimental,Seen,0.9702053738026726,0.9123970962864554
14,experimental,Unseen,0.9636558929138697,0.8058207972900319
14,experimental,Seen,0.9700776903699582,0.8474115481179044
14,experimental,Unseen,0.9740078810324962,0.8695066344952117
14,experimental,Seen,0.961826011058234,0.7863251328394665
14,experimental,Unseen,0.9570478015870731,0.7980225315098057
14,experimental,Seen,0.9786264253642271,0.9851809102352326
14,experimental,Unseen,0.9771431894142947,0.9877803321619744
14,experimental,Seen,0.9651714147176931,0.821417328850484
14,experimental,Unseen,0.9748683541501608,0.8942011427992611
14,experimental,Seen,0.9784789011535848,0.9734835115648932
14,experimental,Unseen,0.9729661218387343,0.9253942059201654
14,experimental,Unseen,0.9693630871871204,0.9357918936271338
14,experimental,Seen,0.9773310763438791,1.080059810561317
14,experimental,Seen,0.9836192889454052,1.1073537407921084
14,experimental,Seen,0.9825610615633159,1.0774603886345748
14,experimental,Seen,0.9832872641585998,0.9370916045905047
14,experimental,Unseen,0.9816492846479475,0.9409907374806179
14,experimental,Seen,0.9777961087403062,0.8019216643999187
14,experimental,Seen,0.9813029357144528,1.0904574982682849
14,experimental,Unseen,0.9868126910390687,1.0020771527590557
14,experimental,Seen,0.9821108015716418,1.0280713720264758
14,experimental,Seen,0.9806238879159991,1.03327021587996
14,experimental,Unseen,0.9836830958208003,1.0475670364770413
14,experimental,Unseen,0.9791646003552954,0.9864806211986032
14,experimental,Unseen,0.9803930268269732,0.9149965182131973
14,experimental,Unseen,0.9803755762800249,1.091757209231656
14,experimental,Seen,0.9753359344563797,1.0839589434514298
14,experimental,Unseen,0.9808993959843093,0.9760829334916352
14,experimental,Unseen,0.9791636846966205,0.8929014318358902
14,experimental,Unseen,0.9844212224613238,1.1320482490961576
14,experimental,Unseen,0.9836941478872011,1.1164517175357054
14,experimental,Seen,0.9838874738468083,0.8708063454585826
14,experimental,Unseen,0.97459760685511,0.9903797540887166
14,experimental,Seen,0.9806508221112505,1.0124748404660238
14,experimental,Unseen,0.9821766685282283,0.9513884251875858
14,experimental,Seen,0.9734739753476267,0.9708840896381512
14,experimental,Seen,0.9845474142299879,0.8526103919713884
14,experimental,Seen,0.9831109293575723,1.0033768637224267
14,experimental,Seen,0.9739518030685196,0.9461895813341017
14,experimental,Unseen,0.9845023916116036,1.0137745514293948
14,experimental,Seen,0.9833136761000797,1.024172239136363
14,experimental,Unseen,0.9764991972574277,1.0514661693671543
14,experimental,Seen,0.9810608346993493,0.9747832225282641
14,experimental,Seen,0.979197192938861,0.9799820663817483
14,experimental,Unseen,0.9846384521978239,0.8747054783486958
14,experimental,Seen,0.9751462471148364,0.9539878471143278
14,experimental,Unseen,0.9810405972210093,1.0007774417956845
14,experimental,Seen,0.9813242007947365,0.955287558077699
14,experimental,Unseen,0.9800817954721555,0.9201953620666814
14,experimental,Seen,0.9837904847094091,1.035869637806702
14,experimental,Seen,0.9610213013384162,0.8877025879824061
14,experimental,Unseen,0.976105076514768,1.055365302257267
14,experimental,Seen,0.9720323469384684,0.9513884251875859
14,experimental,Seen,0.9783448130609226,0.9877803321619745
14,experimental,Unseen,0.9751308398839977,0.9461895813341019
14,experimental,Seen,0.9701365181327589,0.8643077906417276
14,experimental,Seen,0.9721500840806853,0.9175959401399395
14,experimental,Unseen,0.9732161967963858,1.0514661693671543
14,experimental,Unseen,0.9739639586385718,0.9916794650520875
14,experimental,Unseen,0.9627324518684944,0.8760051893120668
14,experimental,Seen,0.9710962463170117,0.9201953620666814
14,experimental,Seen,0.9654375421588912,0.9799820663817482
14,experimental,Seen,0.9716596056295461,0.9253942059201656
14,experimental,Unseen,0.9820769570932117,0.9604864019311832
14,experimental,Seen,0.9748515170650012,1.0176736843195078
14,experimental,Unseen,0.9812046272105903,0.9149965182131973
14,experimental,Seen,0.9761857110415574,0.9617861128945542
14,experimental,Unseen,0.9769242157240713,0.9942788869788295
14,experimental,Unseen,0.9706440886081048,1.0085757075759108
14,experimental,Seen,0.9630029107239984,0.9162962291765685
14,experimental,Seen,0.9778418015110577,0.968284667711409
14,experimental,Seen,0.9633332567311752,0.9539878471143277
14,experimental,Unseen,0.9837397018510367,0.9500887142242148
14,experimental,Unseen,0.9789480174521354,1.028071372026476
14,experimental,Seen,0.9743074901403578,0.8435124152277913
14,experimental,Seen,0.982348142342646,0.9513884251875859
14,experimental,Unseen,0.9742412499392387,1.0111751295026528
14,experimental,Unseen,0.9884490714461429,1.0241722391363632
14,experimental,Unseen,0.9720419201640655,0.9890800431253455
14,experimental,Seen,0.9819446707274956,0.9240944949567946
14,experimental,Unseen,0.9779820369143617,0.9825814883084903
14,experimental,Seen,0.9810485787528818,0.8747054783486956
14,experimental,Seen,0.9794542105229398,0.87990432220218
14,experimental,Unseen,0.9791129355901582,0.9435901594073599
14,experimental,Unseen,0.9735659845722013,0.9058985414696002
14,experimental,Unseen,0.9762167675217353,1.0020771527590557
14,experimental,Seen,0.9831668409453188,0.9019994085794872
14,experimental,Seen,0.9768894492558373,0.9019994085794873
14,experimental,Seen,0.9726748533735228,0.8630080796783566
14,experimental,Seen,0.9843071617972525,0.965685245784667
14,experimental,Seen,0.9771145292853027,0.952688136150957
14,experimental,Seen,0.9834103002889402,0.9838811992718616
14,experimental,Unseen,0.9767251605584661,0.9812817773451195
14,experimental,Unseen,0.9752634331729299,0.9474892922974729
14,experimental,Unseen,0.9802501877205143,0.959186690967812
14,experimental,Unseen,0.9838131482769455,0.9994777308323135
14,experimental,Seen,0.9745269609759951,0.8552098138981307
14,experimental,Unseen,0.9777996561786082,0.8630080796783566
14,experimental,Unseen,0.9651432541356617,0.8864028770190348
14,experimental,Seen,0.9736742944763538,0.8500109700446465
14,experimental,Unseen,0.9673030660717985,0.827915883667339
14,experimental,Seen,0.976656878419887,0.9097976743597134
14,experimental,Unseen,0.9813234177349083,0.9734835115648932
14,experimental,Unseen,0.9835841566274917,0.963085823857925
14,experimental,Unseen,0.9705061975838942,0.8786046112388088
14,experimental,Seen,0.9754002136547291,0.9630858238579252
14,experimental,Seen,0.9781438771477484,0.9266939168835365
14,experimental,Unseen,0.9801877515762029,1.0345699268433313
14,experimental,Seen,0.9782946503005613,0.9383913155538758
14,experimental,Unseen,0.9540927002119881,0.8318150165574522
14,experimental,Unseen,0.9810557438554748,0.9981780198689425
14,experimental,Unseen,0.9762613566134326,1.024172239136363
14,experimental,Unseen,0.975442161981248,1.0813595215246878
14,experimental,Unseen,0.9713451910630064,0.9188956511033104
14,experimental,Unseen,0.9775863221938224,0.9357918936271336
14,experimental,Unseen,0.9718618098515157,0.8227170398138552
14,experimental,Seen,0.9736329962426937,1.0137745514293948
14,experimental,Unseen,0.9774903604837483,0.9851809102352326
14,experimental,Unseen,0.9752974272798955,0.9305930497736494
14,experimental,Unseen,0.9741933140926206,1.1502442025833517
14,experimental,Seen,0.9735700958976856,1.0527658803305253
14,experimental,Seen,0.9734090077452004,0.9721838006015223
14,experimental,Unseen,0.9798985771623783,1.0176736843195076
14,experimental,Unseen,0.983232629439973,0.9695843786747802
14,experimental,Seen,0.9587043162512973,0.9526881361509569
14,experimental,Unseen,0.9660148629217736,0.9435901594073598
14,experimental,Seen,0.9683089864153217,0.9305930497736496
14,experimental,Unseen,0.9707010054154814,0.9734835115648932
14,experimental,Unseen,0.9743936955866958,0.9045988305062292
14,experimental,Unseen,0.9499293072672288,0.9214950730300525
14,experimental,Unseen,0.9684523877309493,0.9734835115648934
14,experimental,Seen,0.9823337699405867,0.8409129933010493
14,experimental,Seen,0.9779720909620204,0.9201953620666816
14,experimental,Seen,0.9744504172914689,0.9370916045905047
14,experimental,Unseen,0.9819554370787247,1.018973395282879
14,experimental,Unseen,0.9718331453223392,1.0150742623927658
14,experimental,Seen,0.9781647236114621,0.8825037441289222
14,experimental,Unseen,0.9748976263308834,0.9240944949567944
14,experimental,Seen,0.9764314138568114,0.9253942059201656
14,experimental,Seen,0.971798932120326,0.9136968072498264
14,experimental,Unseen,0.9759151471823417,0.9331924717003917
14,experimental,Unseen,0.9690762604018469,0.9422904484439887
14,experimental,Seen,0.9728941655181315,0.9617861128945542
14,experimental,Seen,0.969228690006397,0.9227947839934235
14,experimental,Seen,0.9570118428946214,0.9448898703707308
14,experimental,Unseen,0.9716533181583811,0.9318927607370207
14,experimental,Seen,0.9688180784256556,0.9942788869788295
14,experimental,Seen,0.9581487584007132,0.9370916045905048
14,experimental,Seen,0.9630864846230567,0.8786046112388091
14,experimental,Seen,0.9748313301962572,0.900699697616116
14,experimental,Unseen,0.9671330079930957,0.9825814883084902
14,experimental,Seen,0.9705756247379936,0.9097976743597134
14,experimental,Unseen,0.9833867534069596,1.0228725281729918
14,experimental,Seen,0.978876211127458,0.8604086577516145
14,experimental,Seen,0.9762149839829286,1.012474840466024
14,experimental,Unseen,0.9738125729137925,0.9331924717003915
14,experimental,Unseen,0.9652518199355962,0.9513884251875859
14,experimental,Unseen,0.9798554492929278,0.9539878471143279
14,experimental,Seen,0.9748051556120061,0.87990432220218
14,experimental,Seen,0.9738587785840244,0.9695843786747802
14,experimental,Seen,0.9797175007288604,0.9357918936271338
14,experimental,Seen,0.977687801190181,1.0033768637224265
14,experimental,Seen,0.9745883738329582,0.9370916045905047
14,experimental,Unseen,0.9713556956390305,1.0059762856491685
14,experimental,Seen,0.9803433696058946,1.0943566311583983
14,experimental,Seen,0.9698955966582296,0.963085823857925
14,experimental,Unseen,0.972030619082853,0.959186690967812
14,experimental,Unseen,0.9836797665297494,0.9513884251875859
14,experimental,Unseen,0.9783918363057883,1.0059762856491683
14,experimental,Seen,0.9738995848516124,0.966984956748038
14,experimental,Unseen,0.9817924226975956,1.102154896938624
14,experimental,Seen,0.9790878664742776,0.9331924717003918
14,experimental,Unseen,0.9776264013777374,1.02027310624625
14,experimental,Unseen,0.9769940031660812,0.9643855348212962
14,experimental,Seen,0.9825889872876543,1.0683624118909778
14,experimental,Unseen,0.982516487393782,0.9786823554183772
14,experimental,Unseen,0.975162518561154,1.0163739733561366
14,experimental,Seen,0.9831908380714027,0.9773826444550063
14,experimental,Unseen,0.9771059017575215,0.9110973853230843
14,experimental,Unseen,0.9700581335306505,1.0098754185392818
14,experimental,Seen,0.9841791797530062,1.0553653022572673
14,experimental,Unseen,0.9832013485843073,1.0683624118909776
14,experimental,Unseen,0.9817364189132832,1.0540655912938963
14,experimental,Seen,0.9803785219268664,1.0488667474404125
14,experimental,Seen,0.9753445993426721,0.9981780198689425
14,experimental,Unseen,0.9822138104941122,1.0696621228543488
14,experimental,Unseen,0.9802854774880775,1.0306707939532178
14,experimental,Unseen,0.9797222374516215,1.037169348770073
14,experimental,Unseen,0.9784495186758284,0.9903797540887164
14,experimental,Unseen,0.9724473246063676,0.89290143183589
14,experimental,Seen,0.9770704237780177,1.1138522956089634
14,experimental,Seen,0.9817385766574902,0.9721838006015221
14,localizer,Seen,0.9822852305688989,0.9370916045905047
14,localizer,Seen,0.9698795181846311,0.885103166055664
14,localizer,Seen,0.9729880545008501,0.9643855348212962
14,localizer,Seen,0.9783341581098074,0.7967228205464346
14,localizer,Seen,0.9763981052680614,0.8929014318358901
14,localizer,Seen,0.9690126283747454,0.885103166055664
14,localizer,Seen,0.9764239099460927,0.8084202192167739
14,localizer,Seen,0.9787211513727712,0.8513106810080174
14,localizer,Seen,0.9695581145155383,0.7421349600848519
14,localizer,Seen,0.9747257831567533,0.8929014318358901
14,localizer,Seen,0.9703360966091451,0.8942011427992611
14,localizer,Seen,0.9739657613746194,0.9513884251875858
14,localizer,Seen,0.9692828165034214,0.9539878471143279
14,localizer,Seen,0.9750685950542154,0.9071982524329714
14,localizer,Seen,0.9700939170324595,0.8019216643999187
14,localizer,Seen,0.9710163609184311,0.8305153055940809
14,localizer,Seen,0.9776099409119149,0.8435124152277913
14,localizer,Seen,0.9749748729980064,0.8682069235318407
14,localizer,Seen,0.9694801815297975,0.8721060564219537
14,localizer,Seen,0.9673989634415882,0.8799043222021798
14,localizer,Seen,0.9731507341495013,0.9149965182131974
14,localizer,Seen,0.9669132725002283,0.9539878471143278
14,localizer,Seen,0.9680592572939156,0.8383135713743072
14,localizer,Seen,0.968356380520563,0.7837257109127245
14,localizer,Seen,0.9588889881487737,0.8747054783486957
14,localizer,Seen,0.974363015062327,0.8175181959603711
14,localizer,Unseen,0.9679384166029641,0.8526103919713885
14,localizer,Seen,0.9683171648233567,0.8630080796783567
14,localizer,Seen,0.9706706792755369,0.959186690967812
14,localizer,Seen,0.9741234724109326,0.9110973853230843
14,localizer,Seen,0.973792776201049,0.9877803321619745
14,localizer,Seen,0.9753712632120014,0.8591089467882435
14,localizer,Seen,0.9729328315501402,0.8422127042644204
14,localizer,Seen,0.9731036355810472,0.8993999866527452
14,localizer,Seen,0.9696259030055904,0.7824259999493535
14,localizer,Seen,0.9490555614251429,0.8019216643999187
14,localizer,Seen,0.9765320594027034,0.8760051893120668
14,localizer,Seen,0.9737531900413198,0.9539878471143279
14,localizer,Seen,0.9658551813370251,0.7694288903156434
14,localizer,Seen,0.9808327745689768,0.830515305594081
14,localizer,Seen,0.9782785802339597,0.9656852457846671
14,localizer,Seen,0.9767353288171864,1.0176736843195078
14,localizer,Seen,0.9727402988137456,0.8993999866527453
14,localizer,Seen,0.9719175133684695,0.959186690967812
14,localizer,Seen,0.9658384928889094,0.8643077906417277
14,localizer,Seen,0.967205788185409,0.95658726904107
14,localizer,Seen,0.9653547622575898,0.8461118371545334
14,localizer,Seen,0.9757167317407218,0.8591089467882436
14,localizer,Seen,0.970136319608321,0.881204033165551
14,localizer,Seen,0.9649849026770232,0.8383135713743074
14,localizer,Seen,0.9776598711518273,0.9136968072498265
14,localizer,Seen,0.9752721465823662,0.8526103919713884
14,localizer,Seen,0.9690763372286251,0.9591866909678121
14,localizer,Seen,0.9655674257048023,0.9461895813341019
14,localizer,Seen,0.9770827978512586,0.8123193521068869
14,localizer,Seen,0.9668373724382725,0.8435124152277914
14,localizer,Seen,0.9735428232261794,0.9162962291765686
14,localizer,Seen,0.9788827048713661,0.9539878471143279
14,localizer,Seen,0.9632038541366927,0.885103166055664
14,localizer,Seen,0.9757618842815067,0.9136968072498264
14,localizer,Seen,0.9788727777487778,0.8370138604109364
14,localizer,Seen,0.9635368099042425,0.9513884251875858
14,localizer,Seen,0.9782104297973783,0.9123970962864554
14,localizer,Seen,0.9706573460988406,0.9266939168835364
14,localizer,Seen,0.9748605657411319,0.8643077906417278
14,localizer,Seen,0.9731937596594129,0.8448121261911623
14,localizer,Seen,0.9705422602607047,0.887702587982406
14,localizer,Seen,0.9630926045896628,0.8669072125684697
14,localizer,Seen,0.9702240696065564,0.8448121261911624
14,localizer,Seen,0.9679857171220837,0.898100275689374
14,localizer,Seen,0.9785088756703206,0.8474115481179045
14,localizer,Seen,0.9728431346517398,0.889002298945777
14,localizer,Seen,0.9681217343104208,0.833114727520823
14,localizer,Seen,0.9716315619437161,0.8084202192167739
14,localizer,Seen,0.9590306265868574,0.8058207972900318
14,localizer,Seen,0.9716595127945848,0.9318927607370208
14,localizer,Seen,0.9703550387660945,0.7564317806819331
14,localizer,Seen,0.9702062203421908,0.7954231095830636
14,localizer,Seen,0.9722148170163727,0.7746277341691273
14,localizer,Seen,0.9692614660140391,1.0020771527590557
14,localizer,Seen,0.9793249637963729,0.9877803321619745
14,localizer,Seen,0.9772785314414255,1.0488667474404125
14,localizer,Seen,0.9744161934467263,0.9604864019311832
14,localizer,Seen,0.9767587772133381,0.8799043222021797
14,localizer,Seen,0.9799124950392554,0.9877803321619745
14,localizer,Seen,0.9744209997165274,0.8474115481179045
14,localizer,Seen,0.9716559367834696,0.7941233986196926
14,localizer,Seen,0.974026506261331,1.02027310624625
14,localizer,Seen,0.9823613016869116,0.9955785979422005
14,localizer,Seen,0.9808610676936269,0.9344921826637627
14,localizer,Seen,0.9694811535859882,0.9123970962864554
14,localizer,Seen,0.9749020357085979,0.9331924717003915
14,localizer,Seen,0.9753164552176898,0.7863251328394664
14,localizer,Seen,0.9799411988980152,0.9565872690410698
14,localizer,Seen,0.9738916785432775,0.8435124152277913
14,localizer,Seen,0.9733384558449801,0.9422904484439887
14,localizer,Seen,0.972735956443241,0.885103166055664
14,localizer,Seen,0.9744316798444206,0.8656075016050987
14,localizer,Seen,0.9730911568471697,0.8630080796783567
14,localizer,Seen,0.9761031507590352,0.8721060564219537
14,localizer,Seen,0.9788482505251662,0.889002298945777
14,localizer,Seen,0.9754177392385076,0.8669072125684697
14,localizer,Seen,0.9790921671975497,0.9318927607370208
14,localizer,Seen,0.9777657460118216,0.9916794650520875
14,localizer,Seen,0.9682733566244839,0.889002298945777
14,localizer,Seen,0.9756139552516027,0.9838811992718614
14,localizer,Seen,0.9669512896447842,0.9175959401399395
14,localizer,Seen,0.9692589158159923,0.8578092358248726
14,localizer,Seen,0.9804998762680129,0.9552875580776989
14,localizer,Seen,0.9737206266361899,0.9097976743597134
14,localizer,Seen,0.9745212949549656,0.8695066344952116
14,localizer,Seen,0.9638113973097421,0.8227170398138551
14,localizer,Seen,0.9731385448647082,0.8409129933010493
14,localizer,Seen,0.9742857511335363,0.8734057673853249
14,localizer,Seen,0.9804619234484045,0.9630858238579248
14,localizer,Seen,0.9747894906648552,0.876005189312067
14,localizer,Seen,0.9785602584691538,1.037169348770073
14,localizer,Seen,0.9745548722016157,0.822717039813855
14,localizer,Seen,0.9773619658633453,1.024172239136363
14,localizer,Seen,0.9771037183530228,0.9370916045905048
14,localizer,Seen,0.9818988807042781,0.887702587982406
14,localizer,Seen,0.9663296732794158,0.7733280232057564
14,localizer,Seen,0.9721842029520377,0.8591089467882436
14,localizer,Seen,0.9742319361757483,0.7629303354987882
14,localizer,Seen,0.9750909402759496,1.021572817209621
14,localizer,Seen,0.977749850967807,1.0033768637224267
14,localizer,Seen,0.9697862895664591,0.9513884251875857
14,localizer,Seen,0.9763685800457901,0.9565872690410698
14,localizer,Seen,0.9794437211182542,0.9370916045905048
14,localizer,Seen,0.9766659883359715,0.9968783089055717
14,localizer,Seen,0.9640110845541108,0.8955008537626321
14,localizer,Seen,0.97515518052103,0.8383135713743072
14,localizer,Seen,0.9782387225218927,0.9968783089055716
14,localizer,Seen,0.9803980677848545,0.9097976743597133
14,localizer,Seen,0.968970595641293,0.7720283122423853
14,localizer,Seen,0.974944312832143,0.8955008537626321
14,localizer,Seen,0.9717784140572084,0.9201953620666814
14,localizer,Seen,0.9655965566685508,0.8851031660556639
14,localizer,Seen,0.9741914617641128,0.9331924717003917
14,localizer,Seen,0.9742616704346264,0.9162962291765685
14,localizer,Seen,0.9632106919059719,0.891601720872519
14,localizer,Seen,0.9736557054443661,0.9227947839934236
14,localizer,Seen,0.9730953336695798,1.0514661693671543
14,localizer,Seen,0.9761881327326369,0.9539878471143279
14,localizer,Seen,0.9742246653611736,0.9175959401399393
14,localizer,Seen,0.9813184458654619,0.9552875580776989
14,localizer,Seen,0.9747307680373112,0.9669849567480381
14,localizer,Seen,0.9738401552548136,0.8981002756893741
14,localizer,Seen,0.9712943108247406,0.9747832225282643
14,localizer,Seen,0.966706986391099,0.9656852457846672
14,localizer,Seen,0.9638720390899667,0.8435124152277915
14,localizer,Seen,0.9685047144118242,0.9448898703707307
14,localizer,Seen,0.9593936708442795,0.8513106810080173
14,localizer,Seen,0.9783960526778478,0.9019994085794871
14,localizer,Seen,0.9666393893432422,0.9903797540887166
14,localizer,Seen,0.9717659345651732,0.9084979633963423
14,localizer,Seen,0.9656435897453939,0.889002298945777
14,localizer,Unseen,0.9854274023523915,1.1255496942793026
14,localizer,Seen,0.9783408667881222,0.9942788869788296
14,localizer,Seen,0.9810007277510739,0.9526881361509568
14,localizer,Seen,0.9754408335124686,1.0254719500997338
14,localizer,Seen,0.9742647351963883,0.9136968072498264
14,localizer,Seen,0.963108064613209,0.9435901594073598
14,localizer,Seen,0.9754682330919677,0.9448898703707308
14,localizer,Seen,0.9758806792079359,0.9656852457846671
14,localizer,Seen,0.9773241170936677,0.9435901594073597
14,localizer,Seen,0.9802207538720518,0.8942011427992611
14,localizer,Seen,0.9789953701809209,0.9539878471143278
14,localizer,Seen,0.9575127626110485,0.7967228205464346
14,localizer,Seen,0.9642671986756693,0.8565095248615016
14,localizer,Seen,0.9741301589318901,0.8591089467882437
14,localizer,Seen,0.9644661140279741,0.8890022989457771
14,localizer,Seen,0.9732910743693352,0.9526881361509569
14,localizer,Seen,0.9656063864689768,0.9435901594073597
14,localizer,Seen,0.961456217061348,0.8253164617405971
14,localizer,Seen,0.969738469525874,0.9253942059201656
14,localizer,Seen,0.9762853003747222,1.0150742623927658
14,localizer,Seen,0.973527896186133,0.9292933388102786
14,localizer,Seen,0.9682982592708872,0.8968005647260032
14,localizer,Seen,0.9683450734200962,0.9279936278469079
14,localizer,Seen,0.956809188367092,0.8526103919713887
14,localizer,Seen,0.9736509574187292,0.822717039813855
14,localizer,Seen,0.9663249880123801,0.8526103919713887
14,localizer,Seen,0.9729477410564449,0.9240944949567945
14,localizer,Seen,0.9713915029047624,0.878604611238809
14,localizer,Seen,0.9745902512472249,0.8916017208725189
14,localizer,Seen,0.9642209577993442,0.9695843786747803
14,localizer,Seen,0.963140964610639,0.8682069235318407
14,localizer,Seen,0.9626463951377601,0.9162962291765685
14,localizer,Seen,0.9616609580530817,0.8227170398138552
14,localizer,Seen,0.9616797884206324,0.8201176178871132
14,localizer,Seen,0.971641408524164,0.9903797540887165
14,localizer,Seen,0.9705561136138924,0.87990432220218
14,localizer,Seen,0.9656320869168844,0.9747832225282643
14,localizer,Seen,0.9674425771488787,0.8032213753632897
14,localizer,Seen,0.9758491245518011,0.8643077906417276
14,localizer,Seen,0.9655961100143868,0.9526881361509569
14,localizer,Seen,0.9686685344793002,0.8474115481179044
14,localizer,Seen,0.9557410232607874,0.9084979633963423
14,localizer,Seen,0.9802998867201242,0.8097199301801449
15,experimental,Unseen,0.9657522975302284,0.8188179069237419
15,experimental,Seen,0.9605656121414763,0.6589534584291067
15,experimental,Seen,0.9655055069286751,0.7902242657295797
15,experimental,Seen,0.9688935159760358,0.7408352491214808
15,experimental,Seen,0.9569494852480034,0.7018439202203504
15,experimental,Seen,0.9689445857038438,0.8591089467882437
15,experimental,Seen,0.9622204863753792,0.7941233986196927
15,experimental,Seen,0.9631793772641831,0.753832358755191
15,experimental,Seen,0.9589022319393058,0.8409129933010492
15,experimental,Seen,0.9712764751202966,0.8487112590812755
15,experimental,Seen,0.9467414303026792,0.8734057673853248
15,experimental,Seen,0.9629272615081583,0.746034092974965
15,experimental,Seen,0.9662532209145773,0.8604086577516145
15,experimental,Seen,0.9712740249288211,0.8838034550922926
15,experimental,Seen,0.9656002247419209,0.8383135713743074
15,experimental,Seen,0.9663707172626094,0.8513106810080174
15,experimental,Seen,0.9714533999686389,0.8136190630702579
15,experimental,Seen,0.9678482396432719,0.8344144384841945
15,experimental,Unseen,0.9558327625813867,0.8539101029347594
15,experimental,Seen,0.9640479410100123,0.869506634495212
15,experimental,Seen,0.9610036654198529,0.8162184849970001
15,experimental,Seen,0.9687609803715989,0.7577314916453042
15,experimental,Seen,0.9608215611816994,0.7551320697185621
15,experimental,Seen,0.952814378008333,0.7655297574255301
15,experimental,Seen,0.9485632983537897,0.7161407408174313
15,experimental,Unseen,0.967131437076538,0.9331924717003917
15,experimental,Seen,0.9614707294475082,0.7668294683889013
15,experimental,Seen,0.9711253380351305,0.8149187740336289
15,experimental,Seen,0.9655990229812637,0.7889245547662085
15,experimental,Seen,0.9761064630013557,0.8266161727039681
15,experimental,Seen,0.9628845636919225,0.7083424750372054
15,experimental,Seen,0.9696952607216645,0.8331147275208232
15,experimental,Seen,0.9544869650310132,0.6004664650774109
15,experimental,Seen,0.9604089564282827,0.8513106810080175
15,experimental,Seen,0.9596853193448466,0.7356364052679969
15,experimental,Seen,0.9627699710666023,0.9604864019311831
15,experimental,Unseen,0.9732514936604673,0.7473338039383361
15,experimental,Seen,0.9556556075999066,0.6732502790261878
15,experimental,Seen,0.9679645272916823,0.878604611238809
15,experimental,Seen,0.9740977742077678,0.9409907374806178
15,experimental,Seen,0.9841302669716905,0.9123970962864554
15,experimental,Seen,0.9686445485533901,0.8435124152277914
15,experimental,Seen,0.9746108119881128,0.7096421860005765
15,experimental,Seen,0.9724194778393126,0.7733280232057563
15,experimental,Seen,0.9711202190959312,0.8993999866527452
15,experimental,Seen,0.9728118009840513,0.8175181959603708
15,experimental,Seen,0.9596035414671618,0.7642300464621593
15,experimental,Unseen,0.9709866997714655,1.0098754185392818
15,experimental,Unseen,0.970827217493864,0.964385534821296
15,experimental,Unseen,0.9670023730766508,0.8500109700446464
15,experimental,Seen,0.9722506935539641,0.9162962291765683
15,experimental,Seen,0.9707985095550511,0.9357918936271337
15,experimental,Seen,0.9676673481894353,0.7577314916453043
15,experimental,Unseen,0.9721252186787924,0.9396910265172468
15,experimental,Seen,0.9680808395133373,0.8214173288504839
15,experimental,Seen,0.9674113131004197,0.8344144384841943
15,experimental,Seen,0.9674677975317116,1.037169348770073
15,experimental,Seen,0.9755556622836203,0.8864028770190351
15,experimental,Seen,0.9636735793125326,0.8318150165574524
15,experimental,Seen,0.980497487711362,1.0085757075759105
15,experimental,Unseen,0.9638453893442278,0.7915239766929506
15,experimental,Seen,0.961274436200494,0.8617083687149856
15,experimental,Seen,0.9618440402480529,0.7434346710482229
15,experimental,Seen,0.9658945155812111,0.8032213753632897
15,experimental,Unseen,0.9485614011931255,0.7863251328394665
15,experimental,Seen,0.959295097658669,0.7850254218760957
15,experimental,Unseen,0.9593446730271779,0.9695843786747801
15,experimental,Seen,0.9684868439309918,0.9071982524329714
15,experimental,Unseen,0.9586682335801566,0.8799043222021798
15,experimental,Seen,0.9599297639900539,0.6654520132459618
15,experimental,Seen,0.9622962220206185,0.8604086577516147
15,experimental,Unseen,0.9684890749216781,0.8747054783486959
15,experimental,Seen,0.9629464450392999,0.7187401627441736
15,experimental,Unseen,0.9569980247802861,0.8227170398138551
15,experimental,Seen,0.9606728829728793,0.8227170398138551
15,experimental,Unseen,0.958628338813084,0.8812040331655511
15,experimental,Seen,0.9620053333761764,0.8123193521068869
15,experimental,Seen,0.969149795590402,0.8448121261911623
15,experimental,Unseen,0.9653762975926568,1.0085757075759108
15,experimental,Unseen,0.9611772682363133,0.7083424750372054
15,experimental,Unseen,0.9542168126590526,0.7668294683889013
15,experimental,Seen,0.9680871470300437,0.6901465215500111
15,experimental,Seen,0.9532267286830499,0.7265384285243996
15,experimental,Seen,0.9562587446965637,0.5926681992971846
15,experimental,Seen,0.9621830994628375,0.8799043222021798
15,experimental,Seen,0.9548909452139651,0.6472560597587675
15,experimental,Seen,0.9650398530112544,0.7161407408174315
15,experimental,Seen,0.9715655277135998,0.8357141494475653
15,experimental,Seen,0.958265269751633,0.7655297574255302
15,experimental,Seen,0.9691535587919696,0.8656075016050988
15,experimental,Seen,0.9660307538568511,0.6641523022825908
15,experimental,Unseen,0.9625696136597748,0.8773049002754378
15,experimental,Seen,0.96269368264292,0.6979447873302373
15,experimental,Seen,0.9634478611704012,0.9435901594073598
15,experimental,Seen,0.9672749279095441,0.8175181959603711
15,experimental,Seen,0.9704861080052162,0.7928236876563217
15,experimental,Unseen,0.9644164782889822,0.9240944949567945
15,experimental,Seen,0.9828170710090589,0.8227170398138552
15,experimental,Seen,0.9778173381255948,0.8734057673853247
15,experimental,Seen,0.9821781399641181,0.9331924717003918
15,experimental,Unseen,0.9745008503056185,0.9630858238579252
15,experimental,Seen,0.977439631107572,0.9604864019311831
15,experimental,Seen,0.9579571912241874,0.6641523022825907
15,experimental,Unseen,0.962123115160084,0.8084202192167739
15,experimental,Seen,0.9827982317249148,0.9318927607370208
15,experimental,Seen,0.9765719714947272,0.8604086577516145
15,experimental,Unseen,0.9667615598409144,0.9695843786747803
15,experimental,Seen,0.9642440026661241,0.6303598172349442
15,experimental,Seen,0.9721311430733328,0.8084202192167738
15,experimental,Seen,0.9673727141064685,0.7382358271947388
15,experimental,Unseen,0.970694973717095,0.8292155946307103
15,experimental,Unseen,0.9707081197988462,0.8409129933010495
15,experimental,Seen,0.972933768022029,0.8435124152277914
15,experimental,Seen,0.9585910673649487,0.7512329368284489
15,experimental,Seen,0.9773832640528833,0.9565872690410698
15,experimental,Seen,0.9700777836594602,0.7291378504511417
15,experimental,Seen,0.9612228640951446,0.8500109700446465
15,experimental,Unseen,0.9636929333774116,0.8864028770190349
15,experimental,Seen,0.9717416522141579,0.9877803321619744
15,experimental,Seen,0.9617926172341043,0.8721060564219537
15,experimental,Seen,0.9659713930356905,0.6979447873302373
15,experimental,Seen,0.9644544241863203,0.7993222424731766
15,experimental,Seen,0.9575938787935697,0.8500109700446464
15,experimental,Seen,0.9644873815748761,0.6732502790261878
15,experimental,Seen,0.9658175031229379,0.8123193521068868
15,experimental,Unseen,0.9572974501257044,0.67584970095293
15,experimental,Unseen,0.9656608955090816,0.8344144384841942
15,experimental,Seen,0.959953579386799,0.8071205082534029
15,experimental,Unseen,0.9681366677152684,0.833114727520823
15,experimental,Seen,0.9590055887102461,0.8149187740336291
15,experimental,Unseen,0.9512078381907473,0.8695066344952118
15,experimental,Seen,0.9500333683794251,0.7356364052679968
15,experimental,Unseen,0.969347863616768,0.9760829334916354
15,experimental,Seen,0.9634642275515545,0.9006996976161162
15,experimental,Unseen,0.9670621124332464,0.891601720872519
15,experimental,Seen,0.9710496556258749,0.876005189312067
15,experimental,Seen,0.9513981332329658,0.6719505680628167
15,experimental,Seen,0.9665759454397745,0.7408352491214809
15,experimental,Seen,0.9711504720600239,0.805820797290032
15,experimental,Unseen,0.9649216772686423,0.889002298945777
15,experimental,Seen,0.9628271593626072,0.8071205082534029
15,experimental,Seen,0.9711786514366557,0.9500887142242149
15,experimental,Seen,0.9612134260133691,0.8435124152277915
15,experimental,Seen,0.9702089816948403,0.8357141494475653
15,experimental,Seen,0.9620936629958972,0.8474115481179044
15,experimental,Seen,0.9665767749239342,0.7928236876563216
15,experimental,Seen,0.955116127871591,0.8019216643999187
15,experimental,Seen,0.9642891752761135,0.8760051893120668
15,experimental,Seen,0.9715508518981799,0.9760829334916352
15,experimental,Seen,0.9573219258455206,0.7096421860005764
15,experimental,Seen,0.9677379780757258,0.7343366943046259
15,experimental,Unseen,0.9668022173204619,0.9500887142242149
15,experimental,Unseen,0.971878911919153,0.9734835115648931
15,experimental,Unseen,0.9623911193029275,0.8539101029347596
15,experimental,Seen,0.9623337768766428,0.8266161727039681
15,experimental,Unseen,0.968798025194587,0.8526103919713887
15,experimental,Seen,0.9661141437976013,0.7200398737075445
15,experimental,Seen,0.9679040205397572,0.8552098138981306
15,experimental,Seen,0.9602888123776467,0.8695066344952118
15,experimental,Seen,0.9486140105591483,0.9019994085794872
15,experimental,Unseen,0.9675897070921924,0.9266939168835366
15,experimental,Unseen,0.9706685517463642,0.8136190630702581
15,experimental,Unseen,0.9612875939618098,0.8630080796783565
15,experimental,Seen,0.9578283600296063,0.7226392956342867
15,experimental,Seen,0.9606210181642162,0.7434346710482229
15,experimental,Seen,0.9503449498663334,0.605665308930895
15,experimental,Seen,0.9639557346990764,0.5536768703960541
15,experimental,Unseen,0.9689470238015044,0.9097976743597134
15,experimental,Unseen,0.9673731163336629,0.8721060564219537
15,experimental,Unseen,0.9689266017223067,0.889002298945777
15,experimental,Seen,0.9673829849904914,0.8487112590812755
15,experimental,Seen,0.9598042491996693,0.8097199301801447
15,experimental,Unseen,0.9668993405204456,0.8734057673853247
15,experimental,Seen,0.9734771798751514,0.8552098138981307
15,experimental,Seen,0.9640950882140326,0.8032213753632896
15,experimental,Seen,0.9575987606768854,0.8019216643999189
15,experimental,Unseen,0.9687181640781285,0.9526881361509568
15,experimental,Unseen,0.9681542418873308,0.6914462325133821
15,experimental,Seen,0.9610831244571002,0.9422904484439888
15,experimental,Seen,0.9555678030171681,0.7863251328394667
15,experimental,Unseen,0.9649847487935216,0.7408352491214807
15,experimental,Unseen,0.9567434945110761,0.8006219534365477
15,experimental,Unseen,0.9624433762179744,0.8448121261911625
15,experimental,Unseen,0.9549999188482389,0.9292933388102785
15,experimental,Unseen,0.9880299774416428,1.0839589434514298
15,experimental,Unseen,0.9788333419886338,0.9838811992718614
15,experimental,Unseen,0.982957396736613,1.028071372026476
15,experimental,Unseen,0.9719504063780476,0.9968783089055716
15,experimental,Seen,0.9798266534350982,0.9396910265172467
15,experimental,Seen,0.9739216281951963,0.966984956748038
15,experimental,Unseen,0.9544636644705081,0.8877025879824061
15,experimental,Unseen,0.9720798156347645,0.8617083687149856
15,experimental,Unseen,0.9726147750017438,0.955287558077699
15,experimental,Unseen,0.9656800224195743,0.877304900275438
15,experimental,Unseen,0.9633631709868069,0.9175959401399394
15,experimental,Unseen,0.9812551058083184,0.9981780198689426
15,experimental,Unseen,0.9762587732524691,0.883803455092293
15,experimental,Unseen,0.9754137730602428,0.9110973853230843
15,experimental,Unseen,0.9652379786447941,0.8240167507772261
15,experimental,Seen,0.9740758602199588,0.9318927607370207
15,experimental,Unseen,0.9394101465125086,0.7486335149017072
15,experimental,Seen,0.961658214327063,0.8643077906417277
15,experimental,Unseen,0.9566648672715632,0.8357141494475653
15,experimental,Unseen,0.9588843979681585,0.891601720872519
15,experimental,Seen,0.9545819651454417,0.7811262889859826
15,experimental,Unseen,0.9744343172746612,0.8838034550922932
15,experimental,Unseen,0.9615943273574249,0.9461895813341019
15,experimental,Unseen,0.9675763826052151,0.8799043222021796
15,experimental,Unseen,0.9728778042413125,0.8019216643999187
15,experimental,Seen,0.9623799111020747,0.8604086577516147
15,experimental,Unseen,0.9650623983272392,0.952688136150957
15,experimental,Seen,0.956998855653012,0.7044433421470925
15,experimental,Unseen,0.9703451085968606,0.9019994085794871
15,experimental,Unseen,0.9664280743969761,0.9201953620666814
15,experimental,Unseen,0.9667580693744162,0.8981002756893741
15,experimental,Unseen,0.9554532158118553,0.9396910265172468
15,experimental,Unseen,0.9626359091931365,0.8071205082534028
15,experimental,Unseen,0.9639320101059075,0.9487890032608439
15,experimental,Seen,0.9581288865886638,0.8721060564219539
15,experimental,Seen,0.9796069090942885,0.9188956511033104
15,experimental,Unseen,0.9821231892620012,1.1359473819862707
15,experimental,Seen,0.986279029087721,0.9032991195428582
15,experimental,Seen,0.983139061805923,0.9253942059201656
15,experimental,Unseen,0.9824221594697135,0.946189581334102
15,experimental,Unseen,0.9786985867707568,1.0215728172096208
15,experimental,Unseen,0.9721960985650218,0.9916794650520875
15,experimental,Unseen,0.9853005700567141,1.1060540298287374
15,experimental,Seen,0.9726002567172262,1.0020771527590557
15,experimental,Unseen,0.9634017786416281,0.8838034550922929
15,experimental,Seen,0.9781258318506739,1.0085757075759108
15,experimental,Unseen,0.9695976492726454,0.9526881361509569
15,experimental,Unseen,0.9565089390828729,0.9292933388102785
15,experimental,Seen,0.9722341565316864,0.8292155946307103
15,experimental,Unseen,0.9676183211670686,0.8617083687149856
15,experimental,Unseen,0.9608158158414136,0.9253942059201656
15,experimental,Seen,0.964493107910582,0.9474892922974729
15,experimental,Unseen,0.9637720382930565,0.8526103919713887
15,experimental,Unseen,0.9639414103301097,0.939691026517247
15,experimental,Seen,0.9649812670516941,0.8786046112388091
15,experimental,Unseen,0.9614525763649272,0.894201142799261
15,experimental,Unseen,0.9816700497887192,1.0072759966125397
15,experimental,Seen,0.9760601519415281,0.8903020099091481
15,experimental,Unseen,0.9816098125909366,1.02027310624625
15,experimental,Seen,0.9809647138381087,0.9019994085794872
15,experimental,Seen,0.9696527169162309,0.8409129933010493
15,experimental,Seen,0.9731090532680585,0.8955008537626319
15,experimental,Seen,0.9620844916510136,0.8331147275208233
15,experimental,Seen,0.9604241678349987,0.7187401627441734
15,experimental,Seen,0.9686329859825037,0.7681291793522723
15,experimental,Seen,0.9753712598558801,0.809719930180145
15,experimental,Seen,0.9825684395792943,0.9838811992718614
15,experimental,Seen,0.9802227386744868,0.7850254218760955
15,experimental,Seen,0.9767613316173255,0.885103166055664
15,experimental,Unseen,0.981052246289956,1.1177514284990764
15,experimental,Unseen,0.980486299927094,0.9890800431253453
15,experimental,Seen,0.9791958512388882,0.7967228205464347
15,experimental,Seen,0.9821137449499593,1.0683624118909778
15,experimental,Unseen,0.9746519132855507,0.7109418969639475
15,experimental,Seen,0.9828989037044301,1.030670793953218
15,experimental,Seen,0.9769154012333715,0.9409907374806177
15,experimental,Unseen,0.9782426994245381,0.8682069235318407
15,experimental,Seen,0.9769779187471465,0.9526881361509569
15,experimental,Seen,0.985063302554742,1.0280713720264758
15,experimental,Seen,0.9781371081610399,0.94359015940736
15,experimental,Seen,0.9816988531538418,0.9331924717003917
15,experimental,Unseen,0.9796162980314767,0.9409907374806177
15,experimental,Unseen,0.973307506294961,0.9435901594073599
15,experimental,Seen,0.979889945786588,1.0345699268433313
15,experimental,Unseen,0.9795050118495139,1.09695605308514
15,experimental,Seen,0.9765287784824765,0.898100275689374
15,experimental,Seen,0.9769968600450313,1.082659232488059
15,experimental,Seen,0.9814809336662401,1.0462673255136703
15,experimental,Seen,0.979879955288403,1.1034546079019951
15,experimental,Unseen,0.9809730001131706,0.8993999866527452
15,experimental,Unseen,0.9684581596727224,1.04626732551367
15,experimental,Unseen,0.9673730191197775,1.029371082989847
15,experimental,Unseen,0.9742288519958084,0.9747832225282642
15,experimental,Seen,0.9709879572520056,0.9968783089055716
15,experimental,Unseen,0.9709031606418568,0.8903020099091481
15,experimental,Seen,0.9715008675192923,0.8591089467882435
15,experimental,Unseen,0.9824555265388256,0.9201953620666815
15,experimental,Seen,0.9715845518896106,0.8279158836673391
15,experimental,Unseen,0.9685300026783639,0.8669072125684697
15,experimental,Seen,0.9776726432923862,0.9305930497736495
15,experimental,Unseen,0.9747171664180191,0.9318927607370207
15,experimental,Unseen,0.978605182580273,0.9370916045905048
15,experimental,Unseen,0.9782980093978084,1.0072759966125397
15,experimental,Unseen,0.9764652479952756,0.8682069235318407
15,experimental,Unseen,0.9803401189838106,0.9604864019311831
15,experimental,Seen,0.9749282793848024,0.8370138604109364
15,experimental,Seen,0.9801171843817574,0.9760829334916352
15,experimental,Seen,0.9724215535423214,0.9331924717003918
15,experimental,Seen,0.9663899662194317,0.7447343820115939
15,experimental,Unseen,0.9691388486624306,0.8786046112388088
15,experimental,Unseen,0.96774310393837,0.9344921826637627
15,experimental,Unseen,0.9645847881939135,0.872106056421954
15,experimental,Seen,0.9739562580526134,0.9500887142242149
15,experimental,Seen,0.9663150518657748,0.8903020099091481
15,experimental,Seen,0.9632455349060002,0.9669849567480381
15,experimental,Unseen,0.9558584722878727,0.8708063454585827
15,experimental,Unseen,0.9630145721001754,0.883803455092293
15,experimental,Seen,0.9675193080801995,0.9032991195428582
15,experimental,Seen,0.9617715710456131,0.7993222424731767
15,experimental,Seen,0.9693081823567204,0.8617083687149856
15,experimental,Unseen,0.9778581783977317,1.0007774417956847
15,experimental,Unseen,0.9727771929494687,1.0423681926235573
15,experimental,Unseen,0.9748962748252649,0.9851809102352324
15,experimental,Seen,0.9705270515478057,0.75253264779182
15,experimental,Seen,0.9771844908227294,0.8643077906417279
15,experimental,Seen,0.9766090578411838,0.8682069235318406
15,experimental,Seen,0.9791314992802279,0.9474892922974729
15,experimental,Seen,0.9781353138623455,1.00727599661254
15,experimental,Seen,0.951419747508696,0.9071982524329713
15,experimental,Unseen,0.9840422302469727,1.09695605308514
15,experimental,Seen,0.9827511444980062,1.0696621228543486
15,experimental,Seen,0.9830435863589073,0.8357141494475654
15,experimental,Unseen,0.984047765120193,0.9734835115648933
15,experimental,Unseen,0.9756590148488984,1.0696621228543488
15,experimental,Unseen,0.9735429390174868,1.0475670364770413
15,experimental,Unseen,0.9750847797088943,1.0657629899642356
15,experimental,Seen,0.9769264538864316,0.8461118371545333
15,experimental,Seen,0.9459364440725289,0.7902242657295796
15,experimental,Seen,0.9695333288803544,0.7135413188906894
15,experimental,Seen,0.9586069534000018,0.9266939168835365
15,experimental,Seen,0.9641130196077201,0.8825037441289221
15,experimental,Seen,0.9796175189664897,0.8838034550922929
15,experimental,Seen,0.9812949868525509,0.8968005647260031
15,experimental,Seen,0.9738403939481057,0.7096421860005765
15,experimental,Seen,0.9774711859618611,1.0631635680374938
15,experimental,Seen,0.9791108020920396,0.9630858238579251
15,experimental,Seen,0.9810071274424812,0.9630858238579251
15,experimental,Unseen,0.9790997161840119,0.9799820663817482
15,experimental,Seen,0.9729988016646864,0.9253942059201656
15,experimental,Seen,0.9825432847583705,1.0553653022572673
15,experimental,Seen,0.9796230721123186,1.0111751295026528
15,experimental,Unseen,0.9858366782352522,1.1359473819862709
15,experimental,Seen,0.9758257438257806,0.9383913155538758
15,experimental,Seen,0.9768079657981886,0.8630080796783566
15,experimental,Unseen,0.9823196667803372,1.0631635680374933
15,experimental,Seen,0.9872313010918836,1.1450453587298677
15,experimental,Seen,0.9779875284479654,0.9981780198689426
15,experimental,Seen,0.9822201139931069,0.9851809102352324
15,experimental,Seen,0.9829304788342033,0.9786823554183772
15,experimental,Unseen,0.9792768465656139,1.0514661693671543
15,experimental,Unseen,0.9781319705572613,0.9877803321619745
15,experimental,Seen,0.9821689609244314,0.895500853762632
15,experimental,Seen,0.9760051986444015,0.9773826444550062
15,experimental,Seen,0.9788589436122959,1.0761606776712038
15,experimental,Unseen,0.9825923078084479,1.0371693487700728
15,experimental,Seen,0.9733502236531895,0.8604086577516147
15,experimental,Unseen,0.9863327105031301,1.1151520065723346
15,experimental,Seen,0.9762215472144478,1.0618638570741226
15,experimental,Unseen,0.9849190860931633,0.9721838006015223
15,experimental,Unseen,0.9763459628199596,0.9227947839934236
15,experimental,Seen,0.9799275049451517,1.0111751295026528
15,experimental,Seen,0.9708998944349349,0.9006996976161162
15,experimental,Unseen,0.9735444723971285,1.009875418539282
15,experimental,Unseen,0.9735528862999331,0.9695843786747801
15,experimental,Unseen,0.9741256502576346,0.9734835115648932
15,experimental,Seen,0.9685402363772029,1.0085757075759108
15,experimental,Unseen,0.98807338152654,1.0085757075759108
15,experimental,Seen,0.9853064566325419,0.9617861128945541
15,experimental,Seen,0.9805972338612237,0.9097976743597135
15,experimental,Seen,0.9723138145935502,0.8656075016050985
15,experimental,Seen,0.9805495324233449,0.9981780198689425
15,experimental,Unseen,0.9839168347685037,1.0267716610631052
15,experimental,Seen,0.9801254318075733,1.0397687706968153
15,experimental,Unseen,0.9866781125683594,1.1411462258397547
15,experimental,Seen,0.9773099600002402,0.8864028770190348
15,experimental,Seen,0.9810105590019675,0.9500887142242149
15,experimental,Unseen,0.9824560625077786,1.0449676145502993
15,experimental,Unseen,0.9786773170244587,1.0111751295026528
15,experimental,Seen,0.9798255452314689,0.8591089467882436
15,experimental,Unseen,0.9832389680240239,1.0670627009276068
15,experimental,Seen,0.9817515831759693,0.8682069235318406
15,experimental,Seen,0.9748634226155125,0.8993999866527451
15,experimental,Seen,0.980049996228098,0.9799820663817485
15,experimental,Unseen,0.9809421939444183,1.02027310624625
15,experimental,Unseen,0.9793206518400461,0.9305930497736496
15,experimental,Seen,0.9796886870573164,1.0358696378067023
15,experimental,Unseen,0.9850431736223013,1.0475670364770413
15,experimental,Unseen,0.9857800308078911,1.047567036477041
15,experimental,Unseen,0.9772064374402186,0.9344921826637627
15,experimental,Unseen,0.9743069380655938,0.9968783089055717
15,experimental,Seen,0.9730209936017746,0.9461895813341019
15,experimental,Seen,0.9773159273048779,0.9539878471143279
15,experimental,Unseen,0.9868825056531138,1.1645410231804332
15,experimental,Unseen,0.9783583043358185,0.9721838006015223
15,experimental,Seen,0.9760343955552196,0.955287558077699
15,experimental,Seen,0.9753750816236841,0.7512329368284489
15,experimental,Seen,0.981580036412402,0.963085823857925
15,experimental,Seen,0.9758133760705318,1.0514661693671543
15,experimental,Unseen,0.9763669177023274,0.9045988305062294
15,experimental,Seen,0.9800849671971136,1.047567036477041
15,experimental,Seen,0.9673053001450006,1.030670793953218
15,experimental,Seen,0.9869464384696289,1.0449676145502993
15,experimental,Unseen,0.9859461063238109,1.0462673255136703
15,experimental,Unseen,0.9775985004353241,0.895500853762632
15,experimental,Seen,0.9700813832185015,0.8773049002754377
15,experimental,Unseen,0.9794286350106562,1.0306707939532183
15,localizer,Seen,0.9598159128768772,0.9695843786747802
15,localizer,Seen,0.9709888748000653,0.9149965182131976
15,localizer,Seen,0.9777319307451069,0.9006996976161162
15,localizer,Seen,0.957270883789365,0.9175959401399394
15,localizer,Seen,0.9671720685222923,0.9045988305062294
15,localizer,Seen,0.9649328144262197,0.878604611238809
15,localizer,Seen,0.9699835421438923,0.9786823554183773
15,localizer,Seen,0.9784941413200808,0.8643077906417278
15,localizer,Seen,0.9707275204905879,0.7707286012790143
15,localizer,Seen,0.9701099043263242,0.9110973853230843
15,localizer,Seen,0.9713360955111101,0.9968783089055715
15,localizer,Seen,0.9704978098374515,0.8422127042644203
15,localizer,Seen,0.9662460892554673,0.8084202192167737
15,localizer,Seen,0.9664430493756176,0.8773049002754377
15,localizer,Seen,0.968459129112758,0.8578092358248727
15,localizer,Seen,0.969540338318147,0.8993999866527451
15,localizer,Seen,0.9631524889438328,0.9370916045905047
15,localizer,Seen,0.9578244163916533,0.8799043222021798
15,localizer,Seen,0.9642897374603764,0.8500109700446465
15,localizer,Seen,0.9683013688442507,0.7629303354987882
15,localizer,Seen,0.9527820374868751,0.8448121261911623
15,localizer,Seen,0.9566722463206497,0.8344144384841943
15,localizer,Seen,0.9672456742407538,0.7902242657295796
15,localizer,Seen,0.9662654215703681,0.9474892922974727
15,localizer,Seen,0.9597745892546912,0.8604086577516145
15,localizer,Seen,0.9702066302842143,0.8604086577516148
15,localizer,Seen,0.969069722800847,0.9630858238579251
15,localizer,Seen,0.9693302916472678,0.9539878471143279
15,localizer,Seen,0.9702964474789666,0.9630858238579252
15,localizer,Seen,0.973513908261021,0.9227947839934235
15,localizer,Seen,0.9696729147588924,0.889002298945777
15,localizer,Seen,0.9748351120508405,0.9448898703707308
15,localizer,Seen,0.9653361389956836,0.87990432220218
15,localizer,Seen,0.9677170522851612,0.9448898703707308
15,localizer,Seen,0.9678154779909671,0.9318927607370207
15,localizer,Seen,0.9773830003553504,0.9773826444550062
15,localizer,Seen,0.9731735569864595,0.9643855348212961
15,localizer,Seen,0.9610629077419702,0.8760051893120667
15,localizer,Seen,0.9668543250918308,0.8565095248615016
15,localizer,Seen,0.9682648764986895,0.8656075016050988
15,localizer,Seen,0.9843001293304473,0.9786823554183774
15,localizer,Seen,0.9638258116585752,0.8409129933010492
15,localizer,Seen,0.9633547367394991,0.7551320697185623
15,localizer,Seen,0.9587979119371159,0.8344144384841944
15,localizer,Seen,0.9566988871916393,0.8734057673853249
15,localizer,Seen,0.9675824667548077,0.8058207972900319
15,localizer,Seen,0.9620633578432134,0.7538323587551911
15,localizer,Seen,0.9608247648674996,0.7863251328394665
15,localizer,Seen,0.9586734644461326,0.8929014318358901
15,localizer,Seen,0.9624677430250432,0.894201142799261
15,localizer,Seen,0.9603351548239183,0.8513106810080175
15,localizer,Unseen,0.9482145622729805,0.8578092358248726
15,localizer,Seen,0.9635712667099521,0.8370138604109363
15,localizer,Seen,0.9521697989034884,0.751232936828449
15,localizer,Seen,0.9714619710563717,0.9357918936271336
15,localizer,Seen,0.9676817443634859,0.8539101029347594
15,localizer,Seen,0.9722537120006269,0.8942011427992611
15,localizer,Seen,0.9695066154027362,0.811019641143516
15,localizer,Seen,0.9693254908141937,0.8643077906417277
15,localizer,Seen,0.9663384798112087,0.9162962291765683
15,localizer,Seen,0.9829903849417063,1.0254719500997338
15,localizer,Seen,0.9838791489329014,1.03327021587996
15,localizer,Seen,0.9788213021605956,0.8721060564219536
15,localizer,Seen,0.9755003812792756,0.9344921826637628
15,localizer,Seen,0.9790183591850329,0.89290143183589
15,localizer,Seen,0.9783784744560441,0.9136968072498264
15,localizer,Seen,0.9845347145487741,1.034569926843331
15,localizer,Seen,0.9814395442300919,0.9773826444550064
15,localizer,Seen,0.968448723261472,0.9357918936271336
15,localizer,Seen,0.9662205056779111,0.8357141494475653
15,localizer,Seen,0.9721957281756747,0.9123970962864555
15,localizer,Seen,0.9749610877231458,0.7720283122423851
15,localizer,Seen,0.9690027777696867,0.7694288903156433
15,localizer,Seen,0.967213198044074,0.9305930497736496
15,localizer,Seen,0.9749952460604097,0.9097976743597134
15,localizer,Seen,0.9683252897188135,0.9175959401399396
15,localizer,Seen,0.9701742488205076,0.8993999866527452
15,localizer,Seen,0.9756697068679787,0.9721838006015221
15,localizer,Seen,0.9708254227513957,0.9864806211986032
15,localizer,Seen,0.9764992028367774,1.0085757075759108
15,localizer,Seen,0.9804743723414553,0.9981780198689425
15,localizer,Seen,0.9760090371154377,0.8045210863266611
15,localizer,Seen,0.9559297024430047,0.886402877019035
15,localizer,Seen,0.9645340082817505,0.8682069235318407
15,localizer,Seen,0.965418014654976,0.7889245547662085
15,localizer,Seen,0.9656586772853529,0.9058985414696004
15,localizer,Seen,0.9639163586864176,0.7759274451324983
15,localizer,Seen,0.9744635188842526,0.8435124152277915
15,localizer,Seen,0.9800303744760214,0.9643855348212961
15,localizer,Seen,0.9747949385847526,0.8656075016050987
15,localizer,Seen,0.9738087467344618,0.8253164617405971
15,localizer,Seen,0.970777976025016,0.8344144384841943
15,localizer,Seen,0.9613543188853043,0.8383135713743074
15,localizer,Seen,0.966529898169489,0.8981002756893742
15,localizer,Seen,0.9635091860164565,0.8448121261911624
15,localizer,Seen,0.9692429374525615,0.8981002756893742
15,localizer,Seen,0.965158063162277,0.6875470996232691
15,localizer,Seen,0.9620759809366971,0.7915239766929507
15,localizer,Seen,0.9623908192491295,0.7590312026086753
15,localizer,Seen,0.9714487868811833,0.8838034550922929
15,localizer,Seen,0.9661377504701282,0.9149965182131976
15,localizer,Seen,0.9652907358050894,0.8760051893120668
15,localizer,Seen,0.97079013783922,0.9344921826637628
15,localizer,Seen,0.9698768872640874,0.9253942059201655
15,localizer,Seen,0.9691885227569957,1.0020771527590555
15,localizer,Seen,0.9607211469592319,0.7616306245354172
15,localizer,Seen,0.9626226429355337,0.8110196411435159
15,localizer,Seen,0.9754147751503838,0.9604864019311831
15,localizer,Seen,0.9548121808178373,0.8955008537626321
15,localizer,Seen,0.9671387461098688,0.890302009909148
15,localizer,Seen,0.9660845080641672,0.8357141494475653
15,localizer,Seen,0.9671843499331901,0.8162184849969999
15,localizer,Seen,0.967925995452954,0.9266939168835366
15,localizer,Seen,0.9679425929231206,0.9461895813341019
15,localizer,Seen,0.9673227425127207,0.747333803938336
15,localizer,Seen,0.9770488373921845,0.951388425187586
15,localizer,Seen,0.9772243508148875,0.9175959401399395
15,localizer,Seen,0.9838776171831043,1.035869637806702
15,localizer,Seen,0.9761607556754122,0.9565872690410699
15,localizer,Seen,0.9699410440826122,0.8435124152277914
15,localizer,Seen,0.9805312654177797,0.9916794650520875
15,localizer,Seen,0.9854597699667474,0.9578869800044411
15,localizer,Seen,0.9704977352228891,0.9019994085794872
15,localizer,Seen,0.979497055952112,0.8682069235318407
15,localizer,Seen,0.9736096357476994,0.8708063454585827
15,localizer,Seen,0.9742889927872457,0.9513884251875858
15,localizer,Seen,0.9687389372323055,0.8448121261911623
15,localizer,Seen,0.9784324635852465,0.9253942059201657
15,localizer,Seen,0.979244943026658,0.8993999866527452
15,localizer,Seen,0.973707172710537,1.0111751295026528
15,localizer,Seen,0.977813519126891,0.9006996976161162
15,localizer,Seen,0.9809552802668469,1.0748609667078328
15,localizer,Seen,0.9703127156128478,0.8305153055940813
15,localizer,Seen,0.9825187617547145,0.9227947839934234
15,localizer,Seen,0.972337737836533,0.9643855348212961
15,localizer,Seen,0.9811943858285609,1.0072759966125397
15,localizer,Seen,0.9664580286152173,0.8175181959603711
15,localizer,Seen,0.9691937530974123,0.8643077906417277
15,localizer,Seen,0.9726834190467273,0.9292933388102784
15,localizer,Seen,0.9715261312696181,0.9136968072498264
15,localizer,Seen,0.9767020015423826,0.8812040331655508
15,localizer,Seen,0.9814736299798885,1.0306707939532183
15,localizer,Seen,0.9844384514414455,0.9864806211986035
15,localizer,Seen,0.9733917930825834,0.9422904484439888
15,localizer,Seen,0.979369882511418,0.8240167507772261
15,localizer,Seen,0.9807631429998352,0.9058985414696002
15,localizer,Seen,0.9797373509805462,1.0215728172096208
15,localizer,Seen,0.9789752719490908,0.9838811992718612
15,localizer,Seen,0.9792136130165178,0.9890800431253455
15,localizer,Seen,0.9817746298953075,0.830515305594081
15,localizer,Seen,0.9765430575811594,0.9630858238579251
15,localizer,Seen,0.987820740582761,1.0163739733561368
15,localizer,Seen,0.9805383534813398,1.0449676145502993
15,localizer,Seen,0.9851191692425454,0.9474892922974729
15,localizer,Seen,0.9830733384067061,1.1359473819862707
15,localizer,Seen,0.9784889419768563,1.04626732551367
15,localizer,Seen,0.9788569323979986,0.9968783089055716
15,localizer,Seen,0.9758696400772809,0.8656075016050988
15,localizer,Seen,0.9749415383670476,0.9825814883084905
15,localizer,Seen,0.9781031442855536,0.9123970962864554
15,localizer,Seen,0.9765911815869092,0.9474892922974727
15,localizer,Seen,0.9799517674945397,0.9773826444550062
15,localizer,Seen,0.9789454079062788,0.9994777308323135
15,localizer,Seen,0.9801837637297537,0.9877803321619745
15,localizer,Seen,0.9752641934129082,0.8604086577516145
15,localizer,Seen,0.9785429468931953,0.9409907374806178
15,localizer,Seen,0.9796371630719285,1.024172239136363
15,localizer,Seen,0.9808173598886946,0.8916017208725191
15,localizer,Seen,0.9817027757247389,1.024172239136363
15,localizer,Seen,0.9831599821673254,1.022872528172992
15,localizer,Seen,0.9837095660003687,0.9916794650520875
15,localizer,Seen,0.9790390364078844,1.0397687706968153
15,localizer,Seen,0.9788198812634267,0.8929014318358901
15,localizer,Seen,0.9844544549535408,1.0800598105613168
15,localizer,Seen,0.9812383495249268,1.1112528736822214
15,localizer,Seen,0.9836978413382711,0.8149187740336289
15,localizer,Seen,0.9817583940217273,1.0891577873049139
15,localizer,Unseen,0.98399044661254,0.9955785979422005
15,localizer,Seen,0.9860995663565191,1.104754318865366
15,localizer,Seen,0.9807461692944313,1.0813595215246878
15,localizer,Seen,0.9824537075936789,0.9188956511033103
15,localizer,Seen,0.9839446926463732,1.0475670364770413
15,localizer,Seen,0.9864962010767908,1.1203508504258182
15,localizer,Seen,0.9821010563789573,1.1307485381327869
15,localizer,Seen,0.981103062173369,0.9981780198689426
15,localizer,Seen,0.9804041720844745,1.0358696378067023
15,localizer,Seen,0.9801968660934962,1.0566650132206385
15,localizer,Seen,0.9857982854311723,1.037169348770073
15,localizer,Seen,0.9841674870688812,1.0839589434514296
15,localizer,Seen,0.9811568673098325,0.9305930497736496
15,localizer,Seen,0.9867101629348725,1.0566650132206383
15,localizer,Seen,0.9810578555888798,1.0059762856491687
15,localizer,Seen,0.9858273786392457,0.9981780198689426
15,localizer,Seen,0.9787965748224597,1.0644632790008643
15,localizer,Seen,0.9837873613249679,0.9929791760154586
15,localizer,Seen,0.9817303045309853,1.042368192623557
15,localizer,Seen,0.9764163991138675,1.0111751295026528
15,localizer,Seen,0.9793404866281559,1.0761606776712038
15,localizer,Seen,0.9801621364405894,1.0761606776712038
15,localizer,Seen,0.979905904088423,0.9435901594073597
16,experimental,Seen,0.9665324183487494,1.0098754185392818
16,experimental,Unseen,0.963100527339685,0.9461895813341019
16,experimental,Unseen,0.9646685019368274,1.0150742623927658
16,experimental,Unseen,0.9671546239520049,0.9838811992718612
16,experimental,Unseen,0.9337476223456911,0.8019216643999189
16,experimental,Unseen,0.9458176121750195,0.8370138604109364
16,experimental,Unseen,0.9450761081820641,0.8513106810080173
16,experimental,Unseen,0.9712814440948387,0.9552875580776989
16,experimental,Unseen,0.9597780293506495,0.9773826444550062
16,experimental,Unseen,0.9710007808488276,1.0085757075759105
16,experimental,Unseen,0.9546684015696641,0.8604086577516145
16,experimental,Unseen,0.9657709428424196,0.9981780198689425
16,experimental,Unseen,0.9583908357846798,0.9123970962864552
16,experimental,Unseen,0.9564247933621773,0.9292933388102784
16,experimental,Unseen,0.960236299047575,0.882503744128922
16,experimental,Unseen,0.9654260529031262,0.9799820663817485
16,experimental,Unseen,0.9620915093655669,0.9370916045905048
16,experimental,Unseen,0.9719455948220806,0.9240944949567944
16,experimental,Unseen,0.963937089191906,0.9006996976161162
16,experimental,Unseen,0.9635116784993455,0.95658726904107
16,experimental,Unseen,0.9540374054171141,0.9435901594073598
16,experimental,Unseen,0.9586316412594805,0.885103166055664
16,experimental,Unseen,0.9643375623150069,0.953987847114328
16,experimental,Unseen,0.9610054199810938,0.9292933388102786
16,experimental,Unseen,0.960573896264062,0.9162962291765685
16,experimental,Unseen,0.9460603306967287,0.881204033165551
16,experimental,Unseen,0.9387953441116397,0.904598830506229
16,experimental,Unseen,0.95814089076155,0.9461895813341019
16,experimental,Unseen,0.9643651033016505,0.948789003260844
16,experimental,Seen,0.9791672124716454,0.9929791760154586
16,experimental,Seen,0.9708516992698045,0.9487890032608439
16,experimental,Unseen,0.9677783831173915,0.9344921826637625
16,experimental,Unseen,0.9697898909630157,1.037169348770073
16,experimental,Seen,0.9643511792510532,0.9279936278469078
16,experimental,Unseen,0.9553883110915071,0.9799820663817482
16,experimental,Unseen,0.958465206037057,0.963085823857925
16,experimental,Unseen,0.9660121330041818,0.9006996976161161
16,experimental,Seen,0.9706149822082576,0.9435901594073598
16,experimental,Unseen,0.9496367849227878,0.8643077906417277
16,experimental,Unseen,0.9672210555337563,0.9799820663817485
16,experimental,Unseen,0.9558180774280208,0.8487112590812755
16,experimental,Seen,0.9500315918833251,0.8708063454585826
16,experimental,Unseen,0.9557881475664203,0.876005189312067
16,experimental,Unseen,0.9349667224752706,0.8708063454585827
16,experimental,Unseen,0.9443570003939585,0.9812817773451195
16,experimental,Unseen,0.9700132461056364,0.953987847114328
16,experimental,Unseen,0.9600959812059683,0.9123970962864555
16,experimental,Unseen,0.9492046156301207,0.8734057673853247
16,experimental,Unseen,0.9600156850215383,0.9422904484439888
16,experimental,Unseen,0.9642639758130744,0.9617861128945542
16,experimental,Seen,0.9589101085451947,1.050166458403783
16,experimental,Unseen,0.9713644430408251,0.9552875580776989
16,experimental,Unseen,0.9600552466054646,0.9656852457846671
16,experimental,Unseen,0.9539065830252886,0.9253942059201656
16,experimental,Unseen,0.9554575925382199,0.8942011427992612
16,experimental,Unseen,0.9627250604544038,0.9253942059201655
16,experimental,Unseen,0.9596204813410434,0.8604086577516148
16,experimental,Unseen,0.9574099774788607,1.0059762856491685
16,experimental,Unseen,0.9578787406613514,0.9344921826637627
16,experimental,Unseen,0.9496290383502022,0.8552098138981306
16,experimental,Unseen,0.9507445892988173,0.9214950730300524
16,experimental,Unseen,0.9611270385812707,0.7109418969639476
16,experimental,Unseen,0.9627289181080818,1.0241722391363628
16,experimental,Unseen,0.9278137771531368,0.8708063454585828
16,experimental,Unseen,0.9461575820236723,0.9331924717003917
16,experimental,Seen,0.9483728897114826,0.7837257109127245
16,experimental,Unseen,0.9408627215906484,0.9123970962864554
16,experimental,Unseen,0.9636121847900216,0.9851809102352325
16,experimental,Unseen,0.9585796368454201,1.02027310624625
16,experimental,Unseen,0.9567570202613278,0.877304900275438
16,experimental,Unseen,0.9505798354154312,0.889002298945777
16,experimental,Unseen,0.9740232666045968,1.0098754185392818
16,experimental,Unseen,0.9522419523757385,0.900699697616116
16,experimental,Unseen,0.9520153144025366,0.907198252432971
16,experimental,Unseen,0.9395402914993101,0.8993999866527451
16,experimental,Unseen,0.94490040855447,0.9123970962864552
16,experimental,Unseen,0.954975914351196,0.9877803321619745
16,experimental,Unseen,0.9546116125461666,0.9591866909678121
16,experimental,Unseen,0.9407600816189103,0.9500887142242148
16,experimental,Unseen,0.935208918280827,0.9019994085794871
16,experimental,Unseen,0.9684616690810788,1.0397687706968153
16,experimental,Unseen,0.9727811789391819,0.9877803321619745
16,experimental,Unseen,0.9768892450972689,1.0631635680374936
16,experimental,Unseen,0.9662605323124922,0.965685245784667
16,experimental,Unseen,0.9734073355229822,1.028071372026476
16,experimental,Unseen,0.9567646406568631,0.8578092358248726
16,experimental,Unseen,0.976604625420058,0.9604864019311833
16,experimental,Unseen,0.9685787909048674,0.9721838006015223
16,experimental,Unseen,0.9521785847468881,0.9227947839934234
16,experimental,Unseen,0.9638719825772805,0.9344921826637629
16,experimental,Unseen,0.9508989975174924,0.9409907374806178
16,experimental,Unseen,0.9581019135767614,0.8669072125684698
16,experimental,Unseen,0.971774844529424,0.9435901594073599
16,experimental,Unseen,0.9574468567348652,0.9981780198689424
16,experimental,Unseen,0.9596122917530543,0.9006996976161163
16,experimental,Unseen,0.9297044619134986,0.8461118371545335
16,experimental,Unseen,0.96410688110387,0.9981780198689426
16,experimental,Unseen,0.9580922278201661,0.9656852457846672
16,experimental,Seen,0.9455398476081904,0.8734057673853247
16,experimental,Unseen,0.9615030289244211,0.9279936278469073
16,experimental,Unseen,0.9484229046263093,0.8643077906417277
16,experimental,Unseen,0.9422786248166564,0.8539101029347596
16,experimental,Unseen,0.9643048341453179,0.9422904484439887
16,experimental,Unseen,0.9534646218954422,0.9409907374806178
16,experimental,Unseen,0.9581217287486471,0.9006996976161162
16,experimental,Unseen,0.9674417285111746,0.9968783089055715
16,experimental,Unseen,0.9689713600568839,0.9994777308323136
16,experimental,Unseen,0.9544285145605059,0.9773826444550063
16,experimental,Unseen,0.96638631295896,0.9877803321619744
16,experimental,Unseen,0.956862076725645,0.886402877019035
16,experimental,Unseen,0.9419260585913029,0.8799043222021798
16,experimental,Unseen,0.9322536883566678,0.8058207972900319
16,experimental,Unseen,0.958779468353923,0.882503744128922
16,experimental,Unseen,0.9635661912440188,1.0137745514293948
16,experimental,Unseen,0.9613439081067428,0.9812817773451196
16,experimental,Unseen,0.9344433044609208,0.8721060564219537
16,experimental,Unseen,0.9302080069833799,0.8591089467882437
16,experimental,Seen,0.9441167675712344,0.8175181959603708
16,experimental,Unseen,0.9570177383325277,1.0137745514293948
16,experimental,Seen,0.9650769315329474,0.9175959401399394
16,experimental,Unseen,0.9597367678697488,0.7993222424731768
16,experimental,Unseen,0.9662245230592441,0.9760829334916353
16,experimental,Unseen,0.9693354750461557,0.8409129933010493
16,experimental,Unseen,0.9405189101371412,0.9058985414696004
16,experimental,Seen,0.9611883395978384,0.8708063454585827
16,experimental,Unseen,0.979498868809708,0.9682846677114092
16,experimental,Unseen,0.9363164992661327,0.8461118371545334
16,experimental,Unseen,0.9580833650035093,0.9253942059201657
16,experimental,Unseen,0.9578327133444335,0.9097976743597134
16,experimental,Unseen,0.9453064149509183,0.9136968072498265
16,experimental,Unseen,0.950964582641326,0.894201142799261
16,experimental,Unseen,0.9190618372794493,0.8461118371545332
16,experimental,Unseen,0.9532945374007404,0.8552098138981306
16,experimental,Seen,0.95180990033179,0.8760051893120667
16,experimental,Seen,0.9519644640656151,0.8669072125684697
16,experimental,Unseen,0.9558413990030734,0.9630858238579252
16,experimental,Unseen,0.9552208219596324,0.7603309135720463
16,experimental,Seen,0.936527278517092,0.9357918936271338
16,experimental,Unseen,0.9618814209281327,0.9214950730300525
16,experimental,Unseen,0.9138178807607932,0.8513106810080174
16,experimental,Unseen,0.9545975424416286,0.878604611238809
16,experimental,Unseen,0.9613619336127642,0.9071982524329711
16,experimental,Unseen,0.9643918420824572,0.9643855348212961
16,experimental,Unseen,0.9433619432316503,0.8214173288504839
16,experimental,Unseen,0.9629419434993106,0.895500853762632
16,experimental,Unseen,0.9682783246052847,0.9110973853230842
16,experimental,Unseen,0.9658864143515041,0.9162962291765683
16,experimental,Unseen,0.9448604324729859,0.955287558077699
16,experimental,Unseen,0.9559469782038702,0.8357141494475652
16,experimental,Unseen,0.9521075474452988,0.9578869800044412
16,experimental,Unseen,0.9495897295435617,0.8604086577516145
16,experimental,Unseen,0.9535481587723749,0.9253942059201657
16,experimental,Unseen,0.9439548565796693,0.881204033165551
16,experimental,Unseen,0.9451390922722617,0.9253942059201655
16,experimental,Seen,0.9616619946368182,0.9929791760154585
16,experimental,Unseen,0.9439389248554891,0.8370138604109363
16,experimental,Unseen,0.9582402594001024,0.9331924717003917
16,experimental,Unseen,0.9316320375889844,0.8851031660556639
16,experimental,Unseen,0.9681376168746393,1.0553653022572673
16,experimental,Unseen,0.9454371671721137,0.8747054783486958
16,experimental,Seen,0.9631319463262467,0.9526881361509569
16,experimental,Unseen,0.9667981855015639,0.9513884251875859
16,experimental,Seen,0.9660337255998448,0.9435901594073599
16,experimental,Unseen,0.9639387121275872,0.9760829334916352
16,experimental,Seen,0.9614968267409885,0.878604611238809
16,experimental,Seen,0.9731474016454558,0.9760829334916354
16,experimental,Seen,0.9648381139002042,0.7889245547662086
16,experimental,Seen,0.9634731363129609,0.9578869800044412
16,experimental,Unseen,0.9608007592053052,0.8993999866527452
16,experimental,Seen,0.9652339023352688,0.814918774033629
16,experimental,Seen,0.9667626053604071,0.9396910265172468
16,experimental,Seen,0.9638803824912989,0.8877025879824061
16,experimental,Seen,0.9670958022918406,0.9955785979422006
16,experimental,Seen,0.953944257307593,0.8487112590812755
16,experimental,Unseen,0.9448136997755242,0.9292933388102785
16,experimental,Unseen,0.9491966507489138,0.8045210863266609
16,experimental,Unseen,0.9627814161544309,0.8357141494475652
16,experimental,Seen,0.9486111415985939,0.9942788869788296
16,experimental,Seen,0.9579308345092988,0.9734835115648933
16,experimental,Unseen,0.9544607334563654,0.9071982524329711
16,experimental,Unseen,0.9613858443795665,0.881204033165551
16,experimental,Unseen,0.9564520513002729,0.952688136150957
16,experimental,Seen,0.9387714365492317,0.9123970962864554
16,experimental,Seen,0.9353088416241649,0.8552098138981307
16,experimental,Unseen,0.9471656403226886,0.889002298945777
16,experimental,Seen,0.9670749915290615,0.8903020099091481
16,experimental,Unseen,0.96759204006149,0.8890022989457768
16,experimental,Unseen,0.9525512762593782,0.9279936278469073
16,experimental,Seen,0.9594205824316823,0.8929014318358898
16,experimental,Unseen,0.9691147298701114,0.8682069235318407
16,experimental,Unseen,0.9545146988841253,0.89290143183589
16,experimental,Unseen,0.9383401615141376,0.8617083687149856
16,experimental,Unseen,0.9541359290404543,0.9461895813341018
16,experimental,Unseen,0.9804698562793167,1.028071372026476
16,experimental,Unseen,0.9716805377181061,0.8916017208725193
16,experimental,Unseen,0.9678598699818427,0.95658726904107
16,experimental,Seen,0.9597079990490314,0.7993222424731768
16,experimental,Seen,0.9475787972250944,0.8045210863266609
16,experimental,Unseen,0.946056801213057,0.8006219534365476
16,experimental,Unseen,0.9543094690267802,0.9734835115648932
16,experimental,Unseen,0.9744272698149617,0.9916794650520875
16,experimental,Unseen,0.9535835106317689,0.9981780198689427
16,experimental,Unseen,0.9482213285193645,0.9240944949567944
16,experimental,Unseen,0.9328230572972797,0.9058985414696002
16,experimental,Seen,0.9698557451275864,0.9071982524329711
16,experimental,Seen,0.9507657683822935,0.8760051893120672
16,experimental,Unseen,0.9441520718909435,0.8981002756893741
16,experimental,Seen,0.946249611612792,0.8968005647260031
16,experimental,Seen,0.9362873753494617,0.8110196411435159
16,experimental,Unseen,0.9530737028754973,0.891601720872519
16,experimental,Unseen,0.9463094782202256,0.8513106810080177
16,experimental,Unseen,0.9619534875272459,0.9838811992718614
16,experimental,Unseen,0.9465659034307283,0.8942011427992611
16,experimental,Seen,0.9633630643632795,0.9175959401399395
16,experimental,Unseen,0.9671994373284241,0.8539101029347596
16,experimental,Unseen,0.9669264398880567,0.8890022989457771
16,experimental,Unseen,0.9606934014458116,0.877304900275438
16,experimental,Unseen,0.96145311335285,0.8799043222021797
16,experimental,Unseen,0.9563492582143752,0.8331147275208232
16,experimental,Unseen,0.9691964410272768,0.9968783089055716
16,experimental,Unseen,0.9415287090409936,0.8487112590812756
16,experimental,Unseen,0.9676669006091947,0.9747832225282641
16,experimental,Unseen,0.9575730429964486,0.87990432220218
16,experimental,Unseen,0.9469277620254654,0.9253942059201655
16,experimental,Unseen,0.9626573509334524,0.8071205082534029
16,experimental,Unseen,0.9609962565991788,0.9188956511033103
16,experimental,Unseen,0.9342888304589881,0.9656852457846672
16,experimental,Seen,0.9490473800201848,0.9019994085794872
16,experimental,Unseen,0.9619075985134673,0.8993999866527452
16,experimental,Seen,0.9447434709062177,0.9578869800044412
16,experimental,Seen,0.9644611374098231,0.8968005647260031
16,experimental,Unseen,0.9480510069325894,0.9864806211986034
16,experimental,Seen,0.9530580774562933,0.8708063454585827
16,experimental,Unseen,0.9561207262785404,0.8838034550922929
16,experimental,Unseen,0.9520526132359447,0.9136968072498265
16,experimental,Unseen,0.9619665104731174,0.8721060564219537
16,experimental,Unseen,0.9462154231503589,0.9110973853230844
16,experimental,Unseen,0.9216542591990103,0.8188179069237419
16,experimental,Unseen,0.9553751722104458,0.8656075016050987
16,experimental,Unseen,0.9407794853436481,0.8799043222021798
16,experimental,Unseen,0.9779604412661369,1.038469059733444
16,experimental,Seen,0.9573050440425922,0.900699697616116
16,experimental,Seen,0.9680089386498351,0.7018439202203502
16,experimental,Seen,0.9572295352456324,0.7928236876563216
16,experimental,Seen,0.953429188552342,0.9422904484439887
16,experimental,Unseen,0.9658296119694852,0.9747832225282642
16,experimental,Seen,0.9527445746945541,0.7798265780226113
16,experimental,Seen,0.9697976290614043,0.9656852457846671
16,experimental,Seen,0.9593396124552673,0.8993999866527453
16,experimental,Seen,0.9491861636429554,0.889002298945777
16,experimental,Seen,0.9576364870258722,0.7941233986196928
16,experimental,Seen,0.9431163058962874,0.7408352491214808
16,experimental,Unseen,0.9463723710070938,0.889002298945777
16,experimental,Unseen,0.9675280990997037,1.03327021587996
16,experimental,Seen,0.9651027561676143,0.9682846677114091
16,experimental,Unseen,0.967851748117386,0.9045988305062295
16,experimental,Unseen,0.9692253160168607,0.9864806211986035
16,experimental,Unseen,0.9698886267035524,0.8461118371545333
16,experimental,Unseen,0.9725077429187972,0.9214950730300525
16,experimental,Unseen,0.9640007395436533,0.9071982524329711
16,experimental,Unseen,0.9456244895184649,0.9201953620666815
16,experimental,Unseen,0.9587421620254247,0.9097976743597131
16,experimental,Seen,0.965579496068075,0.9578869800044411
16,experimental,Unseen,0.9594309293321246,0.9370916045905047
16,experimental,Seen,0.9641596031495416,0.9396910265172468
16,experimental,Unseen,0.9435385858192347,0.8357141494475653
16,experimental,Unseen,0.9603216923642852,0.8721060564219539
16,experimental,Seen,0.9539586019079047,0.9474892922974727
16,experimental,Seen,0.9675236908034914,0.8799043222021798
16,experimental,Seen,0.9650934773673373,0.9331924717003915
16,experimental,Seen,0.9420326716504006,0.9318927607370207
16,experimental,Unseen,0.9685516278173278,1.0592644351473806
16,experimental,Seen,0.955412263445213,0.9175959401399395
16,experimental,Unseen,0.9672170667226,0.9604864019311831
16,experimental,Seen,0.9604718523709623,0.9331924717003918
16,experimental,Unseen,0.945532040948065,0.9669849567480382
16,experimental,Unseen,0.9565206124601977,0.9773826444550062
16,experimental,Unseen,0.9514816735204514,0.895500853762632
16,experimental,Seen,0.9485531137231799,0.890302009909148
16,experimental,Seen,0.9448465340775369,0.883803455092293
16,experimental,Unseen,0.9752011543201805,0.9240944949567945
16,experimental,Seen,0.9580099898205735,0.9006996976161161
16,experimental,Seen,0.9610149802589086,0.9708840896381513
16,experimental,Seen,0.9612640654069912,0.7434346710482229
16,experimental,Seen,0.9582606507028076,0.8383135713743074
16,experimental,Seen,0.959017543753705,0.8760051893120668
16,experimental,Seen,0.9571140832664958,0.903299119542858
16,experimental,Seen,0.964547424398162,0.8279158836673391
16,experimental,Unseen,0.9488711376491392,0.9344921826637625
16,experimental,Seen,0.9538073297719029,0.8422127042644202
16,experimental,Seen,0.9692926235055384,0.9773826444550063
16,experimental,Unseen,0.95917971880914,0.8942011427992611
16,experimental,Seen,0.9492260794725592,0.9097976743597133
16,experimental,Seen,0.9762194152752682,1.0033768637224267
16,experimental,Unseen,0.9614095299279807,0.9591866909678122
16,experimental,Seen,0.9647005427069221,0.8812040331655511
16,experimental,Seen,0.9676420910713179,1.02027310624625
16,experimental,Unseen,0.9599686606022629,0.8942011427992612
16,experimental,Unseen,0.9610908146357461,0.8786046112388088
16,experimental,Seen,0.9717468997537606,0.8981002756893741
16,experimental,Seen,0.9709269539419538,1.012474840466024
16,experimental,Unseen,0.9631566968047115,1.0644632790008646
16,experimental,Unseen,0.9747208555027457,0.9162962291765686
16,experimental,Unseen,0.9512221498290943,0.9175959401399394
16,experimental,Unseen,0.9460307886895756,0.9877803321619745
16,experimental,Seen,0.9679720069588663,0.9318927607370207
16,experimental,Seen,0.9627449350119888,1.0020771527590555
16,experimental,Seen,0.9684438547618576,0.9123970962864553
16,experimental,Unseen,0.9638740199669386,0.9890800431253455
16,experimental,Unseen,0.9637045252837071,0.9734835115648933
16,experimental,Unseen,0.9716999673521076,0.9630858238579251
16,experimental,Unseen,0.9726792509592984,1.028071372026476
16,experimental,Unseen,0.9658945423088395,0.9058985414696002
16,experimental,Unseen,0.9794090798274483,0.9773826444550062
16,experimental,Unseen,0.9553693530304116,0.9656852457846671
16,experimental,Unseen,0.9758064396608026,1.037169348770073
16,experimental,Unseen,0.9574166388529405,0.9578869800044411
16,experimental,Seen,0.966589729832171,1.0085757075759105
16,experimental,Unseen,0.9526143048136292,0.9591866909678121
16,experimental,Unseen,0.9597556498031771,0.9708840896381511
16,experimental,Seen,0.9324228979947415,0.8383135713743074
16,experimental,Seen,0.950843274226883,0.7759274451324985
16,experimental,Seen,0.9572635233095099,0.8526103919713887
16,experimental,Seen,0.9644972574004916,0.9266939168835365
16,experimental,Unseen,0.962927774862149,0.8617083687149856
16,experimental,Seen,0.9446093550835107,0.8292155946307102
16,experimental,Seen,0.9524025152185094,0.8500109700446465
16,experimental,Seen,0.945540068711658,0.7889245547662085
16,experimental,Seen,0.9693760539276063,0.8955008537626321
16,experimental,Seen,0.9409711148399743,0.8370138604109364
16,experimental,Seen,0.9701767023302388,0.8214173288504839
16,experimental,Seen,0.9655816865254605,0.8253164617405971
16,experimental,Seen,0.9699412611773779,0.8890022989457771
16,experimental,Seen,0.9691686380466279,0.8734057673853247
16,experimental,Seen,0.9711837634323349,0.959186690967812
16,experimental,Seen,0.9617723820603089,0.9851809102352324
16,experimental,Seen,0.9713326595383399,0.9435901594073598
16,experimental,Seen,0.9668927476117131,0.8630080796783566
16,experimental,Seen,0.9627513305016578,0.8565095248615014
16,experimental,Seen,0.9693895598953518,0.9838811992718614
16,experimental,Seen,0.9637969224153443,0.8487112590812755
16,experimental,Unseen,0.9579011703313367,0.8591089467882437
16,experimental,Unseen,0.945458642142678,0.9019994085794872
16,experimental,Seen,0.9711820370366325,0.9019994085794871
16,experimental,Unseen,0.9666666639538194,0.9760829334916353
16,experimental,Seen,0.9656357906170987,0.8981002756893741
16,experimental,Seen,0.9574908379333631,0.8643077906417277
16,experimental,Seen,0.9661186415231809,0.8955008537626321
16,experimental,Seen,0.9618445662846355,0.9149965182131974
16,experimental,Seen,0.943166088520327,0.8383135713743074
16,experimental,Seen,0.9616737325374173,0.8474115481179044
16,experimental,Seen,0.9623388685480357,0.9279936278469078
16,experimental,Unseen,0.9610486888345318,0.8630080796783565
16,experimental,Seen,0.9696470881349052,0.9058985414696004
16,experimental,Seen,0.9689922015088984,0.8786046112388091
16,experimental,Seen,0.9554201746437336,0.8630080796783566
16,experimental,Seen,0.9580704126009829,0.9344921826637628
16,experimental,Seen,0.9557372196021748,0.7057430531104633
16,experimental,Unseen,0.9874263921953276,1.1671404451071752
16,experimental,Unseen,0.9797120523099776,0.9123970962864553
16,experimental,Seen,0.9780972508406328,1.0696621228543488
16,experimental,Seen,0.9726513340595949,0.87990432220218
16,experimental,Seen,0.9790746222035058,0.8929014318358902
16,experimental,Seen,0.9794466031026661,0.9799820663817482
16,experimental,Seen,0.981730161521213,1.0228725281729918
16,experimental,Seen,0.969323341332441,0.9019994085794872
16,experimental,Unseen,0.9783155196824711,1.0020771527590557
16,experimental,Unseen,0.9794181056574952,1.0150742623927658
16,experimental,Seen,0.9763869167405173,0.8487112590812755
16,experimental,Seen,0.978002438740804,0.9175959401399395
16,experimental,Seen,0.975661414238206,0.9422904484439888
16,experimental,Seen,0.9790978998810399,0.8617083687149856
16,experimental,Seen,0.9724573084013872,0.9201953620666815
16,experimental,Seen,0.9712822890991035,0.9526881361509568
16,experimental,Seen,0.978990061338338,1.017673684319508
16,experimental,Unseen,0.9729282317479545,0.9578869800044412
16,experimental,Seen,0.9732239586969561,0.7954231095830637
16,experimental,Seen,0.9693598672761833,0.8435124152277913
16,experimental,Seen,0.9624921277485915,0.7707286012790141
16,experimental,Seen,0.9694087377957842,0.9214950730300524
16,experimental,Unseen,0.969081016510632,0.9357918936271338
16,experimental,Unseen,0.9729966655705714,0.9383913155538758
16,experimental,Seen,0.9588058560483804,0.8409129933010495
16,experimental,Seen,0.9607467510041757,0.7564317806819331
16,experimental,Seen,0.9592333710343462,0.7694288903156432
16,experimental,Seen,0.9651371544407151,0.748633514901707
16,experimental,Seen,0.9669819510695743,0.8825037441289219
16,experimental,Seen,0.964460864429324,0.9474892922974728
16,experimental,Seen,0.9532775942271728,0.814918774033629
16,experimental,Seen,0.9527597157881611,0.7954231095830634
16,experimental,Seen,0.9783049447289011,0.9838811992718614
16,experimental,Seen,0.9662652630933156,0.7876248438028376
16,experimental,Seen,0.9683545045141123,0.7824259999493536
16,experimental,Seen,0.9663403602861615,0.7993222424731768
16,experimental,Seen,0.9689129489870678,0.8175181959603712
16,experimental,Seen,0.9657870536164382,0.7967228205464347
16,experimental,Seen,0.9705010359160852,1.0254719500997342
16,experimental,Seen,0.963291068968922,0.7837257109127244
16,localizer,Seen,0.9825498792530086,1.1060540298287374
16,localizer,Seen,0.9651346651934719,1.029371082989847
16,localizer,Seen,0.9720676955372447,1.021572817209621
16,localizer,Seen,0.9685428696911697,1.0163739733561368
16,localizer,Seen,0.9704945040011331,0.9383913155538757
16,localizer,Seen,0.9629025326749645,0.9253942059201655
16,localizer,Seen,0.9605891808217364,0.9331924717003918
16,localizer,Seen,0.97222442790953,0.8045210863266609
16,localizer,Seen,0.9577716439935097,0.9032991195428582
16,localizer,Seen,0.9646725493511911,0.8942011427992611
16,localizer,Seen,0.9597898147261783,0.8747054783486957
16,localizer,Seen,0.9697466053263473,0.9877803321619745
16,localizer,Seen,0.9660800984473812,0.9721838006015223
16,localizer,Seen,0.9615646219559534,0.8682069235318408
16,localizer,Seen,0.9516618051558222,0.8916017208725191
16,localizer,Seen,0.9586378987885895,0.8630080796783567
16,localizer,Seen,0.9406776076513775,0.8578092358248727
16,localizer,Seen,0.9645546956615092,0.9149965182131974
16,localizer,Seen,0.9527015540671485,0.9357918936271337
16,localizer,Seen,0.9447158822212456,0.889002298945777
16,localizer,Seen,0.9569118285838999,0.7863251328394665
16,localizer,Seen,0.9714445492784408,0.9045988305062294
16,localizer,Seen,0.9606280777878488,0.8318150165574522
16,localizer,Seen,0.9608233897954269,0.9266939168835365
16,localizer,Seen,0.9664348254640365,0.9188956511033104
16,localizer,Seen,0.9558386277268721,0.8370138604109362
16,localizer,Seen,0.9594862026463469,0.9487890032608439
16,localizer,Seen,0.9601151142261066,0.8929014318358901
16,localizer,Seen,0.9537151053922327,0.887702587982406
16,localizer,Seen,0.971945486698352,0.9357918936271337
16,localizer,Seen,0.962648050487359,0.7538323587551911
16,localizer,Seen,0.958172054763882,0.9227947839934236
16,localizer,Seen,0.9470607311882693,0.8773049002754378
16,localizer,Seen,0.9614697942455922,0.9123970962864555
16,localizer,Seen,0.9562671201955392,0.8422127042644203
16,localizer,Seen,0.9685000144138359,0.7746277341691272
16,localizer,Seen,0.958866486063726,0.7915239766929506
16,localizer,Seen,0.969051899684623,0.9526881361509572
16,localizer,Seen,0.9186684707761676,0.8942011427992612
16,localizer,Seen,0.9659528508233455,0.9786823554183773
16,localizer,Seen,0.9763953136776035,1.0358696378067025
16,localizer,Seen,0.9796000843862056,1.1216505613891896
16,localizer,Seen,0.9778785971560295,1.090457498268285
16,localizer,Seen,0.971020407694185,0.9877803321619747
16,localizer,Seen,0.9745847066981494,0.9838811992718614
16,localizer,Seen,0.9656767642181273,0.8669072125684697
16,localizer,Seen,0.9582260428279714,0.9253942059201656
16,localizer,Seen,0.9701733427998319,0.9110973853230844
16,localizer,Seen,0.9687876147178234,0.8682069235318406
16,localizer,Seen,0.9713738924406091,0.9188956511033104
16,localizer,Seen,0.9596165016139339,0.8539101029347596
16,localizer,Seen,0.966649003769573,0.9669849567480381
16,localizer,Seen,0.9726339158750131,0.9084979633963423
16,localizer,Seen,0.970256969251574,1.0228725281729918
16,localizer,Seen,0.9576153951547435,0.9942788869788296
16,localizer,Seen,0.9646640272309293,0.9526881361509569
16,localizer,Seen,0.9658043008940291,0.8708063454585829
16,localizer,Seen,0.9748457852582729,0.9838811992718616
16,localizer,Seen,0.9717988786462726,1.029371082989847
16,localizer,Seen,0.9677359807601428,0.9383913155538757
16,localizer,Seen,0.9578195234510629,0.7993222424731768
16,localizer,Seen,0.9683493342619275,0.9513884251875857
16,localizer,Seen,0.9510119524691356,0.9214950730300525
16,localizer,Seen,0.9621583786235091,0.9097976743597133
16,localizer,Seen,0.971887247762655,0.9240944949567945
16,localizer,Seen,0.9665695804768294,0.8695066344952117
16,localizer,Seen,0.9558373497958577,0.8604086577516147
16,localizer,Seen,0.9736858073963564,0.9058985414696002
16,localizer,Seen,0.96152845331969,0.9214950730300525
16,localizer,Seen,0.9595692369856469,0.878604611238809
16,localizer,Seen,0.9644971241238282,0.9526881361509569
16,localizer,Seen,0.9483567860163928,0.830515305594081
16,localizer,Seen,0.962071500079952,0.9136968072498264
16,localizer,Seen,0.9631740911318427,0.8604086577516147
16,localizer,Seen,0.9552594825728243,0.9383913155538757
16,localizer,Seen,0.9451779164005755,0.8773049002754378
16,localizer,Seen,0.9534113963523756,0.891601720872519
16,localizer,Seen,0.9579609998621721,0.881204033165551
16,localizer,Seen,0.9674388802936014,0.877304900275438
16,localizer,Seen,0.9620049591246745,0.9643855348212962
16,localizer,Seen,0.9789195000759779,1.0345699268433313
16,localizer,Seen,0.9696975770859934,0.955287558077699
16,localizer,Unseen,0.9715132527277789,0.9877803321619746
16,localizer,Seen,0.9602974891521011,0.8214173288504839
16,localizer,Seen,0.9736394693650247,0.9669849567480381
16,localizer,Seen,0.9668056413851159,0.9006996976161162
16,localizer,Seen,0.957178116523767,1.0046765746857975
16,localizer,Seen,0.9627625785656434,0.889002298945777
16,localizer,Seen,0.9686622264037792,0.8851031660556639
16,localizer,Seen,0.9592674900029653,0.9500887142242149
16,localizer,Seen,0.9563198687949682,1.0007774417956845
16,localizer,Seen,0.9532301050910376,0.9643855348212961
16,localizer,Seen,0.9568609763603261,0.9539878471143279
16,localizer,Seen,0.9574088564947142,0.9045988305062294
16,localizer,Seen,0.9551124509102287,0.8747054783486959
16,localizer,Seen,0.9727634904748457,0.9461895813341019
16,localizer,Seen,0.9668814554527516,0.8331147275208233
16,localizer,Seen,0.9608963761259377,0.9292933388102788
16,localizer,Seen,0.9472411907735825,0.8344144384841945
16,localizer,Seen,0.9641185638393877,0.9578869800044411
16,localizer,Seen,0.957716183763089,0.8695066344952118
16,localizer,Seen,0.9517167806709755,0.8266161727039681
16,localizer,Seen,0.9664375706774553,0.9214950730300524
16,localizer,Seen,0.9575425391406582,0.7200398737075445
16,localizer,Seen,0.9213782759954526,0.8162184849970001
16,localizer,Seen,0.959451525255504,0.9435901594073599
16,localizer,Seen,0.9723569805590976,0.9929791760154585
16,localizer,Seen,0.9651093593255003,0.9552875580776989
16,localizer,Seen,0.9535767429705736,0.9825814883084903
16,localizer,Seen,0.960712228372603,0.7889245547662085
16,localizer,Seen,0.956154236917478,0.9838811992718612
16,localizer,Seen,0.9586710194350032,0.813619063070258
16,localizer,Seen,0.9533314868878752,0.9903797540887166
16,localizer,Seen,0.9620215680242845,0.904598830506229
16,localizer,Seen,0.960657667611343,0.946189581334102
16,localizer,Seen,0.9586953636877704,0.8890022989457772
16,localizer,Seen,0.9505760270817448,0.9409907374806178
16,localizer,Seen,0.9632686416904841,0.9981780198689426
16,localizer,Seen,0.9625299878658028,0.7629303354987881
16,localizer,Seen,0.9629730657446559,0.8993999866527451
16,localizer,Seen,0.9832980321923835,1.1281491162060449
16,localizer,Seen,0.9732139620502085,1.028071372026476
16,localizer,Seen,0.968592362643242,0.9734835115648932
16,localizer,Seen,0.9491315767312284,0.9422904484439886
16,localizer,Seen,0.9611665968548414,0.9097976743597133
16,localizer,Seen,0.9684006236984793,0.9474892922974729
16,localizer,Seen,0.9626207878789231,0.948789003260844
16,localizer,Seen,0.9517549649699847,0.9760829334916354
16,localizer,Seen,0.9579153560632961,0.9370916045905048
16,localizer,Seen,0.9523163320365948,0.9201953620666815
16,localizer,Seen,0.9643646076897345,0.8578092358248728
16,localizer,Seen,0.9657173121538619,0.8552098138981304
16,localizer,Seen,0.9610594366011016,0.7759274451324983
16,localizer,Seen,0.9678491298729353,0.8968005647260032
16,localizer,Seen,0.9531733667817126,0.9045988305062294
16,localizer,Seen,0.9664320559297598,0.9864806211986036
16,localizer,Seen,0.9649839879811035,0.8968005647260033
16,localizer,Seen,0.9615964644096533,0.885103166055664
16,localizer,Seen,0.9381532658354159,0.8396132823376783
16,localizer,Seen,0.9640630154433529,0.9409907374806177
16,localizer,Seen,0.9278327425333461,0.8708063454585827
16,localizer,Seen,0.960951198283054,0.8825037441289219
16,localizer,Seen,0.9660346033719553,0.8474115481179044
16,localizer,Seen,0.9601966692551623,0.8747054783486957
16,localizer,Seen,0.9277080943142011,0.8279158836673394
16,localizer,Seen,0.9412683630986043,0.9123970962864555
16,localizer,Seen,0.9556022360261174,0.8968005647260031
16,localizer,Seen,0.9629858468418271,0.9227947839934235
16,localizer,Seen,0.9594618506342616,0.948789003260844
16,localizer,Seen,0.9578843970471889,1.0046765746857977
16,localizer,Seen,0.9482217289806759,0.887702587982406
16,localizer,Seen,0.9399506968221623,0.7850254218760955
16,localizer,Seen,0.9311856616406324,0.833114727520823
16,localizer,Seen,0.9665459253986365,0.8773049002754378
16,localizer,Seen,0.9618104906544053,0.8435124152277914
16,localizer,Seen,0.9557784860697077,0.8773049002754381
16,localizer,Seen,0.9277725491298138,0.8760051893120668
16,localizer,Seen,0.952561971574487,0.8981002756893741
16,localizer,Seen,0.9461674554535953,0.8370138604109363
16,localizer,Unseen,0.9690668373392823,0.9565872690410699
16,localizer,Seen,0.9810258207899006,1.0735612557444616
16,localizer,Seen,0.9749742745901907,0.9006996976161162
16,localizer,Seen,0.9808603906668496,0.959186690967812
16,localizer,Seen,0.9732696274839028,0.9877803321619746
16,localizer,Seen,0.9605385216226907,0.8721060564219539
16,localizer,Seen,0.9721252499221226,0.9136968072498265
16,localizer,Seen,0.9734487418410552,1.0007774417956847
16,localizer,Seen,0.969491057306829,0.9929791760154585
16,localizer,Seen,0.962264512756969,0.9097976743597133
16,localizer,Seen,0.9483597725754935,0.8279158836673391
16,localizer,Seen,0.9751528455755589,0.8721060564219537
16,localizer,Unseen,0.9593440375161457,0.9617861128945542
16,localizer,Seen,0.9561029161363742,0.8656075016050987
16,localizer,Seen,0.971866812814515,0.8903020099091481
16,localizer,Seen,0.9717395697257241,0.9097976743597133
16,localizer,Seen,0.9546437040062351,0.957886980004441
16,localizer,Seen,0.9710735723405847,0.9565872690410698
16,localizer,Seen,0.9704765140356529,0.9500887142242149
16,localizer,Seen,0.973162247974623,0.8838034550922929
16,localizer,Seen,0.9721302681346073,0.8786046112388088
16,localizer,Seen,0.9604850516832483,0.891601720872519
16,localizer,Seen,0.9635778165796608,0.9448898703707308
16,localizer,Seen,0.9638082575137348,0.9435901594073598
16,localizer,Seen,0.9710443025323688,0.9188956511033104
16,localizer,Seen,0.9626391072863312,0.9279936278469075
16,localizer,Seen,0.9606713946380734,0.8409129933010494
16,localizer,Seen,0.9664107192760466,0.9656852457846672
16,localizer,Seen,0.9632073133674348,0.9630858238579251
16,localizer,Seen,0.9507739226203547,0.8682069235318407
16,localizer,Seen,0.9584051726991905,0.822717039813855
16,localizer,Seen,0.9579313093330498,0.8227170398138551
16,localizer,Seen,0.9341358585116449,0.8032213753632899
16,localizer,Seen,0.9565084971294405,0.8773049002754377
16,localizer,Seen,0.9672985879019941,0.9175959401399393
16,localizer,Seen,0.9628586506759178,0.8669072125684698
16,localizer,Seen,0.9766455411795376,0.891601720872519
16,localizer,Seen,0.9468980243069123,0.8513106810080175
16,localizer,Seen,0.9579286621557604,0.8929014318358901
16,localizer,Seen,0.9479012127325486,0.7811262889859826
16,localizer,Seen,0.9649410104800149,0.898100275689374
19,experimental,Unseen,0.9693033039453484,1.0735612557444616
19,experimental,Unseen,0.9659622811069911,1.0033768637224267
19,experimental,Seen,0.9582912519250001,0.9591866909678122
19,experimental,Unseen,0.9662835499816285,0.9942788869788295
19,experimental,Unseen,0.9530208522791932,0.8812040331655508
19,experimental,Unseen,0.9688346515390824,0.9773826444550062
19,experimental,Unseen,0.9717198066595878,1.043667903586928
19,experimental,Unseen,0.974956474085222,0.894201142799261
19,experimental,Unseen,0.967029255797304,0.9604864019311831
19,experimental,Seen,0.9652095591560044,0.8630080796783568
19,experimental,Unseen,0.968107451701733,0.9877803321619746
19,experimental,Unseen,0.9752411201500685,1.0085757075759108
19,experimental,Unseen,0.9692993209281265,0.9721838006015221
19,experimental,Unseen,0.9690501689507898,1.0111751295026528
19,experimental,Unseen,0.9729520896837562,0.9825814883084905
19,experimental,Unseen,0.9761664186905842,0.9305930497736496
19,experimental,Unseen,0.9669527151555939,0.9604864019311832
19,experimental,Unseen,0.9670301718284577,0.9968783089055714
19,experimental,Unseen,0.9784567523761889,1.0085757075759108
19,experimental,Unseen,0.966920994297966,1.0436679035869283
19,experimental,Unseen,0.9733059546537801,1.0540655912938965
19,experimental,Unseen,0.9703861812623374,1.0111751295026528
19,experimental,Unseen,0.9755192151623254,1.038469059733444
19,experimental,Unseen,0.9729165401123044,1.0592644351473806
19,experimental,Unseen,0.9841583495768189,1.0566650132206383
19,experimental,Unseen,0.9821697582453632,1.1242499833159314
19,experimental,Unseen,0.9725985517518198,0.8773049002754378
19,experimental,Unseen,0.9688646909755327,0.9656852457846672
19,experimental,Unseen,0.9675891326553294,0.8747054783486957
19,experimental,Unseen,0.9740245589629531,0.9682846677114093
19,experimental,Unseen,0.9588090846318676,0.9734835115648932
19,experimental,Unseen,0.9661078272639956,0.9786823554183773
19,experimental,Unseen,0.9694794069331404,1.0163739733561368
19,experimental,Unseen,0.9650600951182582,0.9539878471143279
19,experimental,Unseen,0.9707351301933245,0.9955785979422004
19,experimental,Unseen,0.969258128982482,1.0475670364770413
19,experimental,Unseen,0.966894591765693,0.9409907374806176
19,experimental,Unseen,0.9721181459926597,0.9227947839934235
19,experimental,Unseen,0.9655292242881286,0.9188956511033103
19,experimental,Unseen,0.9784617001562305,1.0722615447810906
19,experimental,Unseen,0.9795200794968923,1.037169348770073
19,experimental,Unseen,0.9795787619272648,1.0670627009276066
19,experimental,Unseen,0.980350750856505,1.0605641461107513
19,experimental,Unseen,0.9801936609738147,1.0293710829898468
19,experimental,Unseen,0.9771857484467324,0.9994777308323136
19,experimental,Unseen,0.9729482795046687,0.9578869800044411
19,experimental,Unseen,0.9624846080414756,0.9292933388102788
19,experimental,Unseen,0.9756305697510465,0.9344921826637627
19,experimental,Seen,0.9754559216738976,0.9864806211986035
19,experimental,Unseen,0.9738810864007804,1.0462673255136703
19,experimental,Unseen,0.9678758265353523,1.0592644351473806
19,experimental,Unseen,0.9767081316215895,1.03327021587996
19,experimental,Unseen,0.9719354725426824,1.042368192623557
19,experimental,Unseen,0.9755764869516114,1.0371693487700728
19,experimental,Unseen,0.978257037115774,1.026771661063105
19,experimental,Unseen,0.9761600013867721,1.0358696378067023
19,experimental,Unseen,0.9816320927505615,1.1424459368031255
19,experimental,Unseen,0.9803540599915055,1.0709618338177196
19,experimental,Unseen,0.975561323918323,1.0111751295026528
19,experimental,Seen,0.9803456682507203,0.9734835115648934
19,experimental,Unseen,0.977331308644367,1.0007774417956845
19,experimental,Seen,0.973173181185219,0.9396910265172467
19,experimental,Unseen,0.9789107673483263,0.9721838006015221
19,experimental,Seen,0.9755450873979652,1.048866747440412
19,experimental,Unseen,0.9617673855511738,1.0137745514293948
19,experimental,Unseen,0.9723574155602709,0.9825814883084903
19,experimental,Unseen,0.9766746673000594,0.9266939168835364
19,experimental,Seen,0.9569599353191941,0.9825814883084903
19,experimental,Unseen,0.970532426860138,0.9669849567480382
19,experimental,Unseen,0.9865553616647346,1.1268494052426734
19,experimental,Unseen,0.9718881150846035,1.0137745514293948
19,experimental,Unseen,0.9659777556486433,0.9851809102352324
19,experimental,Unseen,0.9676320512559153,1.0423681926235573
19,experimental,Unseen,0.9643009285190397,0.964385534821296
19,experimental,Unseen,0.9877261425628119,1.0917572092316563
19,experimental,Unseen,0.9753371273510933,1.0761606776712036
19,experimental,Seen,0.964970374764186,0.7278381394877705
19,experimental,Unseen,0.9815995265699503,1.0579647241840098
19,experimental,Unseen,0.9806859033704481,1.034569926843331
19,experimental,Unseen,0.9743022257566073,1.0111751295026528
19,experimental,Unseen,0.9694121384897654,1.0527658803305253
19,experimental,Seen,0.9785420656990653,1.031970504916589
19,experimental,Seen,0.9708789687511189,1.0358696378067023
19,experimental,Unseen,0.9720893959083382,1.0124748404660238
19,experimental,Unseen,0.9760633245689688,1.0631635680374936
19,experimental,Unseen,0.982675786610044,1.0384690597334443
19,experimental,Seen,0.9787447112403594,1.0150742623927658
19,experimental,Unseen,0.9794136712671759,1.041068481660186
19,experimental,Unseen,0.9819459388563107,1.1125525846455921
19,experimental,Seen,0.9692919686163509,0.9851809102352325
19,experimental,Seen,0.9739881405130297,0.9539878471143279
19,experimental,Seen,0.98731512335139,1.1125525846455921
19,experimental,Unseen,0.9777749752486024,1.0228725281729918
19,experimental,Seen,0.9795050805982881,0.9344921826637628
19,experimental,Unseen,0.9737030286511342,0.9214950730300524
19,experimental,Unseen,0.9706429870592159,0.9773826444550062
19,experimental,Unseen,0.9765829331088466,1.029371082989847
19,experimental,Unseen,0.9728837123092056,1.0878580763415429
19,experimental,Unseen,0.9718121284904897,0.9760829334916353
19,experimental,Unseen,0.9770087326527112,1.0293710829898468
19,experimental,Seen,0.9678425334211752,0.9097976743597133
19,experimental,Seen,0.9727020224558512,0.9500887142242149
19,experimental,Seen,0.975465459615312,0.9942788869788295
19,experimental,Unseen,0.9737293597974822,1.082659232488059
19,experimental,Unseen,0.9814879709500411,1.1008551859752531
19,experimental,Unseen,0.98333473381733,1.1138522956089634
19,experimental,Seen,0.9816827077002095,1.039768770696815
19,experimental,Seen,0.9809798044183617,1.031970504916589
19,experimental,Unseen,0.9692757183720733,1.0813595215246878
19,experimental,Unseen,0.980428485105948,1.0358696378067023
19,experimental,Unseen,0.9830597984144672,1.1255496942793026
19,experimental,Unseen,0.981222444415749,0.9383913155538758
19,experimental,Unseen,0.9696259501295403,0.9513884251875857
19,experimental,Unseen,0.9588533574450747,0.9487890032608439
19,localizer,Seen,0.974264712904462,1.0215728172096208
19,localizer,Seen,0.9753641739506651,1.0605641461107516
19,localizer,Seen,0.9785007151003456,0.9929791760154585
19,localizer,Seen,0.966809860603813,0.950088714224215
19,localizer,Seen,0.9686353314126743,0.9760829334916353
19,localizer,Seen,0.9735013452724568,1.0878580763415429
19,localizer,Seen,0.9795058134227136,1.09695605308514
19,localizer,Seen,0.9734616960008553,1.0397687706968153
19,localizer,Seen,0.9739380716363301,1.0527658803305255
19,localizer,Seen,0.968112436184981,0.9994777308323136
19,localizer,Seen,0.9706986336224861,0.9942788869788294
19,localizer,Seen,0.9674540654454417,0.9708840896381512
19,localizer,Seen,0.9768426947823587,1.0930569201950269
19,localizer,Seen,0.9722167628422924,1.0332702158799603
19,localizer,Seen,0.9706853760705082,0.9903797540887165
19,localizer,Seen,0.9698326994941526,1.0046765746857977
19,localizer,Seen,0.9724096307029295,0.9877803321619744
19,localizer,Seen,0.9700788000009928,1.0176736843195078
19,localizer,Seen,0.9757672160273586,0.9890800431253454
19,localizer,Seen,0.9699177045966413,1.0007774417956845
19,localizer,Seen,0.9724183136442052,0.9838811992718614
19,localizer,Seen,0.9702175205100733,0.95658726904107
19,localizer,Seen,0.9678036742867445,0.9799820663817483
19,localizer,Seen,0.9651381524174532,0.9825814883084903
19,localizer,Seen,0.9748721893620014,1.0293710829898468
19,localizer,Seen,0.9703326308452728,1.0150742623927658
19,localizer,Seen,0.9721701521733166,0.9786823554183773
19,localizer,Seen,0.9704794379665935,0.9786823554183774
19,localizer,Unseen,0.9659632678807535,0.9695843786747801
19,localizer,Seen,0.9767900716540485,1.0059762856491685
19,localizer,Seen,0.9749133534698663,1.0397687706968153
19,localizer,Seen,0.9719441864011321,1.037169348770073
19,localizer,Seen,0.9662769098845209,1.015074262392766
19,localizer,Seen,0.9715614497053614,1.0137745514293948
19,localizer,Seen,0.9716659650779507,0.9851809102352325
19,localizer,Seen,0.976508542819007,0.9734835115648932
19,localizer,Seen,0.9629367956589574,1.0085757075759108
19,localizer,Seen,0.960780387647373,0.9448898703707308
19,localizer,Seen,0.9632180446409297,0.9955785979422006
19,localizer,Seen,0.9622335214153138,1.0501664584037835
19,localizer,Seen,0.9816905702206642,1.0956563421217693
19,localizer,Seen,0.9778185655651721,1.038469059733444
19,localizer,Seen,0.9812079869371814,1.1229502723525606
19,localizer,Seen,0.9843052068084023,1.0644632790008643
19,localizer,Seen,0.9773641966994068,1.1034546079019951
19,localizer,Seen,0.9811796036061654,1.0722615447810908
19,localizer,Seen,0.982405660673543,0.9708840896381511
19,localizer,Seen,0.9855829751379581,1.0774603886345748
19,localizer,Seen,0.979334873234674,1.0033768637224267
19,localizer,Seen,0.9815782546341675,1.0293710829898468
19,localizer,Seen,0.9745979981878,1.0696621228543486
19,localizer,Seen,0.9767978474557735,1.0839589434514298
19,localizer,Seen,0.9764252166961032,1.041068481660186
19,localizer,Seen,0.9780682154961898,1.082659232488059
19,localizer,Seen,0.9764802855733157,1.0800598105613168
19,localizer,Seen,0.9785093974863679,1.0722615447810908
19,localizer,Seen,0.9803686383755195,1.09695605308514
19,localizer,Seen,0.980284048414947,1.099555475011882
19,localizer,Seen,0.9720179291136614,1.037169348770073
19,localizer,Seen,0.9781224500533166,1.037169348770073
19,localizer,Seen,0.9762875787091808,1.1125525846455924
19,localizer,Seen,0.9700906448863669,1.030670793953218
19,localizer,Seen,0.9759858723585267,1.04626732551367
19,localizer,Seen,0.9781646195140281,0.9812817773451195
19,localizer,Seen,0.9813845054890288,1.0579647241840096
19,localizer,Seen,0.9707018956696993,0.9929791760154585
19,localizer,Seen,0.9717629057639446,1.1112528736822211
19,localizer,Seen,0.9714326103760097,1.0007774417956847
19,localizer,Unseen,0.9726150258845215,1.021572817209621
19,localizer,Seen,0.9770822841975066,1.0046765746857977
19,localizer,Seen,0.9692655317701748,0.9695843786747801
19,localizer,Seen,0.9734578457561867,1.0137745514293948
19,localizer,Seen,0.9782502481091827,1.0514661693671543
19,localizer,Seen,0.9768000479200605,1.051466169367154
19,localizer,Unseen,0.9809157696706418,1.0176736843195078
19,localizer,Seen,0.9882404973554958,1.0995554750118823
19,localizer,Seen,0.9822794850063729,1.044967614550299
19,localizer,Seen,0.984191583738499,1.106054029828737
19,localizer,Seen,0.9754605268423532,0.9981780198689425
19,localizer,Seen,0.9795907731775322,1.0761606776712036
20,experimental,Unseen,0.9754938871524789,1.1047543188653663
20,experimental,Seen,0.9748089234071671,0.9760829334916351
20,experimental,Seen,0.9724675961225058,0.8019216643999189
20,experimental,Seen,0.9754617214606613,0.8383135713743075
20,experimental,Seen,0.9843536355397364,1.0540655912938965
20,experimental,Seen,0.9775731640576965,0.9734835115648932
20,experimental,Seen,0.9831365997861584,0.9552875580776989
20,experimental,Seen,0.9824351641742017,0.9136968072498266
20,experimental,Seen,0.9757214912893113,0.7928236876563217
20,experimental,Seen,0.9837843874381187,0.955287558077699
20,experimental,Seen,0.9812342540971422,0.885103166055664
20,experimental,Seen,0.9833021531442317,0.9136968072498265
20,experimental,Seen,0.9786144784467327,0.7837257109127245
20,experimental,Unseen,0.9815734763820898,0.9994777308323135
20,experimental,Unseen,0.9820564947860481,0.9734835115648933
20,experimental,Unseen,0.9806794360541189,1.0007774417956845
20,experimental,Seen,0.9783515988365816,0.8864028770190351
20,experimental,Seen,0.9789350916367627,0.9383913155538757
20,experimental,Unseen,0.9863270728138059,1.050166458403783
20,experimental,Unseen,0.9799527920170688,1.029371082989847
20,experimental,Seen,0.9812729294171321,0.9279936278469075
20,experimental,Seen,0.9771845985694053,0.9058985414696004
20,experimental,Seen,0.9811901679801154,1.0501664584037835
20,experimental,Seen,0.9801240994089504,0.8500109700446465
20,experimental,Seen,0.9781452004992924,0.8422127042644203
20,experimental,Seen,0.9773301515726613,1.030670793953218
20,experimental,Seen,0.9811767330173254,0.9734835115648932
20,experimental,Unseen,0.9666161615835643,0.9123970962864552
20,experimental,Unseen,0.9787437442596147,1.090457498268285
20,experimental,Seen,0.9700848143574484,0.8617083687149856
20,experimental,Seen,0.9777380970710997,0.9942788869788295
20,experimental,Seen,0.9739759559533112,0.9201953620666815
20,experimental,Unseen,0.9721130328633278,1.0137745514293948
20,experimental,Seen,0.9838665713636757,0.8318150165574523
20,experimental,Seen,0.9824244993111356,0.9071982524329714
20,experimental,Seen,0.97612128886653,0.9357918936271337
20,experimental,Unseen,0.9627302376358223,0.9838811992718616
20,experimental,Seen,0.9739575803246016,0.8695066344952119
20,experimental,Seen,0.9769990422014444,0.9669849567480383
20,experimental,Seen,0.983303586895719,0.9045988305062294
20,experimental,Seen,0.9806401373353647,0.9383913155538759
20,experimental,Seen,0.9846792819029389,0.9643855348212961
20,experimental,Seen,0.98247565573697,1.028071372026476
20,experimental,Seen,0.9782626153769388,0.8993999866527452
20,experimental,Unseen,0.9844318957980573,0.9916794650520875
20,experimental,Seen,0.983902837205471,0.9799820663817485
20,experimental,Seen,0.98150791276011,0.8942011427992612
20,experimental,Seen,0.9825649493310606,0.9682846677114091
20,experimental,Seen,0.9878658945488404,1.0631635680374936
20,experimental,Seen,0.9798745478729463,0.8942011427992612
20,experimental,Seen,0.97872090925949,0.9409907374806178
20,experimental,Seen,0.9814632130680724,1.0475670364770413
20,experimental,Unseen,0.9808061008516709,1.0735612557444614
20,experimental,Unseen,0.9843521479473568,1.0072759966125397
20,experimental,Unseen,0.9808625473868076,1.0436679035869283
20,experimental,Unseen,0.9791657681438364,1.0436679035869283
20,experimental,Seen,0.9808673737002076,0.9188956511033104
20,experimental,Unseen,0.9837876387074934,1.0670627009276066
20,experimental,Unseen,0.96457792308546,1.0670627009276068
20,experimental,Unseen,0.9833004045007384,1.022872528172992
20,experimental,Unseen,0.9761361965140243,1.02027310624625
20,experimental,Unseen,0.9834433139461076,1.0839589434514298
20,experimental,Unseen,0.9772466313933031,1.0657629899642358
20,experimental,Seen,0.9801350876980865,0.9487890032608439
20,experimental,Seen,0.9746936759099162,1.0137745514293948
20,experimental,Unseen,0.9791713171427183,1.029371082989847
20,experimental,Unseen,0.9805078820635453,1.0514661693671543
20,experimental,Unseen,0.9777981295672961,1.0787600995979458
20,experimental,Unseen,0.9806208397543843,0.9708840896381513
20,experimental,Seen,0.9808397201682466,0.8890022989457769
20,experimental,Unseen,0.9824037337267691,0.9968783089055716
20,experimental,Seen,0.9848230248741502,1.082659232488059
20,experimental,Unseen,0.9858385507783721,1.1307485381327866
20,experimental,Unseen,0.9746509550428578,1.0774603886345748
20,experimental,Seen,0.9766556974612147,0.9890800431253455
20,experimental,Seen,0.9727333052134699,0.8461118371545336
20,experimental,Unseen,0.9776655887886441,0.742134960084852
20,experimental,Unseen,0.9781258126535035,0.9656852457846671
20,experimental,Unseen,0.9778728307933063,1.0072759966125397
20,experimental,Unseen,0.9753448138749474,0.9227947839934235
20,experimental,Unseen,0.9781816635807887,1.029371082989847
20,experimental,Seen,0.9766257252247101,0.9409907374806179
20,experimental,Seen,0.9806053868223058,0.8682069235318407
20,experimental,Seen,0.9820642846943853,0.9266939168835364
20,experimental,Seen,0.9798491932076082,1.1515439135467231
20,experimental,Seen,0.9825517166952352,1.0176736843195078
20,experimental,Seen,0.9814012338096072,0.9656852457846671
20,experimental,Seen,0.9820335216011216,0.9877803321619744
20,experimental,Unseen,0.9808518225269832,1.0657629899642356
20,experimental,Seen,0.9795404286417445,0.9058985414696004
20,experimental,Seen,0.9789422931790435,0.9591866909678121
20,experimental,Seen,0.980643803722654,0.9253942059201656
20,experimental,Seen,0.9835669144825134,0.8656075016050987
20,experimental,Unseen,0.9774142477797837,0.9838811992718612
20,experimental,Seen,0.9843372228898891,1.0514661693671545
20,experimental,Seen,0.9878265444209245,1.0644632790008646
20,experimental,Seen,0.9819432823127252,1.0163739733561368
20,experimental,Unseen,0.9766001437190596,0.9942788869788294
20,experimental,Unseen,0.9820649579662055,0.9019994085794872
20,experimental,Seen,0.9788113099261092,0.8500109700446464
20,experimental,Seen,0.9716211685554699,0.8656075016050986
20,experimental,Seen,0.9727355635939773,0.9669849567480381
20,experimental,Unseen,0.9796397439304784,1.0787600995979456
20,experimental,Seen,0.9749646198338273,0.887702587982406
20,experimental,Seen,0.9752186000014095,0.9318927607370205
20,experimental,Unseen,0.9801659303134411,0.9448898703707307
20,experimental,Seen,0.9755683732945052,0.9318927607370205
20,experimental,Seen,0.9809188941626094,0.9591866909678121
20,experimental,Unseen,0.972301875313803,1.1502442025833517
20,experimental,Unseen,0.9782042152062249,1.0761606776712038
20,experimental,Unseen,0.9772461307137483,1.0020771527590555
20,experimental,Unseen,0.9816983018180198,1.0488667474404123
20,experimental,Unseen,0.9783238684032984,1.1736389999240306
20,experimental,Unseen,0.9758488815421548,1.029371082989847
20,experimental,Seen,0.9784236872479495,0.891601720872519
20,experimental,Unseen,0.983055763178748,1.0878580763415429
20,experimental,Unseen,0.981101385272172,0.9773826444550062
20,experimental,Seen,0.9704596762834852,0.9981780198689425
20,experimental,Seen,0.983881309103095,1.0488667474404123
20,experimental,Unseen,0.9794559176623664,1.1086534517554794
20,experimental,Seen,0.9822080389356177,0.9240944949567945
20,experimental,Seen,0.9778609649216891,0.8552098138981306
20,experimental,Seen,0.9837444999228444,0.826616172703968
20,experimental,Seen,0.9812957429681678,0.9331924717003918
20,experimental,Seen,0.9774095044402826,0.9214950730300526
20,experimental,Seen,0.9796270319434754,0.7746277341691274
20,experimental,Seen,0.9861735829079159,0.8474115481179044
20,experimental,Seen,0.9820771791924823,1.0306707939532183
20,experimental,Seen,0.984255835868729,0.8669072125684697
20,experimental,Unseen,0.9756402429838115,1.1073537407921084
20,experimental,Seen,0.9780492168998937,0.7798265780226115
20,experimental,Seen,0.9763407728354372,0.8513106810080173
20,experimental,Seen,0.9794336537860595,0.9318927607370208
20,experimental,Seen,0.9805642873547322,0.9240944949567945
20,experimental,Seen,0.9801063801732046,0.8162184849969998
20,experimental,Seen,0.9781058080191756,0.8539101029347593
20,experimental,Unseen,0.984626288867085,0.8877025879824061
20,experimental,Seen,0.9747878230087298,0.9890800431253454
20,experimental,Seen,0.979063811797858,0.8825037441289219
20,experimental,Seen,0.9778587729965519,0.9019994085794871
20,experimental,Unseen,0.9777864844227847,1.0800598105613166
20,experimental,Unseen,0.9822183199221527,0.9344921826637625
20,experimental,Unseen,0.9769486963635933,1.034569926843331
20,experimental,Seen,0.9800114277956817,0.8682069235318407
20,experimental,Unseen,0.9739681619066967,1.0566650132206383
20,experimental,Seen,0.9830029242377785,0.8565095248615016
20,experimental,Seen,0.9734816818956415,1.0085757075759108
20,experimental,Seen,0.9730849599149494,0.9240944949567944
20,experimental,Seen,0.9759787756822371,0.7135413188906895
20,experimental,Unseen,0.976871701260194,0.9630858238579248
20,experimental,Seen,0.9686635640040864,0.8552098138981307
20,experimental,Unseen,0.9852815281662688,1.0085757075759105
20,experimental,Seen,0.9645678956345032,0.9448898703707309
20,experimental,Seen,0.967733528993583,0.8149187740336288
20,experimental,Seen,0.9631470831655154,0.8578092358248727
20,experimental,Seen,0.9842795965464627,1.0449676145502993
20,experimental,Seen,0.9763086474199554,0.8877025879824061
20,experimental,Unseen,0.9810074321860422,1.0059762856491687
20,experimental,Unseen,0.9740627499143758,1.1151520065723344
20,experimental,Seen,0.972768095508183,0.9825814883084902
20,experimental,Seen,0.9726757027262346,0.833114727520823
20,experimental,Seen,0.9738655716480492,0.9565872690410699
20,experimental,Seen,0.9792046368214967,0.8903020099091482
20,experimental,Seen,0.9747299104707877,0.8929014318358902
20,experimental,Seen,0.9740670489139993,0.8617083687149856
20,experimental,Seen,0.9829810112520593,0.8734057673853249
20,experimental,Seen,0.9764128786234951,0.9227947839934235
20,experimental,Seen,0.9844048461939118,0.8708063454585828
20,experimental,Seen,0.984321149078973,0.9032991195428582
20,experimental,Seen,0.9760842237702093,0.9877803321619746
20,experimental,Seen,0.9773546557976498,0.9643855348212961
20,experimental,Seen,0.9820683305953007,1.017673684319508
20,experimental,Seen,0.9858597918324672,0.9487890032608439
20,experimental,Seen,0.9802201458685554,0.9786823554183773
20,experimental,Unseen,0.978322960745928,1.0085757075759108
20,experimental,Seen,0.9728530985323783,0.9708840896381513
20,experimental,Unseen,0.9718015979828656,0.9630858238579252
20,experimental,Seen,0.9779984951860066,0.9669849567480382
20,experimental,Seen,0.9813823332000499,0.9760829334916353
20,experimental,Unseen,0.9800217543197336,1.082659232488059
20,experimental,Seen,0.985920044407678,1.0124748404660238
20,experimental,Unseen,0.9751283551252222,0.9188956511033105
20,experimental,Unseen,0.9861002884470688,1.142445936803126
20,experimental,Seen,0.9723680793979499,0.9019994085794872
20,experimental,Unseen,0.9775496060194611,0.9006996976161162
20,experimental,Unseen,0.9858499956366068,0.8227170398138551
20,experimental,Unseen,0.9830808621925167,1.0202731062462498
20,experimental,Unseen,0.9762796908853336,0.9474892922974728
20,experimental,Seen,0.9821962546773809,0.9942788869788295
20,experimental,Seen,0.9799926994133051,0.9032991195428584
20,experimental,Unseen,0.983534617177306,1.086558365378172
20,experimental,Unseen,0.9686728835812635,1.03327021587996
20,experimental,Unseen,0.978497916039042,1.1190511394624476
20,experimental,Seen,0.9729072751943979,0.8993999866527452
20,experimental,Unseen,0.9759181086687317,0.87990432220218
20,experimental,Seen,0.9774839924007577,0.8747054783486958
20,experimental,Unseen,0.9836399176341315,1.0813595215246878
20,experimental,Unseen,0.9793711563435605,0.8669072125684697
20,experimental,Seen,0.9694181792859565,0.9682846677114092
20,experimental,Seen,0.9732399342333471,0.886402877019035
20,experimental,Unseen,0.9812334577143879,1.0956563421217693
20,experimental,Seen,0.979197967054558,1.0566650132206385
20,experimental,Seen,0.9830655445125935,0.8942011427992611
20,experimental,Seen,0.9749140867203923,0.9435901594073599
20,experimental,Unseen,0.9778691608570352,1.0293710829898468
20,experimental,Seen,0.9812469386951126,0.9643855348212961
20,experimental,Seen,0.9792908118252704,1.0020771527590557
20,experimental,Seen,0.9761134672514065,1.0566650132206385
20,experimental,Seen,0.9807732464439206,1.025471950099734
20,experimental,Unseen,0.9822483664487923,1.0657629899642354
20,experimental,Seen,0.9806561732359848,0.8630080796783565
20,experimental,Seen,0.9698900854196079,0.9188956511033103
20,experimental,Seen,0.974870401853587,0.8838034550922929
20,experimental,Unseen,0.9676023191565413,0.8968005647260031
20,experimental,Seen,0.9824178318776482,1.015074262392766
20,experimental,Seen,0.9798631634928491,0.746034092974965
20,experimental,Seen,0.9791247246326469,0.9799820663817482
20,experimental,Unseen,0.9824737436276453,1.1151520065723344
20,experimental,Seen,0.9719035215080704,1.0345699268433313
20,experimental,Unseen,0.9816166131456258,1.0670627009276068
20,experimental,Seen,0.9715701566783406,0.9604864019311831
20,experimental,Seen,0.971004131641498,0.9474892922974729
20,experimental,Seen,0.9695945939452525,0.9461895813341019
20,experimental,Unseen,0.9808099727204739,1.0709618338177198
20,experimental,Seen,0.9813585193620261,0.9448898703707307
20,experimental,Seen,0.970672426708999,0.814918774033629
20,experimental,Unseen,0.9694863566122304,0.8500109700446463
20,experimental,Seen,0.9828137616564376,1.0735612557444616
20,experimental,Unseen,0.9770677302864199,1.02027310624625
20,experimental,Seen,0.9713134433092316,0.9734835115648932
20,experimental,Unseen,0.9760754629858116,1.0046765746857975
20,experimental,Unseen,0.9836467721497633,1.0891577873049139
20,experimental,Seen,0.9741115999828327,1.0449676145502993
20,experimental,Seen,0.9781066041736419,0.8734057673853246
20,experimental,Unseen,0.9802460209565271,0.9097976743597131
20,experimental,Unseen,0.9736972209318976,0.9214950730300525
20,experimental,Seen,0.975570942486193,0.9656852457846672
20,experimental,Unseen,0.9820686819561735,0.8422127042644203
20,experimental,Unseen,0.9778907561416694,0.9175959401399394
20,experimental,Unseen,0.9762957445732654,0.9058985414696001
20,experimental,Unseen,0.9776124150285389,0.9955785979422005
20,experimental,Seen,0.9835971019392176,0.9331924717003915
20,experimental,Seen,0.9830198041515047,0.8721060564219537
20,experimental,Seen,0.9818747984403973,0.9019994085794873
20,experimental,Seen,0.9789805433990654,0.8916017208725191
20,experimental,Seen,0.9785195076079717,0.6485557707221384
20,experimental,Unseen,0.9780494627076268,1.037169348770073
20,experimental,Unseen,0.9804898876185179,1.0800598105613166
20,experimental,Unseen,0.9811690793114043,1.0657629899642358
20,experimental,Unseen,0.9785539120661142,0.9942788869788296
20,experimental,Unseen,0.9801580338392456,1.1164517175357054
20,experimental,Unseen,0.9850688759929453,1.0605641461107513
20,experimental,Unseen,0.9824979034728348,1.0943566311583979
20,experimental,Unseen,0.9794708120656197,1.0501664584037835
20,experimental,Unseen,0.9798940565448633,1.0540655912938963
20,experimental,Seen,0.9833764262629463,0.9318927607370205
20,experimental,Unseen,0.9855612493999054,1.1047543188653661
20,experimental,Seen,0.9828762550755653,0.959186690967812
20,experimental,Seen,0.9822814803486412,0.9279936278469075
20,experimental,Seen,0.9748844699862648,0.9903797540887165
20,experimental,Unseen,0.9785632270760489,1.0358696378067023
20,experimental,Seen,0.9748755262994186,0.963085823857925
20,experimental,Unseen,0.9822592835090312,1.0956563421217689
20,experimental,Unseen,0.9548245428285058,0.9903797540887165
20,experimental,Unseen,0.9617430968637699,0.9682846677114092
20,experimental,Seen,0.9795858931674888,0.9227947839934235
20,experimental,Unseen,0.9753932698069259,1.1008551859752533
20,experimental,Unseen,0.97397595238119,1.0605641461107513
20,experimental,Unseen,0.9605902259128922,1.0020771527590557
20,experimental,Seen,0.9592228542745727,0.957886980004441
20,experimental,Seen,0.9722464961677753,0.8305153055940812
20,experimental,Seen,0.9761861642806796,0.9864806211986036
20,experimental,Seen,0.9691700036260046,0.9266939168835366
20,experimental,Seen,0.9786928612132519,0.8305153055940812
20,experimental,Seen,0.9700736582176032,0.8318150165574523
20,experimental,Seen,0.9860935956130291,1.099555475011882
20,experimental,Unseen,0.9745991091448127,1.0007774417956847
20,experimental,Seen,0.975575299696839,0.7278381394877707
20,experimental,Seen,0.970180913109018,0.9279936278469075
20,experimental,Unseen,0.9784684814790164,0.9747832225282641
20,experimental,Seen,0.9773085830867981,0.7967228205464348
20,experimental,Seen,0.978909623310254,0.8786046112388088
20,experimental,Seen,0.9812118456496802,1.0059762856491687
20,experimental,Unseen,0.9814412794014151,0.833114727520823
20,experimental,Seen,0.9774908643270002,0.9422904484439887
20,experimental,Seen,0.9651951100155217,0.8552098138981306
20,experimental,Seen,0.9612412712122621,0.6433569268686545
20,experimental,Seen,0.9766648119372389,1.086558365378172
20,experimental,Unseen,0.9845434805162424,1.094356631158398
20,experimental,Seen,0.9805083568304075,0.824016750777226
20,experimental,Seen,0.973905802061649,0.6394577939785413
20,experimental,Seen,0.973583723531601,0.9357918936271336
20,experimental,Seen,0.9788218808941496,0.8630080796783568
20,experimental,Seen,0.968933347322153,0.7707286012790142
20,experimental,Unseen,0.9834345010199632,0.9175959401399394
20,experimental,Seen,0.9665150496734879,0.9474892922974729
20,experimental,Unseen,0.9820518315325932,0.9578869800044411
20,experimental,Unseen,0.9785476870204639,0.9773826444550062
20,experimental,Seen,0.9791594858800228,1.098255764048511
20,experimental,Seen,0.9782825603951767,1.0696621228543488
20,experimental,Unseen,0.984582578527996,1.0670627009276068
20,experimental,Seen,0.9782068675319705,0.8396132823376783
20,experimental,Unseen,0.9846340123214727,1.1229502723525606
20,experimental,Unseen,0.9725156814072213,1.0423681926235573
20,experimental,Seen,0.97642596817073,0.9331924717003917
20,experimental,Unseen,0.9767951708259786,0.9760829334916352
20,experimental,Seen,0.9743885031834558,1.0033768637224267
20,experimental,Unseen,0.9771037484677361,1.022872528172992
20,experimental,Unseen,0.9666537369930581,1.015074262392766
20,experimental,Unseen,0.9685805419336804,1.0813595215246878
20,experimental,Unseen,0.9769253208286307,0.9929791760154586
20,experimental,Unseen,0.9792791671321546,0.9955785979422004
20,experimental,Unseen,0.9838587406174429,0.8890022989457771
20,experimental,Seen,0.9819769880866223,0.9760829334916352
20,experimental,Unseen,0.9781785645533835,1.022872528172992
20,experimental,Seen,0.9771322432540059,0.7720283122423852
20,experimental,Seen,0.9833245504404331,1.082659232488059
20,experimental,Unseen,0.977251895596715,1.025471950099734
20,experimental,Unseen,0.9753464115322417,0.9994777308323135
20,experimental,Unseen,0.975404291357998,0.9396910265172467
20,experimental,Seen,0.9775816209334264,0.9110973853230845
20,experimental,Unseen,0.977708070440547,0.9162962291765683
20,experimental,Seen,0.9687525508981312,0.8331147275208232
20,experimental,Unseen,0.972357984314078,0.9110973853230844
20,experimental,Seen,0.9751894857916151,0.9162962291765685
20,experimental,Unseen,0.9751406298115952,1.0865583653781723
20,experimental,Unseen,0.9801364423577239,0.959186690967812
20,experimental,Unseen,0.9812159868943188,0.9877803321619746
20,experimental,Seen,0.9742525700144247,0.876005189312067
20,experimental,Seen,0.9747212752821067,0.9747832225282642
20,experimental,Seen,0.9809244833721317,0.9357918936271339
20,experimental,Seen,0.9783817335532414,0.9669849567480381
20,experimental,Unseen,0.9722561116207624,1.0618638570741226
20,experimental,Unseen,0.9797134522243148,0.9838811992718616
20,experimental,Unseen,0.9812356917404087,0.9422904484439887
20,experimental,Unseen,0.9817577579141061,0.955287558077699
20,experimental,Unseen,0.9812605139504823,1.0605641461107513
20,experimental,Unseen,0.9818514541225916,1.028071372026476
20,experimental,Unseen,0.9803634496129975,1.0826592324880584
20,experimental,Seen,0.9766243995366494,0.9825814883084905
20,experimental,Unseen,0.9819058789271091,1.0579647241840098
20,experimental,Unseen,0.9835005367787615,1.0644632790008643
20,experimental,Unseen,0.9807848929609423,0.9435901594073599
20,experimental,Seen,0.9826561006875283,0.8942011427992612
20,experimental,Unseen,0.977601714815995,1.082659232488059
20,experimental,Seen,0.9760846609592879,0.9903797540887165
20,experimental,Seen,0.9772002741148691,0.9357918936271337
20,experimental,Unseen,0.9782292768286674,1.015074262392766
20,experimental,Seen,0.9833860981227909,1.1060540298287376
20,experimental,Seen,0.9746964239765454,0.8591089467882437
20,experimental,Seen,0.9774131312304297,1.0761606776712038
20,experimental,Seen,0.979182634265025,0.8279158836673394
20,experimental,Seen,0.9730969882648218,0.8578092358248725
20,experimental,Seen,0.9683127330702258,0.9201953620666815
20,experimental,Unseen,0.9769890997500709,1.1346476710228999
20,experimental,Seen,0.9753516575002978,0.9071982524329713
20,experimental,Seen,0.9744574360630988,1.025471950099734
20,experimental,Seen,0.9780601765786752,0.8656075016050986
20,experimental,Seen,0.9715999919024877,1.0475670364770413
20,experimental,Unseen,0.9790494190296299,1.0124748404660238
20,experimental,Seen,0.9792257820969886,0.9071982524329714
20,experimental,Seen,0.978813899974609,0.8006219534365479
20,experimental,Seen,0.9856367479332988,0.9864806211986034
20,experimental,Unseen,0.9704581375868204,1.03327021587996
20,experimental,Seen,0.9788250003368049,1.04626732551367
20,experimental,Seen,0.9774525665847785,0.9851809102352325
20,experimental,Seen,0.9815925253125621,0.9890800431253455
20,experimental,Seen,0.9734885933693426,0.9799820663817482
20,experimental,Seen,0.9810243274206947,0.8045210863266606
20,experimental,Seen,0.9809597765572965,0.9006996976161161
20,experimental,Seen,0.9862785612602253,1.1073537407921086
20,experimental,Seen,0.9817551645114605,1.091757209231656
20,experimental,Unseen,0.9738790937752135,1.0488667474404125
20,experimental,Seen,0.9808565245988302,1.0020771527590555
20,experimental,Seen,0.9774614409670683,0.8175181959603712
20,experimental,Seen,0.9714560088323335,0.9305930497736496
20,experimental,Seen,0.9820794459734111,0.9019994085794873
20,experimental,Seen,0.9767848919317533,0.8916017208725192
20,experimental,Seen,0.9818457894564946,0.8942011427992613
20,experimental,Seen,0.9769602876295314,0.9266939168835365
20,experimental,Unseen,0.9757506366678592,1.0059762856491687
20,experimental,Unseen,0.9773760136689116,0.9461895813341019
20,experimental,Seen,0.973695156700115,0.9604864019311831
20,experimental,Seen,0.9782143992656329,0.8474115481179044
20,experimental,Seen,0.9832258903348879,0.8149187740336289
20,experimental,Unseen,0.9808876995528457,1.022872528172992
20,experimental,Unseen,0.9806379070745884,1.0098754185392818
20,experimental,Seen,0.9714357814677328,0.9968783089055715
20,experimental,Unseen,0.982482010060219,1.1229502723525604
20,experimental,Unseen,0.9775467263737728,1.0202731062462498
20,experimental,Seen,0.9809432136709455,0.9903797540887165
20,experimental,Seen,0.9786424749517328,0.9955785979422005
20,experimental,Seen,0.9752531345859095,0.7902242657295796
20,experimental,Unseen,0.9787920107940777,1.1008551859752531
20,experimental,Seen,0.9706953191064622,0.9123970962864553
20,experimental,Seen,0.980917213920822,0.9721838006015223
20,experimental,Unseen,0.9823941883420504,1.1281491162060446
20,experimental,Unseen,0.9794367098717454,0.9864806211986036
20,experimental,Unseen,0.981022340222864,1.0540655912938963
20,localizer,Seen,0.9746092825745418,0.896800564726003
20,localizer,Seen,0.9760127113593626,0.8838034550922929
20,localizer,Seen,0.9781362837340357,1.0332702158799603
20,localizer,Seen,0.9784022113075805,0.9227947839934236
20,localizer,Seen,0.9691574118793622,0.952688136150957
20,localizer,Seen,0.9749422027479862,0.878604611238809
20,localizer,Seen,0.9645071729540708,0.9175959401399394
20,localizer,Seen,0.9773683946544327,0.9890800431253454
20,localizer,Unseen,0.9567044389573747,1.0046765746857977
20,localizer,Seen,0.9693987197669799,0.9214950730300525
20,localizer,Seen,0.9693808624838768,0.8227170398138551
20,localizer,Seen,0.9707099997394699,0.9669849567480381
20,localizer,Seen,0.9654103221829223,0.8448121261911622
20,localizer,Seen,0.9673996490416988,1.0124748404660238
20,localizer,Seen,0.9606838239098459,0.8526103919713887
20,localizer,Seen,0.9747747604008932,0.8734057673853248
20,localizer,Seen,0.9656426766086851,0.877304900275438
20,localizer,Seen,0.9694558984578132,0.7616306245354171
20,localizer,Seen,0.970824126451269,0.889002298945777
20,localizer,Seen,0.972864664028412,0.9370916045905047
20,localizer,Seen,0.9680216784834408,0.8552098138981306
20,localizer,Seen,0.965053239787563,0.9110973853230843
20,localizer,Seen,0.9754818522629689,1.0020771527590557
20,localizer,Unseen,0.9572482723511967,0.759031202608675
20,localizer,Unseen,0.9734989993230011,0.9682846677114092
20,localizer,Seen,0.9730956751582578,0.9461895813341019
20,localizer,Seen,0.9656693791301948,0.8981002756893743
20,localizer,Seen,0.9732489158281393,0.9318927607370208
20,localizer,Seen,0.9603274271520765,0.8344144384841943
20,localizer,Seen,0.9692014233920399,1.04626732551367
20,localizer,Seen,0.9712244255661054,0.9695843786747801
20,localizer,Seen,0.9749825022875228,0.9526881361509569
20,localizer,Seen,0.9666260085886911,0.89290143183589
20,localizer,Seen,0.9703501289645877,0.9539878471143279
20,localizer,Seen,0.974104137214401,0.9838811992718614
20,localizer,Seen,0.975413293807949,0.8409129933010494
20,localizer,Seen,0.9617690920410985,0.759031202608675
20,localizer,Seen,0.9531304673786594,0.8006219534365476
20,localizer,Seen,0.9788640894249442,0.9799820663817483
20,localizer,Seen,0.9704212622015376,0.6277603953082022
20,localizer,Seen,0.9869185917066827,1.1203508504258182
20,localizer,Seen,0.9853531093378414,1.0449676145502993
20,localizer,Seen,0.984463467847899,0.9864806211986035
20,localizer,Seen,0.9825176861700211,1.099555475011882
20,localizer,Seen,0.9825725601059333,1.09695605308514
20,localizer,Seen,0.9877796793399939,0.9838811992718616
20,localizer,Seen,0.9864882527422338,1.1177514284990764
20,localizer,Seen,0.9782368280189153,0.9955785979422004
20,localizer,Seen,0.9815945764921602,1.085258654414801
20,localizer,Seen,0.9785457429137049,1.018973395282879
20,localizer,Seen,0.9813979170023117,1.0579647241840093
20,localizer,Unseen,0.9832318393314111,1.0605641461107516
20,localizer,Seen,0.9703779360819181,0.7291378504511417
20,localizer,Seen,0.9808663974378133,0.9812817773451193
20,localizer,Seen,0.983411539320149,1.009875418539282
20,localizer,Seen,0.9764629045530134,0.9695843786747801
20,localizer,Seen,0.9696192603412795,0.9929791760154588
20,localizer,Seen,0.9693393839751071,0.7668294683889013
20,localizer,Seen,0.9809661169368536,1.0709618338177196
20,localizer,Seen,0.9782710906022962,1.0748609667078328
20,localizer,Seen,0.9798031450983405,0.9760829334916353
20,localizer,Seen,0.976296596363847,0.9942788869788295
20,localizer,Seen,0.9800533287374839,1.0345699268433313
20,localizer,Seen,0.9730271189573512,0.9773826444550064
20,localizer,Seen,0.9836036634099863,1.0618638570741226
20,localizer,Seen,0.9834619689775956,1.0722615447810906
20,localizer,Seen,0.9817620672273676,1.0865583653781719
20,localizer,Seen,0.9846240282960257,1.0397687706968153
20,localizer,Seen,0.9800113874908781,1.0748609667078328
20,localizer,Seen,0.9652263413607259,0.9695843786747802
20,localizer,Seen,0.9713150361404769,0.9968783089055716
20,localizer,Seen,0.9704021679906172,1.035869637806702
20,localizer,Seen,0.9689562787395565,0.6498554816855096
20,localizer,Seen,0.9747630960240412,1.0033768637224267
20,localizer,Seen,0.9675252442843129,0.7668294683889012
20,localizer,Seen,0.9655483064498779,1.0137745514293948
20,localizer,Seen,0.9609175271974534,0.8071205082534029
20,localizer,Seen,0.9650202143857007,0.9669849567480382
20,localizer,Seen,0.9739082089102571,0.8370138604109362
20,localizer,Unseen,0.9779746167566866,1.0020771527590557
20,localizer,Seen,0.9849648253873099,0.9409907374806178
20,localizer,Seen,0.9721854220671142,0.9214950730300524
20,localizer,Seen,0.9825164378962684,1.0163739733561366
20,localizer,Seen,0.9850888729159325,1.026771661063105
20,localizer,Seen,0.9765277388373742,0.9188956511033104
20,localizer,Seen,0.9746391472289093,0.7330369833412547
20,localizer,Seen,0.9732086275274096,0.7265384285243998
20,localizer,Seen,0.9764946246437151,0.7369361162313678
20,localizer,Seen,0.9773410900578648,0.6550543255389936
20,localizer,Seen,0.9756775147754501,1.0163739733561368
20,localizer,Seen,0.9826080602327885,1.0059762856491685
20,localizer,Seen,0.9827611339173965,1.038469059733444
20,localizer,Seen,0.9767534280798507,0.9032991195428582
20,localizer,Seen,0.9715509542550993,0.9201953620666815
20,localizer,Unseen,0.9774987778268771,0.9981780198689426
20,localizer,Seen,0.9732167906086959,0.9877803321619743
20,localizer,Seen,0.9851116808396094,1.029371082989847
20,localizer,Seen,0.9843550639168596,0.8981002756893741
20,localizer,Seen,0.9691572085752641,0.9630858238579251
20,localizer,Seen,0.9833234635876382,1.0072759966125397
20,localizer,Seen,0.9769702033245456,0.9994777308323137
20,localizer,Seen,0.9795439836365569,0.955287558077699
20,localizer,Seen,0.9803818121292112,0.9890800431253454
20,localizer,Seen,0.96918509694155,0.965685245784667
20,localizer,Seen,0.9781083031823614,0.9708840896381512
20,localizer,Seen,0.9575057776033978,0.67584970095293
20,localizer,Seen,0.9746086039912915,0.8643077906417277
20,localizer,Seen,0.9690995436023795,0.9058985414696004
20,localizer,Unseen,0.9787579318017793,0.9916794650520876
20,localizer,Seen,0.9725640189788923,0.9409907374806179
20,localizer,Seen,0.9794342982620837,0.9773826444550062
20,localizer,Seen,0.984863302634167,0.9279936278469074
20,localizer,Seen,0.9735052325328336,0.830515305594081
20,localizer,Seen,0.981139392379723,1.0683624118909776
20,localizer,Seen,0.9717654513160778,0.9773826444550063
20,localizer,Seen,0.9801624568094777,0.9383913155538756
20,localizer,Seen,0.9705221514444072,0.8617083687149857
20,localizer,Seen,0.9684862288981223,0.961786112894554
20,localizer,Seen,0.9566002783853682,0.8630080796783566
20,localizer,Seen,0.9669715327882187,0.6810485448064142
20,localizer,Seen,0.9796806658422299,1.0839589434514298
20,localizer,Seen,0.9767337705600002,1.0033768637224267
20,localizer,Seen,0.982088663804109,1.1047543188653663
20,localizer,Seen,0.9835369122804313,0.9357918936271336
20,localizer,Seen,0.9839110842776393,1.0670627009276068
20,localizer,Seen,0.9772641404185606,0.9292933388102788
20,localizer,Seen,0.9685665299176671,0.6160629966378627
20,localizer,Seen,0.9771687863889643,0.8851031660556642
20,localizer,Seen,0.9799007389745973,1.026771661063105
20,localizer,Unseen,0.9783341394334941,0.890302009909148
20,localizer,Seen,0.9744535937561899,0.9305930497736496
20,localizer,Seen,0.9648026381761882,0.9162962291765683
20,localizer,Unseen,0.9800884722264253,1.0046765746857975
20,localizer,Seen,0.9761295226840631,0.87990432220218
20,localizer,Seen,0.9801236142545303,1.1073537407921081
20,localizer,Seen,0.9764299963577368,1.087858076341543
20,localizer,Seen,0.979856587751643,1.0280713720264758
20,localizer,Seen,0.9806006814091927,1.0943566311583979
20,localizer,Seen,0.9796900368469126,1.0527658803305253
20,localizer,Seen,0.980473208489334,0.9981780198689426
20,localizer,Seen,0.9740596326925149,1.0696621228543486
20,localizer,Seen,0.9792239727124248,1.0462673255136703
20,localizer,Seen,0.9857167079383335,1.0683624118909778
20,localizer,Seen,0.9780089111696415,1.016373973356137
20,localizer,Seen,0.9815654333702905,1.0748609667078326
20,localizer,Seen,0.9835631661244857,0.9838811992718612
20,localizer,Unseen,0.9762384018343606,1.0657629899642356
20,localizer,Seen,0.9771067121384973,1.0644632790008646
20,localizer,Seen,0.9784530854769514,1.087858076341543
20,localizer,Seen,0.9768671719342702,0.9409907374806178
20,localizer,Seen,0.9770438478487043,1.034569926843331
20,localizer,Seen,0.971573140479277,0.9422904484439887
20,localizer,Seen,0.9737060062816593,0.9305930497736495
20,localizer,Unseen,0.9734722846173023,1.0111751295026528
20,localizer,Seen,0.9862790003272082,1.0124748404660238
20,localizer,Seen,0.9726731561021783,0.5575760032861672
20,localizer,Seen,0.9765500771545362,0.8071205082534029
20,localizer,Seen,0.9838453161674434,1.0930569201950269
20,localizer,Seen,0.9717356271326605,0.9773826444550061
20,localizer,Seen,0.9703306971738089,0.7941233986196927
20,localizer,Seen,0.982413730677066,0.831815016557452
20,localizer,Seen,0.9798613550541627,0.9812817773451193
20,localizer,Seen,0.9814937651738954,1.0124748404660238
20,localizer,Seen,0.9740365522005401,0.9240944949567946
20,localizer,Seen,0.9766021203168932,0.9799820663817482
20,localizer,Seen,0.9771915898670633,1.037169348770073
20,localizer,Seen,0.9801309179558295,0.9916794650520876
20,localizer,Seen,0.9752246540117405,0.9864806211986035
20,localizer,Seen,0.9781290673166217,0.9669849567480382
20,localizer,Seen,0.9717955153158271,1.0852586544148013
20,localizer,Seen,0.979019719297009,0.9747832225282642
20,localizer,Seen,0.9717322710698919,0.9825814883084903
20,localizer,Seen,0.9812502033089134,0.8461118371545335
20,localizer,Seen,0.9754210376231509,1.03327021587996
20,localizer,Unseen,0.9735706480711738,0.9344921826637629
20,localizer,Seen,0.9729365355526024,0.9149965182131973
20,localizer,Unseen,0.9782736564569234,0.9851809102352325
20,localizer,Seen,0.9590913030714041,0.5796710896634746
20,localizer,Seen,0.9804914966089809,0.8682069235318407
20,localizer,Seen,0.9729587184122562,0.5874693554437006
20,localizer,Seen,0.9554888699022324,0.8513106810080175
20,localizer,Seen,0.9667630950754559,1.028071372026476
20,localizer,Seen,0.9726956132005565,0.9942788869788296
20,localizer,Seen,0.9675018312011663,0.7304375614145124
20,localizer,Seen,0.9773825844480553,0.8721060564219536
20,localizer,Seen,0.9695881910258627,0.9162962291765683
20,localizer,Seen,0.9880035821464372,0.9526881361509569
20,localizer,Seen,0.9780273460844605,1.016373973356137
20,localizer,Seen,0.970222113036473,0.6992444982936084
20,localizer,Seen,0.9802640189298315,0.9734835115648932
20,localizer,Seen,0.9850322211884228,0.8929014318358902
20,localizer,Seen,0.9661167619039437,0.9097976743597134
20,localizer,Unseen,0.9773149500954664,0.957886980004441
20,localizer,Seen,0.9671762508450064,0.7954231095830636
20,localizer,Seen,0.979287493026129,0.9838811992718611
20,localizer,Seen,0.9465275492737011,0.9422904484439888
20,localizer,Seen,0.9774247820163603,0.9136968072498264
20,localizer,Seen,0.9670422269262864,0.9214950730300524
20,localizer,Seen,0.9814591905100477,1.0345699268433313
20,localizer,Seen,0.976132900303047,0.9552875580776988
21,experimental,Unseen,0.9640834694236683,0.8786046112388088
21,experimental,Unseen,0.9698354367143717,0.9292933388102785
21,experimental,Unseen,0.9670347390880318,0.8357141494475653
21,experimental,Seen,0.9680948329576432,0.7473338039383359
21,experimental,Unseen,0.9638230481062378,0.9487890032608438
21,experimental,Unseen,0.9614066384559619,0.9188956511033105
21,experimental,Unseen,0.9711399618263118,0.965685245784667
21,experimental,Seen,0.9685760331201871,0.8643077906417278
21,experimental,Seen,0.9687533648445585,0.965685245784667
21,experimental,Unseen,0.9667600315115957,0.9383913155538758
21,experimental,Seen,0.9620395416698665,0.7668294683889013
21,experimental,Seen,0.9725636726569642,0.9409907374806178
21,experimental,Seen,0.9657876280137164,0.7317372723778837
21,experimental,Unseen,0.9664073420205522,0.8370138604109363
21,experimental,Seen,0.9639562563623285,0.8630080796783567
21,experimental,Unseen,0.9629982629033264,0.7850254218760955
21,experimental,Seen,0.9677523994488838,0.895500853762632
21,experimental,Seen,0.9658405684377489,0.9357918936271337
21,experimental,Seen,0.9629327440025278,0.9279936278469074
21,experimental,Seen,0.9698610234898798,0.8162184849970001
21,experimental,Seen,0.9562721551759428,0.7993222424731768
21,experimental,Seen,0.9758616908745112,0.9318927607370208
21,experimental,Seen,0.9677120584128048,0.7304375614145127
21,experimental,Seen,0.9653664393606397,0.9773826444550063
21,experimental,Unseen,0.9716562099578463,1.0423681926235573
21,experimental,Unseen,0.9708342431876048,0.8162184849970001
21,experimental,Unseen,0.9674889483389139,0.887702587982406
21,experimental,Seen,0.9629485413304804,0.8448121261911623
21,experimental,Seen,0.9668680845264023,0.7278381394877707
21,experimental,Unseen,0.9629482604136161,0.9617861128945538
21,experimental,Unseen,0.9736138331332489,1.0631635680374936
21,experimental,Seen,0.9621644456989767,0.817518195960371
21,experimental,Seen,0.9732561874129596,0.9851809102352325
21,experimental,Seen,0.9694159656978723,0.8903020099091479
21,experimental,Seen,0.9625138328589956,0.9656852457846671
21,experimental,Unseen,0.9752987251645058,1.0059762856491687
21,experimental,Unseen,0.963392702150967,0.9435901594073599
21,experimental,Unseen,0.9726648561550159,1.026771661063105
21,experimental,Seen,0.9686915166279995,0.9812817773451195
21,experimental,Seen,0.9696382491774826,0.9396910265172467
21,experimental,Unseen,0.9665719176375658,0.8578092358248726
21,experimental,Unseen,0.9596917128635124,0.820117617887113
21,experimental,Unseen,0.9705686588576613,0.8993999866527452
21,experimental,Seen,0.966236046729759,0.7031436311837214
21,experimental,Seen,0.9653998470710685,0.817518195960371
21,experimental,Seen,0.9618460660807496,0.8708063454585827
21,experimental,Unseen,0.957496654456306,0.881204033165551
21,experimental,Seen,0.961033800076238,0.7590312026086753
21,experimental,Seen,0.9631698915841497,0.8656075016050986
21,experimental,Unseen,0.9650137303916752,0.9890800431253455
21,experimental,Unseen,0.9682765915176743,0.9474892922974727
21,experimental,Seen,0.9691871300629731,0.7720283122423853
21,experimental,Seen,0.9645488752444666,0.9422904484439888
21,experimental,Seen,0.9573658002329118,0.7616306245354172
21,experimental,Unseen,0.9722938840791872,0.9019994085794872
21,experimental,Seen,0.9640482079743294,0.9565872690410699
21,experimental,Seen,0.9682321581710527,0.7837257109127244
21,experimental,Unseen,0.9695485210415787,0.9357918936271337
21,experimental,Seen,0.9574718290503591,0.7356364052679968
21,experimental,Unseen,0.9741650007214161,0.9344921826637629
21,experimental,Unseen,0.9675094524472383,0.9903797540887165
21,experimental,Seen,0.9673067120215388,0.8045210863266609
21,experimental,Seen,0.959041714804839,0.678449122879672
21,experimental,Unseen,0.9581472125284569,0.8591089467882435
21,experimental,Seen,0.9675378071670554,0.8695066344952116
21,experimental,Seen,0.9693237227593605,0.8019216643999187
21,experimental,Unseen,0.9625430807375364,0.9409907374806179
21,experimental,Unseen,0.9640474555099886,0.8643077906417277
21,experimental,Seen,0.9669365470285293,0.8123193521068869
21,experimental,Seen,0.9709343728005787,0.9916794650520875
21,experimental,Unseen,0.962790900876241,0.8578092358248727
21,experimental,Unseen,0.95113604439484,0.8929014318358902
21,experimental,Seen,0.9599978083471279,0.9188956511033102
21,experimental,Unseen,0.9540470783446529,0.9019994085794873
21,experimental,Unseen,0.9572444863974051,0.8721060564219539
21,experimental,Seen,0.9596827212802538,0.7083424750372053
21,experimental,Unseen,0.9670211393012301,0.9669849567480381
21,experimental,Unseen,0.958289603455758,0.7733280232057563
21,experimental,Unseen,0.9625528266515417,0.8656075016050988
21,experimental,Unseen,0.9577775966240237,0.7681291793522724
21,experimental,Unseen,0.9741668195581619,0.9669849567480382
21,experimental,Seen,0.9722747139316325,0.9877803321619745
21,experimental,Seen,0.9735178878331708,0.9513884251875857
21,experimental,Seen,0.9759586207428649,0.8448121261911626
21,experimental,Seen,0.974644546001498,0.8942011427992611
21,experimental,Seen,0.9739756441246186,1.0514661693671543
21,experimental,Unseen,0.967551757131539,0.9799820663817485
21,experimental,Unseen,0.9666691493102597,0.9266939168835365
21,experimental,Unseen,0.9660948851009993,1.0176736843195076
21,experimental,Seen,0.9668005351551426,0.9188956511033104
21,experimental,Seen,0.9747137581512885,0.8292155946307099
21,experimental,Seen,0.9628019188201659,1.028071372026476
21,experimental,Seen,0.9675084812276779,0.8708063454585826
21,experimental,Seen,0.9694136020840136,0.9032991195428584
21,experimental,Seen,0.9633479917776507,0.8916017208725191
21,experimental,Seen,0.9702607195388153,0.8799043222021798
21,experimental,Unseen,0.9693817871506072,0.9487890032608438
21,experimental,Unseen,0.9684466258252306,0.9097976743597134
21,experimental,Unseen,0.9646340919309414,0.9604864019311831
21,experimental,Unseen,0.9664430625811271,0.9500887142242148
21,experimental,Seen,0.9716809880103566,1.034569926843331
21,experimental,Unseen,0.969389162554169,1.0111751295026528
21,experimental,Unseen,0.9699580955916702,0.9370916045905048
21,experimental,Unseen,0.9732667092673531,0.9851809102352325
21,experimental,Unseen,0.9778552091840648,1.0215728172096208
21,experimental,Unseen,0.9782465552462146,0.9786823554183774
21,experimental,Unseen,0.9742154362964442,1.031970504916589
21,experimental,Unseen,0.9721843689083549,0.9747832225282642
21,experimental,Seen,0.9642961287303062,0.955287558077699
21,experimental,Unseen,0.9714291478913564,0.9370916045905049
21,experimental,Seen,0.9650097135901521,0.8838034550922929
21,experimental,Unseen,0.970586931020539,0.8669072125684697
21,experimental,Unseen,0.9692046448086572,0.9539878471143278
21,experimental,Unseen,0.9664253427058926,0.9916794650520876
21,experimental,Unseen,0.9719473703728198,1.0007774417956845
21,experimental,Seen,0.970488664066848,0.8708063454585827
21,experimental,Seen,0.9773356108463358,0.9864806211986034
21,experimental,Seen,0.9735285987269787,1.0072759966125397
21,experimental,Unseen,0.9764258802077213,0.9682846677114091
21,experimental,Unseen,0.9625591067242846,0.7928236876563216
21,experimental,Unseen,0.9774987149730013,1.0683624118909776
21,experimental,Unseen,0.9708759393917081,0.9760829334916351
21,experimental,Unseen,0.9780604891125515,0.8669072125684698
21,experimental,Unseen,0.9660276203067393,0.9942788869788294
21,experimental,Unseen,0.975561625422867,0.9279936278469073
21,experimental,Unseen,0.9693057868463353,0.887702587982406
21,experimental,Unseen,0.9628098924967039,0.8370138604109365
21,experimental,Seen,0.9682106393138128,1.034569926843331
21,experimental,Unseen,0.9712011251226912,0.9955785979422006
21,experimental,Unseen,0.9710234706295687,0.9331924717003918
21,experimental,Unseen,0.9712818412376647,0.9318927607370207
21,experimental,Seen,0.971197819186148,1.0059762856491687
21,experimental,Unseen,0.9751077657818239,1.0267716610631046
21,experimental,Unseen,0.9762415287881767,1.037169348770073
21,experimental,Unseen,0.9741736791506764,0.9682846677114092
21,experimental,Unseen,0.9776219546287203,1.0813595215246878
21,experimental,Unseen,0.9633936112389658,1.0046765746857975
21,experimental,Unseen,0.9699524430386286,0.9058985414696002
21,experimental,Seen,0.9735708396287892,0.9877803321619746
21,experimental,Seen,0.9669909559438431,0.8136190630702579
21,experimental,Unseen,0.9766411157379402,0.8487112590812752
21,experimental,Unseen,0.9688286427006408,0.8993999866527452
21,experimental,Unseen,0.9649492433323883,0.9864806211986034
21,experimental,Unseen,0.9703951806937676,0.8383135713743072
21,experimental,Unseen,0.9692317072211616,0.9591866909678121
21,experimental,Seen,0.9664183530651682,0.9851809102352321
21,experimental,Unseen,0.9731319959396777,1.0046765746857977
21,experimental,Seen,0.9695945820536492,0.8695066344952118
21,experimental,Unseen,0.964628563130777,0.8773049002754377
21,experimental,Seen,0.9634443351263521,0.9318927607370207
21,experimental,Unseen,0.9717819849652095,0.8993999866527452
21,experimental,Unseen,0.9573415073011665,0.8734057673853247
21,experimental,Unseen,0.9690297435400801,0.9123970962864554
21,experimental,Unseen,0.9674407127536108,0.8903020099091481
21,experimental,Unseen,0.9634079696627472,0.882503744128922
21,experimental,Unseen,0.9700357031160597,0.9032991195428584
21,experimental,Unseen,0.9638315052928502,0.8552098138981306
21,experimental,Seen,0.9689603275027279,0.9201953620666816
21,experimental,Unseen,0.9623004316982261,0.8812040331655508
21,experimental,Unseen,0.9694496541551281,0.8435124152277915
21,experimental,Unseen,0.9633632071043204,0.9877803321619746
21,experimental,Unseen,0.9743805211466593,0.9812817773451193
21,experimental,Unseen,0.9721144991228373,0.8305153055940809
21,experimental,Unseen,0.9741325131107234,0.9643855348212961
21,experimental,Unseen,0.9712902150118322,1.0904574982682849
21,experimental,Unseen,0.9779273031141612,0.9084979633963421
21,experimental,Unseen,0.9674943144515564,0.9318927607370208
21,experimental,Unseen,0.9717652703896453,0.9916794650520873
21,experimental,Unseen,0.9649965714463384,1.0475670364770413
21,experimental,Unseen,0.9644474192074928,1.03327021587996
21,experimental,Seen,0.9703715753278349,0.9591866909678118
21,experimental,Unseen,0.9707469249356958,1.0722615447810908
21,experimental,Unseen,0.9718837105799629,1.0085757075759108
21,experimental,Unseen,0.965091241096463,0.9500887142242149
21,experimental,Unseen,0.9778356102549864,0.9747832225282641
21,experimental,Unseen,0.9675965385328855,0.9708840896381511
21,experimental,Unseen,0.9684985218824548,1.0904574982682853
21,experimental,Unseen,0.9581429280189785,1.0020771527590555
21,experimental,Unseen,0.9740331532943827,1.041068481660186
21,experimental,Seen,0.9714910806891401,0.9305930497736493
21,experimental,Seen,0.9674531673649077,0.9669849567480382
21,experimental,Unseen,0.972007561939443,0.9968783089055715
21,experimental,Unseen,0.9749103573658238,1.0046765746857975
21,experimental,Unseen,0.9682475820593084,0.8877025879824059
21,experimental,Unseen,0.9660331569783888,0.9435901594073597
21,experimental,Unseen,0.9630080754692629,0.7538323587551911
21,experimental,Unseen,0.9587890278234179,0.9019994085794873
21,experimental,Unseen,0.9721322115159088,1.0124748404660235
21,experimental,Seen,0.9675912961011146,0.9396910265172467
21,experimental,Unseen,0.9726163870283878,0.9877803321619745
21,experimental,Unseen,0.9717411461096238,0.9617861128945542
21,experimental,Unseen,0.9518948638732853,0.9682846677114091
21,experimental,Unseen,0.9646549459229306,0.9162962291765685
21,experimental,Unseen,0.9734175888657839,1.0228725281729918
21,experimental,Unseen,0.9501358324580347,0.8578092358248725
21,experimental,Unseen,0.9707715512776427,0.8604086577516147
21,experimental,Unseen,0.9684686948640776,0.9695843786747802
21,experimental,Seen,0.9655760077670323,0.824016750777226
21,experimental,Unseen,0.971126046930107,0.9669849567480381
21,experimental,Unseen,0.964297636063508,0.8968005647260032
21,experimental,Unseen,0.9797847619644716,1.0631635680374936
21,experimental,Unseen,0.9670315255266395,0.9760829334916353
21,experimental,Unseen,0.9719827406603962,0.9981780198689424
21,experimental,Unseen,0.9668317958512264,0.9110973853230842
21,experimental,Unseen,0.9510001829959795,0.9071982524329711
21,experimental,Unseen,0.9691753261765057,0.8513106810080174
21,experimental,Seen,0.9527017949428811,0.9396910265172468
21,experimental,Unseen,0.963563645653988,0.9474892922974728
21,experimental,Seen,0.9768510058090238,0.8604086577516147
21,experimental,Seen,0.9663474477079484,0.9682846677114092
21,experimental,Unseen,0.9751425213906086,1.021572817209621
21,experimental,Unseen,0.969028203648126,0.883803455092293
21,experimental,Unseen,0.9714175080777531,0.9708840896381511
21,experimental,Seen,0.9759379766069461,0.8539101029347596
21,experimental,Unseen,0.9712552213246622,0.9149965182131974
21,experimental,Unseen,0.9644035192133219,0.9370916045905048
21,experimental,Unseen,0.966025191039423,0.8123193521068869
21,experimental,Unseen,0.9703983945977944,0.9890800431253455
21,experimental,Seen,0.9626124073650387,0.7850254218760955
21,experimental,Unseen,0.9607329374229261,0.8149187740336291
21,experimental,Unseen,0.9616706629495377,0.7057430531104633
21,experimental,Unseen,0.9674429201875041,0.881204033165551
21,experimental,Unseen,0.965978688024524,0.8448121261911624
21,experimental,Unseen,0.968978598777955,0.8539101029347593
21,experimental,Unseen,0.9637002533980505,0.9656852457846672
21,experimental,Unseen,0.9746557209037167,1.0358696378067023
21,experimental,Unseen,0.9760234785026326,0.9526881361509569
21,experimental,Unseen,0.9613448537647808,0.8552098138981304
21,experimental,Unseen,0.9740468728416707,0.7317372723778839
21,experimental,Unseen,0.9738816044824662,0.9773826444550063
21,experimental,Unseen,0.9741550269018201,0.9669849567480381
21,experimental,Unseen,0.9591586285928173,0.7512329368284489
21,experimental,Unseen,0.9639696963096626,0.8279158836673394
21,experimental,Unseen,0.9658801998672238,0.8682069235318407
21,experimental,Unseen,0.9757525795773627,0.9214950730300525
21,experimental,Unseen,0.9630700272482116,0.8201176178871129
21,experimental,Unseen,0.9691067203417173,1.0254719500997338
21,experimental,Unseen,0.963264034614619,0.818817906923742
21,experimental,Unseen,0.9728688667454792,1.0436679035869283
21,experimental,Unseen,0.9545387148516622,0.8643077906417277
21,experimental,Unseen,0.9674118058679791,1.0059762856491687
21,experimental,Unseen,0.974609251586346,0.9617861128945542
21,experimental,Unseen,0.9675088028103577,0.9097976743597133
21,experimental,Unseen,0.9692011109308786,0.9370916045905048
21,experimental,Unseen,0.9695418075118449,0.9110973853230844
21,experimental,Seen,0.951579385407418,0.8409129933010492
21,experimental,Unseen,0.9736348496855399,0.9591866909678121
21,experimental,Unseen,0.9661432628560968,1.025471950099734
21,experimental,Unseen,0.9623394513436313,0.8617083687149855
21,experimental,Unseen,0.9674374884308479,0.889002298945777
21,experimental,Seen,0.958393949747449,0.8370138604109363
21,experimental,Unseen,0.9689881242911865,0.9123970962864554
21,experimental,Unseen,0.9769389308038521,0.9643855348212962
21,experimental,Seen,0.9731746731318838,0.9656852457846671
21,experimental,Unseen,0.9707833067943022,0.8760051893120668
21,experimental,Unseen,0.9692529309228158,0.9760829334916352
21,experimental,Unseen,0.9576578298068721,1.013774551429395
21,experimental,Unseen,0.9636009477224634,0.9370916045905048
21,experimental,Unseen,0.9662388766033082,0.9110973853230844
21,experimental,Unseen,0.9717269610773918,0.9305930497736495
21,experimental,Unseen,0.9613368272376822,0.7863251328394665
21,experimental,Unseen,0.9704527222634167,1.0085757075759108
21,experimental,Unseen,0.9608778309143481,0.955287558077699
21,experimental,Unseen,0.9662154777133077,0.817518195960371
21,experimental,Unseen,0.9549456469495294,0.7369361162313678
21,experimental,Unseen,0.9770349465281393,0.9357918936271337
21,experimental,Unseen,0.9749640376212224,0.9318927607370208
21,experimental,Unseen,0.9748176979815135,1.0228725281729918
21,experimental,Unseen,0.9720830495038146,1.041068481660186
21,experimental,Unseen,0.9715141325898942,1.0631635680374938
21,experimental,Unseen,0.9684695972531062,0.9253942059201656
21,experimental,Unseen,0.9589337288080011,1.077460388634575
21,experimental,Unseen,0.9728385451377974,1.0020771527590555
21,experimental,Unseen,0.9694323922719088,0.8682069235318407
21,experimental,Unseen,0.9662122766255065,1.022872528172992
21,experimental,Unseen,0.9660300557067875,0.9045988305062294
21,experimental,Unseen,0.9655152497638368,1.0046765746857975
21,experimental,Unseen,0.9728835638948101,0.9370916045905048
21,experimental,Unseen,0.9674825025155588,0.9916794650520876
21,experimental,Unseen,0.9703559432399627,0.8422127042644203
21,experimental,Unseen,0.9751772533320738,1.0527658803305253
21,experimental,Unseen,0.9723495651412603,1.034569926843331
21,experimental,Unseen,0.9702675487306052,0.9812817773451196
21,experimental,Unseen,0.9730198269797532,0.9864806211986035
21,experimental,Unseen,0.9639972263150476,0.8630080796783566
21,experimental,Unseen,0.9725926783130975,0.8448121261911624
21,experimental,Unseen,0.9699538378175797,1.0072759966125397
21,experimental,Unseen,0.9700021723462008,0.7941233986196926
21,experimental,Unseen,0.9639094752266978,0.9435901594073598
21,experimental,Unseen,0.9709131345544979,0.9565872690410699
21,experimental,Unseen,0.9623658375539984,0.8240167507772261
21,experimental,Seen,0.9722000044542178,0.9994777308323135
21,experimental,Unseen,0.9742471370673302,1.0059762856491687
21,experimental,Seen,0.9745240477045084,0.7525326477918199
21,experimental,Seen,0.970314644452324,0.8604086577516147
21,experimental,Unseen,0.96729595921093,0.9955785979422005
21,experimental,Unseen,0.9701639220211352,0.878604611238809
21,experimental,Unseen,0.9693181715351479,0.9617861128945542
21,experimental,Unseen,0.9591330965061028,0.8305153055940813
21,experimental,Seen,0.972463707196252,0.8565095248615016
21,experimental,Seen,0.9722301235401434,0.891601720872519
21,experimental,Unseen,0.9705201847258805,0.9721838006015223
21,experimental,Unseen,0.9807750734723669,1.0228725281729918
21,experimental,Unseen,0.9668205399384252,1.021572817209621
21,experimental,Unseen,0.9734575743038363,1.0631635680374938
21,experimental,Unseen,0.9700373217861775,0.7811262889859826
21,experimental,Unseen,0.9708190110990028,0.7616306245354173
21,experimental,Seen,0.9684785292358898,0.9409907374806178
21,experimental,Unseen,0.9606932610061211,0.8669072125684697
21,experimental,Unseen,0.9764196537455947,1.0033768637224267
21,experimental,Unseen,0.9776406195148691,1.091757209231656
21,experimental,Unseen,0.9620925027102949,0.9812817773451192
21,experimental,Unseen,0.9680727446350004,0.963085823857925
21,experimental,Unseen,0.9627883029985828,0.8149187740336289
21,experimental,Unseen,0.9735828924144367,0.9266939168835364
21,experimental,Unseen,0.9635908946672601,0.9084979633963424
21,experimental,Seen,0.9693697866888342,1.024172239136363
21,experimental,Unseen,0.9746749527786511,1.024172239136363
21,experimental,Unseen,0.9767517052047986,1.0007774417956847
21,experimental,Unseen,0.9737876415003054,0.9682846677114092
21,experimental,Seen,0.9570285025520613,0.6485557707221383
21,experimental,Unseen,0.9663535909587683,0.9682846677114092
21,experimental,Unseen,0.9717505431798563,1.025471950099734
21,experimental,Unseen,0.9731444518168418,0.9812817773451193
21,experimental,Unseen,0.963733548203517,0.7642300464621591
21,experimental,Unseen,0.9695552775002305,1.0436679035869283
21,experimental,Unseen,0.9757303225775694,0.9149965182131974
21,experimental,Unseen,0.9685822906724433,1.0046765746857977
21,experimental,Seen,0.9664678106460604,0.7603309135720463
21,experimental,Unseen,0.9794993376974219,1.0072759966125397
21,experimental,Unseen,0.9701233192126894,1.0111751295026528
21,experimental,Unseen,0.9659027829865183,0.9448898703707308
21,experimental,Unseen,0.9651210084246207,0.7330369833412548
21,experimental,Seen,0.9709918188056885,0.9084979633963423
21,experimental,Unseen,0.9723336257764325,1.0631635680374938
21,experimental,Unseen,0.9606074269763283,0.9487890032608439
21,experimental,Unseen,0.9598971044433624,0.8227170398138551
21,experimental,Unseen,0.9679461620762728,0.9643855348212961
21,experimental,Unseen,0.961978024635036,0.9994777308323136
21,experimental,Unseen,0.9697183944558688,1.0137745514293948
21,experimental,Unseen,0.9778176885608332,1.0683624118909778
21,experimental,Unseen,0.9729752288951006,1.1008551859752536
21,experimental,Unseen,0.9768384657685573,1.017673684319508
21,experimental,Unseen,0.9669039584058333,1.0111751295026525
21,experimental,Unseen,0.9585207986972734,0.8110196411435159
21,experimental,Unseen,0.960872037534773,0.9123970962864554
21,experimental,Unseen,0.9639181387021829,1.022872528172992
21,experimental,Unseen,0.9662310584917873,1.0215728172096208
21,experimental,Seen,0.9656103461795345,1.0059762856491687
21,experimental,Seen,0.9651904847294904,0.9318927607370207
21,experimental,Seen,0.970195586202219,1.0787600995979456
21,experimental,Seen,0.9659132143282609,0.9825814883084903
21,experimental,Unseen,0.9729282955559747,1.0085757075759108
21,experimental,Unseen,0.9674245068541842,0.9916794650520875
21,experimental,Unseen,0.9720504476927062,1.087858076341543
21,experimental,Unseen,0.9683815847097406,0.9292933388102786
21,experimental,Unseen,0.9751745690749547,1.0124748404660238
21,experimental,Seen,0.9593406446416906,0.8305153055940812
21,experimental,Unseen,0.9606185574818256,1.0163739733561368
21,experimental,Unseen,0.9660766661821857,0.9552875580776989
21,experimental,Unseen,0.9774924882582895,1.0059762856491685
21,experimental,Unseen,0.9702118376694069,0.7239390065976576
21,experimental,Unseen,0.9727245536224112,0.9760829334916352
21,experimental,Unseen,0.9620878623634074,0.955287558077699
21,experimental,Unseen,0.9719935287186818,1.030670793953218
21,experimental,Seen,0.965058544760871,0.8136190630702579
21,experimental,Unseen,0.965363146617398,1.0111751295026528
21,experimental,Seen,0.979132794849172,0.9162962291765683
21,experimental,Unseen,0.968894558384857,0.8084202192167739
21,experimental,Unseen,0.9638987339011393,0.7954231095830637
21,experimental,Unseen,0.9674940912286772,1.0137745514293948
21,experimental,Unseen,0.9691305158291992,0.9383913155538758
21,experimental,Unseen,0.9779344762181501,1.0007774417956847
21,experimental,Seen,0.9648499851681378,0.8929014318358901
21,experimental,Seen,0.9725011180557888,1.0631635680374936
21,experimental,Unseen,0.9808933060297572,1.1099531627188504
21,experimental,Unseen,0.9671902912878177,0.9149965182131973
21,experimental,Unseen,0.9696210938169526,1.0124748404660238
21,experimental,Unseen,0.9604539262970241,0.9214950730300523
21,experimental,Unseen,0.9726907494359837,0.8942011427992611
21,experimental,Unseen,0.9562370825012835,0.8266161727039679
21,experimental,Unseen,0.9762991880522958,0.9383913155538758
21,experimental,Unseen,0.9780363512331598,1.015074262392766
21,experimental,Seen,0.9655341885556662,0.8474115481179044
21,experimental,Unseen,0.9570234430108485,0.7967228205464347
21,experimental,Unseen,0.9665606618704238,0.9461895813341018
21,experimental,Unseen,0.959525973847996,1.0137745514293948
21,experimental,Unseen,0.9765474378848717,0.891601720872519
21,experimental,Unseen,0.9604795065500604,0.7993222424731768
21,experimental,Unseen,0.9604532408472468,0.8006219534365479
21,experimental,Unseen,0.96040216706216,0.8461118371545334
21,experimental,Unseen,0.9679359936885886,0.9019994085794872
21,experimental,Unseen,0.9742478083214927,0.9682846677114093
21,experimental,Unseen,0.971874731120561,0.9409907374806178
21,experimental,Unseen,0.9672171123417381,0.9006996976161161
21,experimental,Unseen,0.9645635547040786,0.8708063454585827
21,experimental,Unseen,0.9665323821182955,0.8123193521068869
21,experimental,Seen,0.9648104756173984,0.8890022989457769
21,experimental,Seen,0.9673294835629022,0.7642300464621593
21,experimental,Unseen,0.9633138186999001,0.9344921826637629
21,localizer,Seen,0.9761077631268169,0.9812817773451193
21,localizer,Seen,0.9758866605089582,1.037169348770073
21,localizer,Seen,0.9712597722146262,0.8747054783486957
21,localizer,Seen,0.9803580607821573,0.961786112894554
21,localizer,Seen,0.9715883868620871,0.8968005647260032
21,localizer,Seen,0.9707055900323007,0.9812817773451193
21,localizer,Seen,0.9704396930608715,0.9565872690410699
21,localizer,Seen,0.9650222802450763,0.9812817773451195
21,localizer,Seen,0.975485451813103,0.9539878471143279
21,localizer,Seen,0.969938898368125,0.9630858238579251
21,localizer,Seen,0.9729937690695096,0.8435124152277914
21,localizer,Seen,0.9673472799525515,0.9136968072498264
21,localizer,Seen,0.9688920786182907,0.9695843786747803
21,localizer,Seen,0.970786277728525,1.0059762856491687
21,localizer,Seen,0.9699791691849272,0.8214173288504841
21,localizer,Seen,0.9751054500324545,1.0605641461107516
21,localizer,Seen,0.9708568682949802,0.952688136150957
21,localizer,Seen,0.9709731885768501,0.8656075016050988
21,localizer,Seen,0.9666636094847562,0.896800564726003
21,localizer,Seen,0.9717036382710548,0.9474892922974728
21,localizer,Seen,0.9660011716012079,0.7746277341691274
21,localizer,Seen,0.9686202634784109,0.8968005647260032
21,localizer,Seen,0.9671805887053461,0.8955008537626321
21,localizer,Seen,0.9622469161716249,0.9760829334916353
21,localizer,Seen,0.9646009569891909,0.9838811992718612
21,localizer,Seen,0.9682204176015536,0.8695066344952118
21,localizer,Seen,0.9648061935375823,0.8136190630702579
21,localizer,Seen,0.9613644839313649,0.8565095248615014
21,localizer,Seen,0.9691369326817239,0.8097199301801449
21,localizer,Seen,0.9743999431758957,0.7122416079273184
21,localizer,Seen,0.9613006968734255,1.0020771527590557
21,localizer,Seen,0.9636015027774038,0.9396910265172467
21,localizer,Seen,0.971965289497228,1.04626732551367
21,localizer,Seen,0.963433658453032,0.9409907374806178
21,localizer,Seen,0.9692628239613654,0.8695066344952118
21,localizer,Seen,0.9662846035554524,1.0046765746857975
21,localizer,Seen,0.9637548646066549,0.8162184849970001
21,localizer,Seen,0.9720614232004787,0.8942011427992611
21,localizer,Seen,0.9663246159155451,0.8981002756893741
21,localizer,Seen,0.9702004964739864,0.94359015940736
21,localizer,Seen,0.9794816247951266,0.9734835115648931
21,localizer,Seen,0.9752963433932291,0.9162962291765685
21,localizer,Seen,0.9778722650855642,1.0436679035869283
21,localizer,Seen,0.969453122463167,0.9552875580776993
21,localizer,Seen,0.9787183696696445,0.8682069235318407
21,localizer,Seen,0.9797641510721585,0.9006996976161162
21,localizer,Seen,0.9752616911089946,0.8981002756893741
21,localizer,Seen,0.9796456795491589,0.9890800431253454
21,localizer,Seen,0.9761540627320315,1.0436679035869283
21,localizer,Seen,0.9724416505804614,1.0787600995979458
21,localizer,Seen,0.9730913841160006,0.9487890032608439
21,localizer,Seen,0.9708162661390118,0.8993999866527453
21,localizer,Seen,0.974573755774698,1.0111751295026528
21,localizer,Seen,0.9713366428546697,0.8903020099091481
21,localizer,Seen,0.9676431185747432,0.8721060564219537
21,localizer,Seen,0.9783149008205305,0.8552098138981308
21,localizer,Seen,0.9721471887938639,1.02027310624625
21,localizer,Seen,0.9710974361948617,1.0540655912938965
21,localizer,Seen,0.9732923779876347,0.8084202192167739
21,localizer,Seen,0.9722512680603373,0.8734057673853247
21,localizer,Unseen,0.9706441979902022,0.7993222424731768
21,localizer,Seen,0.9776116545970084,0.9578869800044411
21,localizer,Seen,0.9717335882407417,0.9461895813341018
21,localizer,Seen,0.9721077817306922,1.0735612557444616
21,localizer,Seen,0.9730544676385758,0.9331924717003915
21,localizer,Seen,0.9685887132094583,0.804521086326661
21,localizer,Seen,0.9769322093526441,0.9110973853230843
21,localizer,Seen,0.9747001643824109,0.9786823554183772
21,localizer,Seen,0.9665189643924339,0.8370138604109363
21,localizer,Unseen,0.9751784366803119,1.091757209231656
21,localizer,Seen,0.9740753583732744,0.9773826444550061
21,localizer,Seen,0.9693186728261928,0.8370138604109365
21,localizer,Seen,0.9778815922130701,0.9500887142242149
21,localizer,Seen,0.9711719201422043,0.885103166055664
21,localizer,Seen,0.9602568782474351,0.7785268670592406
21,localizer,Unseen,0.9740222969155486,0.9448898703707308
21,localizer,Seen,0.9705823334897175,0.9773826444550062
21,localizer,Seen,0.9738768525703946,0.8591089467882437
21,localizer,Seen,0.973567474341158,0.8955008537626321
21,localizer,Seen,0.9695604467006593,0.9513884251875858
21,localizer,Seen,0.9747964943918663,0.9084979633963424
21,localizer,Seen,0.9728342232498156,0.9474892922974729
21,localizer,Seen,0.9747908049433986,0.9851809102352325
21,localizer,Seen,0.9816613147028417,1.0423681926235573
21,localizer,Seen,0.9751795489255889,1.037169348770073
21,localizer,Seen,0.9822195645508996,0.9916794650520874
21,localizer,Seen,0.9786146629703596,0.8422127042644204
21,localizer,Seen,0.9705948392821226,0.9422904484439887
21,localizer,Seen,0.9749051671573771,0.9955785979422005
21,localizer,Seen,0.9759026775323245,0.9734835115648932
21,localizer,Seen,0.9797017399493726,1.0007774417956847
21,localizer,Seen,0.9735555099070967,0.9630858238579251
21,localizer,Seen,0.9731737969256417,0.9565872690410699
21,localizer,Seen,0.9712695732886341,1.0189733952828788
21,localizer,Seen,0.9654965319562119,0.8409129933010492
21,localizer,Seen,0.9746374114262383,0.6901465215500111
21,localizer,Seen,0.9780381010644599,0.8539101029347596
21,localizer,Seen,0.9684064724125365,0.9669849567480382
21,localizer,Seen,0.9725315113001278,1.0085757075759108
21,localizer,Seen,0.9690406706747803,0.9552875580776989
21,localizer,Seen,0.9694042253482704,0.8136190630702579
21,localizer,Seen,0.9740336786697623,0.9565872690410699
21,localizer,Seen,0.9784049141149241,0.904598830506229
21,localizer,Seen,0.9670457238246489,0.9435901594073598
21,localizer,Seen,0.971779821344173,1.0345699268433313
21,localizer,Seen,0.9705921674845702,0.8864028770190349
21,localizer,Seen,0.9487208708017002,0.8617083687149856
21,localizer,Seen,0.971455984780039,0.8409129933010494
21,localizer,Seen,0.9618997829953742,0.9240944949567944
21,localizer,Seen,0.9757742130684911,0.8136190630702582
21,localizer,Seen,0.9626010095286792,0.7057430531104636
21,localizer,Seen,0.9703433764360037,0.7980225315098056
21,localizer,Seen,0.9684784936077998,0.7434346710482228
21,localizer,Seen,0.9666336064831662,0.8435124152277915
21,localizer,Seen,0.9662259003823965,0.8058207972900319
21,localizer,Seen,0.9702656209368227,0.7811262889859827
21,localizer,Seen,0.9711833045814577,0.9279936278469074
21,localizer,Seen,0.9618656019357903,0.7421349600848519
21,localizer,Seen,0.9717189970176884,0.9461895813341018
21,localizer,Seen,0.969728031439682,1.037169348770073
21,localizer,Seen,0.9733120343902658,1.080059810561317
21,localizer,Seen,0.9759353479347397,1.050166458403783
21,localizer,Seen,0.9771574454551039,1.017673684319508
21,localizer,Seen,0.9774586469521825,1.0891577873049136
21,localizer,Seen,0.9754326385332286,1.0137745514293948
21,localizer,Seen,0.9694593067882823,0.8968005647260031
21,localizer,Seen,0.9697706082823898,1.012474840466024
21,localizer,Seen,0.9758542853441016,0.9903797540887165
21,localizer,Seen,0.9747528143201708,1.0475670364770413
21,localizer,Seen,0.9720583399580665,0.9695843786747802
21,localizer,Seen,0.9684825672259504,0.9877803321619745
21,localizer,Seen,0.9627895411454834,0.7356364052679966
21,localizer,Seen,0.9752697978833107,0.9682846677114092
21,localizer,Seen,0.9651416325095392,1.0033768637224267
21,localizer,Seen,0.9705625730260509,0.5770716677367324
21,localizer,Seen,0.9730925367728716,1.076160677671204
21,localizer,Seen,0.9704796357658213,0.9552875580776989
21,localizer,Seen,0.9731154314449274,0.9162962291765687
21,localizer,Seen,0.9687891111335043,0.9851809102352324
21,localizer,Seen,0.9744684938466793,1.0514661693671545
21,localizer,Seen,0.9718779912870189,1.0098754185392818
21,localizer,Seen,0.9693169492288124,0.8747054783486959
21,localizer,Seen,0.975330990314187,0.9448898703707307
21,localizer,Seen,0.9631800561510865,1.0033768637224267
21,localizer,Seen,0.9696278778476664,0.8695066344952118
21,localizer,Seen,0.9769032948962828,0.8968005647260031
21,localizer,Seen,0.9663186290615117,0.808420219216774
21,localizer,Seen,0.9683949287234542,0.8435124152277913
21,localizer,Seen,0.9769827014660514,0.9214950730300523
21,localizer,Seen,0.9687340497123956,0.6576537474657357
21,localizer,Seen,0.9589287472119258,0.8422127042644203
21,localizer,Seen,0.9609465743767628,0.9084979633963421
21,localizer,Seen,0.9672660661363516,0.8513106810080174
21,localizer,Seen,0.9604380235599351,0.7343366943046258
21,localizer,Seen,0.9785188957437005,0.9084979633963423
21,localizer,Seen,0.9714247175188511,0.8383135713743073
21,localizer,Seen,0.9681461889754565,0.9032991195428582
21,localizer,Seen,0.9631418789233396,0.8383135713743074
21,localizer,Seen,0.9619815509420921,0.6134635747111211
21,localizer,Seen,0.9645457976732291,0.6927459434767533
21,localizer,Seen,0.9781713381175222,0.808420219216774
21,localizer,Seen,0.9719106552272806,1.0033768637224267
21,localizer,Seen,0.9723312618675901,1.1333479600595286
21,localizer,Seen,0.9762877208497349,0.9084979633963423
21,localizer,Seen,0.9834462975968674,1.0462673255136703
21,localizer,Seen,0.9706159955415797,0.9058985414696002
21,localizer,Seen,0.9806608884202171,1.0761606776712038
21,localizer,Seen,0.9746609220227012,1.098255764048511
21,localizer,Seen,0.9724048684230825,1.0631635680374933
21,localizer,Seen,0.9740459426089071,0.8799043222021798
21,localizer,Seen,0.9767557852155192,1.0644632790008643
21,localizer,Seen,0.9644462248453337,0.8877025879824061
21,localizer,Seen,0.9696901392498742,0.8656075016050987
21,localizer,Seen,0.9677112007191575,0.9058985414696002
21,localizer,Seen,0.9775217227049717,0.9487890032608438
21,localizer,Seen,0.9690023788855716,0.8604086577516145
21,localizer,Seen,0.9814013393717329,0.8656075016050986
21,localizer,Seen,0.9757735780528016,0.9604864019311833
21,localizer,Seen,0.9631303294644843,0.7382358271947387
21,localizer,Seen,0.9736168556098327,0.8565095248615016
21,localizer,Seen,0.9752057020679916,0.8955008537626321
21,localizer,Seen,0.968336539187787,0.8344144384841943
21,localizer,Seen,0.9755792640800115,0.8916017208725191
21,localizer,Seen,0.9658300284776861,0.6303598172349443
21,localizer,Seen,0.9638347998207307,0.8409129933010492
21,localizer,Seen,0.9707024068692116,1.073561255744462
21,localizer,Seen,0.9773861325367643,0.9994777308323136
21,localizer,Seen,0.9725428072726758,0.9773826444550063
21,localizer,Seen,0.9712890550787092,1.024172239136363
21,localizer,Seen,0.9745365440216134,0.7356364052679969
21,localizer,Seen,0.9617884163334379,0.900699697616116
21,localizer,Seen,0.970115595874852,1.0449676145502993
21,localizer,Seen,0.9732142080396962,0.9916794650520874
21,localizer,Seen,0.9686907108185833,0.7629303354987882
21,localizer,Seen,0.9616236132346593,0.8240167507772261
21,localizer,Seen,0.976126764167184,0.9643855348212963
21,localizer,Seen,0.9668772666175156,0.9357918936271338
21,localizer,Seen,0.9643088719592549,0.7824259999493535
21,localizer,Seen,0.963247801753193,1.0397687706968153
21,localizer,Seen,0.974454719575537,0.8786046112388088
22,experimental,Unseen,0.9466917585242445,0.8396132823376783
22,experimental,Unseen,0.9523176067419715,0.8656075016050988
22,experimental,Seen,0.9678973596102701,0.8084202192167738
22,experimental,Unseen,0.9595118104601237,0.9266939168835365
22,experimental,Seen,0.9561167740060881,0.8773049002754378
22,experimental,Seen,0.9555055477811387,0.6537546145756223
22,experimental,Unseen,0.947935038454294,0.7564317806819332
22,experimental,Unseen,0.943572332389842,0.7850254218760955
22,experimental,Seen,0.9210255006767326,0.7044433421470925
22,experimental,Unseen,0.9617004131995952,0.7590312026086752
22,experimental,Seen,0.9597485408664216,0.7447343820115939
22,experimental,Seen,0.9549232404941814,0.7265384285243996
22,experimental,Unseen,0.9656213130540036,0.7785268670592405
22,experimental,Seen,0.9539961502702679,0.7564317806819331
22,experimental,Unseen,0.9291948522997059,0.7460340929749649
22,experimental,Unseen,0.9627582426091961,0.8526103919713885
22,experimental,Unseen,0.9581506196168978,0.830515305594081
22,experimental,Unseen,0.9670414470366909,0.7811262889859825
22,experimental,Seen,0.9519753932128314,0.7213395846709156
22,experimental,Unseen,0.9593730083731287,0.8123193521068871
22,experimental,Seen,0.9588461845156354,0.8461118371545335
22,experimental,Unseen,0.9102330456673056,0.6979447873302371
22,experimental,Seen,0.9421360889916754,0.7356364052679969
22,experimental,Seen,0.9548237495193755,0.7421349600848517
22,experimental,Unseen,0.9554340141805279,0.7135413188906896
22,experimental,Seen,0.9578280595197959,0.7161407408174315
22,experimental,Seen,0.924966034188691,0.6732502790261878
22,experimental,Seen,0.9467456969034111,0.7720283122423852
22,experimental,Unseen,0.9565533509453849,0.8071205082534029
22,experimental,Seen,0.9510957130860069,0.7239390065976575
22,experimental,Seen,0.9572065261509279,0.8396132823376781
22,experimental,Unseen,0.9482691003035523,0.7915239766929506
22,experimental,Seen,0.9497601425315559,0.8227170398138552
22,experimental,Unseen,0.9583096788726803,0.831815016557452
22,experimental,Unseen,0.9504677109640901,0.6927459434767533
22,experimental,Seen,0.9296253906644657,0.6979447873302371
22,experimental,Seen,0.9608323355566192,0.7083424750372054
22,experimental,Seen,0.9369548422274903,0.7577314916453042
22,experimental,Seen,0.9606310028410302,0.7239390065976576
22,experimental,Seen,0.9272093373963725,0.747333803938336
22,experimental,Unseen,0.9563121707862671,0.7148410298540604
22,experimental,Unseen,0.9593845977656231,0.8461118371545333
22,experimental,Unseen,0.9593707201857347,0.8305153055940812
22,experimental,Unseen,0.9404828474324987,0.8993999866527453
22,experimental,Unseen,0.9592827099124558,0.8058207972900319
22,experimental,Seen,0.9667496278771732,0.7876248438028375
22,experimental,Unseen,0.9474644578493293,0.7915239766929506
22,experimental,Unseen,0.9406722428673869,0.8214173288504841
22,experimental,Seen,0.926311707138098,0.7135413188906894
22,experimental,Unseen,0.9098040049697039,0.7187401627441735
22,experimental,Unseen,0.9225625097563515,0.6966450763668661
22,experimental,Unseen,0.9184724780070954,0.7473338039383359
22,experimental,Seen,0.958045476294562,0.7551320697185623
22,experimental,Seen,0.9472264836016024,0.6316595281983154
22,experimental,Seen,0.9586153134282324,0.7707286012790142
22,experimental,Seen,0.926939022999741,0.7122416079273185
22,experimental,Seen,0.9553107841257773,0.8006219534365477
22,experimental,Seen,0.9447696150484441,0.683647966733156
22,experimental,Seen,0.940632128178225,0.7187401627441736
22,experimental,Seen,0.9482360049898403,0.7655297574255302
22,experimental,Seen,0.9536837725195634,0.7096421860005765
22,experimental,Unseen,0.9410864326798085,0.7993222424731768
22,experimental,Unseen,0.9025320104609712,0.67584970095293
22,experimental,Unseen,0.9183575644724038,0.7369361162313678
22,experimental,Seen,0.9391554548451518,0.7304375614145125
22,experimental,Seen,0.953085708725058,0.7395355381581098
22,experimental,Seen,0.9613304261905362,0.7811262889859825
22,experimental,Seen,0.9397628123966798,0.7005442092569792
22,experimental,Seen,0.9358542978035379,0.7954231095830636
22,experimental,Seen,0.948354938241182,0.7980225315098056
22,experimental,Seen,0.9444586378159435,0.7356364052679967
22,experimental,Seen,0.9444172916291512,0.7330369833412547
22,experimental,Unseen,0.9625280737597672,0.7928236876563217
22,experimental,Unseen,0.9496775792692307,0.7434346710482229
22,experimental,Unseen,0.9460168262010556,0.7798265780226113
22,experimental,Seen,0.9459300903402719,0.6615528803558487
22,experimental,Seen,0.9298056535721774,0.7356364052679968
22,experimental,Seen,0.9248993669811935,0.6992444982936081
22,experimental,Seen,0.9509349381339337,0.7551320697185621
22,experimental,Seen,0.9526386655261183,0.6888468105866402
22,experimental,Unseen,0.9597693941378718,0.7967228205464347
22,experimental,Seen,0.942120477465979,0.6745499899895588
22,experimental,Seen,0.9577449367199724,0.7330369833412548
22,experimental,Seen,0.9562991733032169,0.7291378504511417
22,experimental,Seen,0.9489941725498635,0.679748833843043
22,experimental,Unseen,0.9419688222187504,0.7668294683889012
22,experimental,Seen,0.9526497785442073,0.7304375614145127
22,experimental,Seen,0.940290862744438,0.748633514901707
22,experimental,Seen,0.9552521114759276,0.6368583720517992
22,experimental,Unseen,0.9575551652578183,0.746034092974965
22,experimental,Seen,0.9516625057520273,0.6680514351727038
22,experimental,Seen,0.946797408894935,0.7278381394877705
22,experimental,Unseen,0.9321090736143383,0.669351146136075
22,experimental,Seen,0.9589886691611803,0.7213395846709155
22,experimental,Unseen,0.9525518658538069,0.7863251328394666
22,experimental,Seen,0.9517800446156847,0.809719930180145
22,experimental,Unseen,0.9472016325760654,0.8045210863266609
22,experimental,Seen,0.9473514465839592,0.5640745581030222
22,experimental,Unseen,0.9592173812651101,0.8058207972900318
22,experimental,Unseen,0.9715314081068473,0.9552875580776989
22,experimental,Seen,0.9605270223036776,0.630359817234944
22,experimental,Seen,0.9476561962617713,0.6095644418210079
22,experimental,Seen,0.9579306788505948,0.7083424750372055
22,experimental,Seen,0.9553295199066095,0.6966450763668662
22,experimental,Seen,0.9469549367042,0.7343366943046259
22,experimental,Seen,0.9474376097196777,0.7005442092569792
22,experimental,Unseen,0.9574717940847725,0.7239390065976575
22,experimental,Seen,0.9551127385266709,0.610864152784379
22,experimental,Unseen,0.9448511620760273,0.6966450763668661
22,experimental,Seen,0.945367489757355,0.6745499899895588
22,experimental,Seen,0.9385840037172626,0.6719505680628168
22,experimental,Seen,0.9508139965018904,0.7057430531104634
22,experimental,Unseen,0.944503249840154,0.7941233986196927
22,experimental,Seen,0.9366956288977497,0.7421349600848517
22,experimental,Unseen,0.9458259717118478,0.7902242657295796
22,experimental,Unseen,0.9429574465414045,0.7694288903156432
22,experimental,Seen,0.9740667384879168,0.8721060564219537
22,experimental,Seen,0.9554112840478585,0.7135413188906895
22,experimental,Seen,0.9525686639989993,0.6563540365023648
22,experimental,Unseen,0.9586248823058203,0.9019994085794872
22,experimental,Unseen,0.957220767502292,0.8383135713743073
22,experimental,Seen,0.9527543522750263,0.7304375614145127
22,experimental,Seen,0.9537001203036454,0.7980225315098056
22,experimental,Seen,0.9232436874623291,0.7629303354987881
22,experimental,Unseen,0.9372992171265575,0.7733280232057564
22,experimental,Seen,0.940673754805066,0.747333803938336
22,experimental,Unseen,0.9491678825337545,0.7291378504511417
22,experimental,Unseen,0.9501030211327245,0.7720283122423853
22,experimental,Seen,0.9436977174677452,0.7603309135720461
22,experimental,Seen,0.9505615498608473,0.7070427640738343
22,experimental,Seen,0.9553508248759925,0.8396132823376783
22,experimental,Seen,0.9613284987097191,0.9136968072498265
22,experimental,Unseen,0.9635776973733354,0.8253164617405971
22,experimental,Seen,0.9265790741027251,0.75253264779182
22,experimental,Seen,0.9487277776058293,0.8344144384841943
22,experimental,Unseen,0.938815344771717,0.7681291793522722
22,experimental,Seen,0.9496456049566174,0.8916017208725191
22,experimental,Seen,0.9421114715144576,0.7421349600848518
22,experimental,Seen,0.9442037106772222,0.7772271560958693
22,experimental,Unseen,0.9614549078361336,0.8461118371545333
22,experimental,Seen,0.9390304345039554,0.8032213753632897
22,experimental,Seen,0.9565523882419245,0.7811262889859827
22,experimental,Seen,0.956237081084922,0.6524549036122517
22,experimental,Unseen,0.9398460946686132,0.8201176178871131
22,experimental,Seen,0.9562737122666743,0.8578092358248727
22,experimental,Seen,0.94765959483502,0.7928236876563217
22,experimental,Unseen,0.9472386930810054,0.8071205082534028
22,experimental,Unseen,0.962204043307633,0.9305930497736495
22,experimental,Unseen,0.9619503907692222,0.9045988305062292
22,experimental,Unseen,0.9444981263322743,0.8487112590812756
22,experimental,Seen,0.9501927108979028,0.7538323587551911
22,experimental,Unseen,0.9554006175586207,0.8734057673853247
22,experimental,Unseen,0.9518186741337316,0.8942011427992611
22,experimental,Unseen,0.9703865209495369,1.0176736843195078
22,experimental,Seen,0.9567177807485696,0.6368583720517995
22,experimental,Seen,0.9434968021597959,0.8448121261911624
22,experimental,Seen,0.9615412262838521,0.8383135713743073
22,experimental,Seen,0.947313121959895,0.7707286012790142
22,experimental,Unseen,0.9467783915373374,0.8695066344952118
22,experimental,Unseen,0.9707166636071102,0.9461895813341018
22,experimental,Unseen,0.9749934552510949,0.8643077906417276
22,experimental,Unseen,0.9672074829777059,0.9396910265172468
22,experimental,Seen,0.9778784283361968,0.9994777308323134
22,experimental,Seen,0.9568446033744515,0.8591089467882437
22,experimental,Seen,0.9649123977446548,0.8669072125684697
22,experimental,Unseen,0.9574503332592434,0.9006996976161161
22,experimental,Seen,0.9500717001317386,0.6641523022825908
22,experimental,Seen,0.9653402780398855,0.7317372723778836
22,experimental,Unseen,0.9575350616590561,0.8357141494475653
22,experimental,Seen,0.9628829890163463,0.9240944949567945
22,experimental,Seen,0.9392103588492916,0.7928236876563217
22,experimental,Seen,0.9550940177835602,0.7148410298540605
22,experimental,Seen,0.9612028625828268,0.8110196411435159
22,experimental,Seen,0.9446573742413795,0.8695066344952116
22,experimental,Unseen,0.9655847856756403,0.8916017208725191
22,experimental,Seen,0.9448232910138243,0.7551320697185621
22,experimental,Unseen,0.9662835474550452,0.8461118371545335
22,experimental,Seen,0.9557425270808708,0.8331147275208233
22,experimental,Seen,0.9549169262129388,0.8552098138981307
22,experimental,Unseen,0.9595085977352041,0.8643077906417276
22,experimental,Seen,0.9450262745863935,0.7837257109127245
22,experimental,Seen,0.9303626885361143,0.7707286012790143
22,experimental,Unseen,0.9571866498079001,0.9578869800044411
22,experimental,Unseen,0.9661465071833251,0.9747832225282641
22,experimental,Seen,0.9517414031201531,0.6732502790261878
22,experimental,Seen,0.9596463711235841,0.8071205082534029
22,experimental,Unseen,0.9606595584728753,0.8656075016050987
22,experimental,Seen,0.9646731904739314,0.808420219216774
22,experimental,Seen,0.9570034143604186,0.7967228205464346
22,experimental,Seen,0.9374249277888558,0.7343366943046258
22,experimental,Unseen,0.9331833597261857,0.7681291793522722
22,experimental,Unseen,0.9595809661906464,0.9448898703707308
22,experimental,Unseen,0.9506063647920145,0.878604611238809
22,experimental,Unseen,0.9344796025443672,0.7785268670592405
22,experimental,Seen,0.9478255932271069,0.6511551926488804
22,experimental,Seen,0.9531053830989079,0.8370138604109363
22,experimental,Seen,0.9695058879833007,0.8942011427992613
22,experimental,Unseen,0.9587714005682694,0.8682069235318408
22,experimental,Seen,0.9559723597548634,0.7538323587551911
22,experimental,Unseen,0.9616854355648101,0.8266161727039681
22,experimental,Unseen,0.9647717358718804,0.8786046112388091
22,experimental,Seen,0.9639300544085152,0.7850254218760954
22,experimental,Seen,0.9490306415883863,0.7044433421470923
22,experimental,Seen,0.9041917740602579,0.6966450763668662
22,experimental,Seen,0.9665117542289201,0.6459563487953965
22,experimental,Unseen,0.9630899766227669,0.8253164617405971
22,experimental,Unseen,0.9571557262157357,0.8565095248615014
22,experimental,Seen,0.9657404753168822,0.7928236876563218
22,experimental,Seen,0.9331246611884035,0.7967228205464347
22,experimental,Unseen,0.9522628623528284,0.7408352491214809
22,experimental,Unseen,0.9637542890979732,0.9214950730300524
22,experimental,Seen,0.9572620515446668,0.8409129933010492
22,experimental,Seen,0.9608581017735347,0.6745499899895588
22,experimental,Unseen,0.9598011032983499,0.8617083687149856
22,experimental,Unseen,0.9533834242593511,0.8500109700446463
22,experimental,Seen,0.959044509570661,0.8487112590812754
22,experimental,Unseen,0.9447855163161957,0.8812040331655508
22,experimental,Unseen,0.9606960330819421,0.8552098138981304
22,experimental,Unseen,0.9568330616675153,0.8513106810080173
22,experimental,Seen,0.9612068907288792,0.8526103919713884
22,experimental,Seen,0.9650724429842279,0.7915239766929507
22,experimental,Unseen,0.9632383387894144,0.9058985414696002
22,experimental,Seen,0.9734960816514046,0.7954231095830635
22,experimental,Seen,0.9633595136825768,0.8993999866527452
22,experimental,Seen,0.9685700811133651,0.9396910265172468
22,experimental,Unseen,0.9466064944421092,0.8747054783486958
22,experimental,Seen,0.9596723494846091,0.7863251328394665
22,experimental,Unseen,0.9680041029859624,0.9149965182131974
22,experimental,Unseen,0.966186062810346,0.9214950730300525
22,experimental,Seen,0.9627137049245968,0.6836479667331561
22,experimental,Unseen,0.9471665829973271,0.8409129933010493
22,experimental,Unseen,0.9697534112145061,1.0462673255136703
22,experimental,Unseen,0.9673006644604071,0.9409907374806177
22,experimental,Seen,0.9705162547243739,0.9370916045905048
22,experimental,Unseen,0.9712338382382971,0.894201142799261
22,experimental,Unseen,0.973599545749111,0.9929791760154586
22,experimental,Seen,0.9760853139265987,0.8487112590812754
22,experimental,Unseen,0.9697229820225741,0.9656852457846671
22,experimental,Unseen,0.9569507444883987,0.8539101029347594
22,experimental,Seen,0.9656636585272557,0.8565095248615017
22,experimental,Unseen,0.9650520535343228,0.8734057673853248
22,experimental,Seen,0.9653272990569001,0.8071205082534028
22,experimental,Unseen,0.9766479850564341,1.024172239136363
22,experimental,Seen,0.9565788460524393,0.678449122879672
22,experimental,Seen,0.9488678752850402,0.8019216643999187
22,experimental,Unseen,0.9545443725559779,0.9006996976161162
22,experimental,Seen,0.9603560805544321,0.8682069235318405
22,experimental,Unseen,0.9706221201036409,0.886402877019035
22,experimental,Seen,0.972235363406559,0.9188956511033104
22,experimental,Seen,0.9608878779032538,0.8266161727039683
22,experimental,Seen,0.9244905925443874,0.6797488338430429
22,experimental,Seen,0.9571893436628258,0.7239390065976576
22,experimental,Unseen,0.9673506030753641,0.8734057673853249
22,experimental,Seen,0.9540915378827913,0.7954231095830636
22,experimental,Unseen,0.9549315864047148,0.8409129933010493
22,experimental,Seen,0.963043459057086,0.8123193521068871
22,experimental,Seen,0.9579313710477183,0.7642300464621591
22,experimental,Seen,0.9550897850383427,0.9188956511033104
22,experimental,Seen,0.9480021643326569,0.8006219534365479
22,experimental,Unseen,0.9587245249677339,0.7382358271947388
22,experimental,Seen,0.9579720186186551,0.8383135713743073
22,experimental,Seen,0.9580820285118723,0.9383913155538757
22,experimental,Seen,0.9514517147064906,0.8682069235318407
22,experimental,Unseen,0.9602247265786569,0.9591866909678121
22,experimental,Seen,0.9386234284844117,0.8487112590812754
22,experimental,Seen,0.9541312107659295,0.8799043222021798
22,experimental,Unseen,0.9536230536841497,0.9149965182131974
22,experimental,Seen,0.9562391899897547,0.8435124152277914
22,experimental,Unseen,0.9638803963002421,0.9175959401399393
22,experimental,Unseen,0.9589453587655384,0.9513884251875859
22,experimental,Unseen,0.9391149122688347,0.8968005647260031
22,experimental,Seen,0.9685028738014092,0.7070427640738344
22,experimental,Unseen,0.976422423727737,0.8799043222021797
22,experimental,Seen,0.9746836641691016,0.894201142799261
22,experimental,Seen,0.9762345158818865,0.9721838006015223
22,experimental,Seen,0.9614280922593703,0.7434346710482228
22,experimental,Unseen,0.9714497751438704,0.8773049002754377
22,experimental,Seen,0.9610686390795635,0.9045988305062294
22,experimental,Unseen,0.9557198296237523,0.9409907374806178
22,experimental,Unseen,0.9682910835522294,0.8993999866527451
22,experimental,Unseen,0.9602808436167145,0.9864806211986035
22,experimental,Unseen,0.9734174297077365,0.9526881361509569
22,experimental,Unseen,0.9653968501411373,1.030670793953218
22,experimental,Seen,0.9755972395236091,0.8643077906417275
22,experimental,Seen,0.974020545123942,0.8682069235318407
22,experimental,Unseen,0.9558258896193087,0.8825037441289219
22,experimental,Unseen,0.9438226433057194,0.8032213753632897
22,experimental,Seen,0.9657147326998329,0.7109418969639474
22,experimental,Seen,0.9457803834079229,0.7785268670592405
22,experimental,Seen,0.9525177503833746,0.7577314916453042
22,experimental,Seen,0.9678223990917151,0.9513884251875859
22,experimental,Unseen,0.9620051630619865,0.881204033165551
22,experimental,Unseen,0.9625510999188345,0.8526103919713885
22,experimental,Seen,0.958295903111755,0.7993222424731767
22,experimental,Seen,0.9562490602384404,0.8500109700446465
22,experimental,Seen,0.9713347865383921,0.6186624185646051
22,experimental,Unseen,0.9283395204420708,0.7850254218760956
22,experimental,Seen,0.9555604189190089,0.8422127042644204
22,experimental,Unseen,0.9630469071763652,0.8526103919713885
22,experimental,Seen,0.9441322543613689,0.7694288903156432
22,experimental,Seen,0.9734114843437854,0.882503744128922
22,experimental,Unseen,0.9736051546410499,0.9123970962864554
22,experimental,Seen,0.9679507515708335,0.9292933388102786
22,experimental,Unseen,0.978965421095325,1.0462673255136703
22,experimental,Unseen,0.9661390997667703,0.8045210863266609
22,experimental,Unseen,0.9676230462386809,1.0449676145502993
22,experimental,Unseen,0.9616425626814022,0.8877025879824061
22,experimental,Unseen,0.9588193248205169,0.8734057673853247
22,experimental,Unseen,0.9569184900038236,0.8993999866527453
22,experimental,Unseen,0.9757639695421624,0.8993999866527453
22,experimental,Seen,0.9739064378564675,0.9825814883084905
22,experimental,Seen,0.9677029982223143,0.9188956511033105
22,experimental,Unseen,0.9650780398206085,0.9877803321619745
22,experimental,Unseen,0.9762704403433875,1.0189733952828788
22,experimental,Seen,0.974295197056465,0.9136968072498265
22,experimental,Seen,0.9693912026828742,0.9357918936271337
22,experimental,Seen,0.9748999772134535,0.9279936278469075
22,experimental,Unseen,0.9721523205427616,0.9643855348212962
22,experimental,Unseen,0.9540837789581795,0.7421349600848519
22,experimental,Seen,0.9488836620603662,0.7447343820115939
22,experimental,Unseen,0.9636646432475359,0.7993222424731768
22,experimental,Seen,0.9583781691335311,0.7772271560958692
22,experimental,Seen,0.9308793198470319,0.7551320697185622
22,experimental,Seen,0.9497979381894495,0.7876248438028376
22,experimental,Seen,0.9438067601220408,0.7343366943046259
22,experimental,Seen,0.9343554396256394,0.7343366943046258
22,experimental,Seen,0.9568814812171832,0.7278381394877707
22,experimental,Unseen,0.9339407502441028,0.7837257109127245
22,experimental,Seen,0.8704287587071373,0.6251609733814603
22,experimental,Unseen,0.9570241210341143,0.7746277341691273
22,experimental,Seen,0.9457179006696101,0.679748833843043
22,experimental,Unseen,0.9608784209357768,0.7915239766929506
22,experimental,Seen,0.9483460137899316,0.7798265780226115
22,experimental,Seen,0.9591149895821675,0.8032213753632897
22,experimental,Unseen,0.9534993721690507,0.9773826444550062
22,experimental,Seen,0.9643137949647973,0.8682069235318407
22,experimental,Seen,0.9652499955267555,0.8669072125684698
22,experimental,Unseen,0.9667448640196379,0.8552098138981308
22,experimental,Unseen,0.9544574742373008,0.8175181959603709
22,experimental,Unseen,0.968132077140531,0.8669072125684698
22,experimental,Unseen,0.9454304565852288,0.8734057673853246
22,experimental,Seen,0.9061093242073902,0.6368583720517991
22,experimental,Seen,0.9299501254284911,0.7720283122423852
22,experimental,Unseen,0.9619811778652378,0.8487112590812755
22,experimental,Seen,0.9550945764327926,0.9123970962864554
22,experimental,Seen,0.9678259498012285,0.8773049002754378
22,experimental,Unseen,0.9403900704546995,0.7980225315098058
22,experimental,Seen,0.9686612014202174,0.8357141494475653
22,experimental,Unseen,0.9427920190396146,0.813619063070258
22,experimental,Unseen,0.9667616437372706,0.8656075016050988
22,experimental,Unseen,0.9355137596801266,0.8396132823376783
22,experimental,Seen,0.9532608213060033,0.7876248438028376
22,experimental,Unseen,0.9721145875287911,0.8461118371545333
22,experimental,Unseen,0.9716967942696519,0.9773826444550062
22,experimental,Unseen,0.9678272855368445,0.9461895813341018
22,experimental,Unseen,0.9729929777605522,0.9227947839934234
22,experimental,Seen,0.9716966680702437,0.9500887142242148
22,experimental,Seen,0.9706447657922082,0.881204033165551
22,experimental,Unseen,0.9738535691155765,1.0683624118909778
22,experimental,Seen,0.9602002090078334,0.8929014318358901
22,experimental,Unseen,0.9684853500024913,0.9058985414696002
22,experimental,Unseen,0.9594962907233738,0.8656075016050985
22,experimental,Unseen,0.9691596819071279,0.8552098138981304
22,experimental,Unseen,0.9590198809084147,0.895500853762632
22,experimental,Seen,0.9518979882739319,0.813619063070258
22,experimental,Seen,0.9702031392320841,0.9136968072498264
22,experimental,Unseen,0.9453023281907755,0.8227170398138551
22,experimental,Seen,0.9691008485519379,0.7330369833412546
22,experimental,Seen,0.9590107023824637,0.7382358271947387
22,experimental,Seen,0.9549042047911639,0.681048544806414
22,experimental,Seen,0.954267256511546,0.8825037441289219
22,experimental,Seen,0.9507170345022674,0.7811262889859826
22,experimental,Unseen,0.9650947548697401,0.9994777308323136
22,experimental,Unseen,0.9667809331376974,0.9448898703707307
22,experimental,Unseen,0.9724627116092849,0.9669849567480382
22,experimental,Seen,0.9620597974318205,0.7486335149017072
22,experimental,Seen,0.9606555022992144,0.9331924717003917
22,experimental,Seen,0.971260952963578,0.9435901594073598
22,experimental,Seen,0.9589475316767607,0.812319352106887
22,experimental,Unseen,0.9654279360409921,0.9370916045905048
22,experimental,Seen,0.9725113683013434,0.9045988305062292
22,experimental,Seen,0.946197313270838,0.7096421860005765
22,experimental,Unseen,0.9701133269532471,0.9084979633963423
22,experimental,Seen,0.967491010250127,0.9201953620666816
22,experimental,Seen,0.9613220304875506,0.8578092358248726
22,experimental,Seen,0.9670331593767499,0.8240167507772261
22,experimental,Unseen,0.970049363839384,0.9682846677114092
22,experimental,Seen,0.9547059044299571,0.7759274451324986
22,experimental,Seen,0.9710219157672525,0.812319352106887
22,experimental,Unseen,0.9713750873905328,0.9357918936271337
22,experimental,Unseen,0.9620302508345407,0.7954231095830635
22,experimental,Unseen,0.9695188398492937,0.9344921826637627
22,experimental,Seen,0.9769519944636905,0.9461895813341019
22,experimental,Seen,0.9576821151945386,0.8851031660556641
22,experimental,Unseen,0.9677358445073099,0.9448898703707308
22,experimental,Unseen,0.9656280850928072,0.8474115481179044
22,experimental,Unseen,0.9580103642168328,0.9123970962864554
22,experimental,Seen,0.9646093262229865,1.0098754185392818
22,localizer,Seen,0.9521148561613342,0.9071982524329713
22,localizer,Seen,0.9669504757666973,0.9071982524329711
22,localizer,Seen,0.960813117744956,0.9019994085794873
22,localizer,Seen,0.933930022481379,0.7577314916453042
22,localizer,Seen,0.9439174442810867,0.8695066344952116
22,localizer,Seen,0.9536195125602805,0.8422127042644203
22,localizer,Seen,0.9388267711837647,0.7473338039383359
22,localizer,Seen,0.9477760065932933,0.8045210863266606
22,localizer,Seen,0.9521052731654092,0.8123193521068869
22,localizer,Seen,0.9620322903731948,0.8565095248615014
22,localizer,Seen,0.9675769381991159,0.9539878471143279
22,localizer,Seen,0.9359983585176502,0.7876248438028375
22,localizer,Seen,0.9384320790749581,0.7642300464621592
22,localizer,Seen,0.9679646761771451,0.876005189312067
22,localizer,Seen,0.9423407014214901,0.7850254218760955
22,localizer,Seen,0.9537292004426166,0.7668294683889012
22,localizer,Seen,0.9581480075598527,0.7785268670592405
22,localizer,Seen,0.9569008220053009,0.7070427640738343
22,localizer,Seen,0.9589148588218211,0.8591089467882433
22,localizer,Seen,0.9539965290386695,0.817518195960371
22,localizer,Seen,0.9529839074830494,0.8162184849969999
22,localizer,Seen,0.9236308412813656,0.6966450763668662
22,localizer,Seen,0.9371423858824953,0.8006219534365476
22,localizer,Seen,0.9510599705666964,0.8123193521068869
22,localizer,Seen,0.9603850927547459,0.8058207972900316
22,localizer,Seen,0.9521628287415409,0.8253164617405971
22,localizer,Seen,0.9609162409560409,0.7993222424731766
22,localizer,Seen,0.949313477929039,0.8149187740336289
22,localizer,Seen,0.9712994797264549,0.8383135713743073
22,localizer,Seen,0.9659325198821512,0.8448121261911623
22,localizer,Seen,0.9472356850597988,0.7850254218760955
22,localizer,Seen,0.9683258911489154,0.7837257109127245
22,localizer,Seen,0.9167784962777373,0.7811262889859825
22,localizer,Seen,0.9336380432898714,0.7395355381581097
22,localizer,Seen,0.9683391063936829,0.8188179069237419
22,localizer,Seen,0.9292815009025255,0.686247388659898
22,localizer,Seen,0.9659562059707189,0.8838034550922929
22,localizer,Seen,0.938127831333535,0.7382358271947389
22,localizer,Seen,0.9490702812546885,0.8006219534365477
22,localizer,Seen,0.9671220642460799,0.9058985414696001
22,localizer,Seen,0.9596725251451432,0.9175959401399394
22,localizer,Seen,0.9648297954118494,0.9305930497736495
22,localizer,Seen,0.9614278856377658,0.8370138604109364
22,localizer,Seen,0.9297509353771003,0.7681291793522722
22,localizer,Seen,0.9622656425230298,0.9071982524329713
22,localizer,Seen,0.9178602862766866,0.7174404517808026
22,localizer,Seen,0.9523494661419113,0.8734057673853248
22,localizer,Seen,0.9461888773038845,0.831815016557452
22,localizer,Seen,0.959119365897786,0.9292933388102788
22,localizer,Seen,0.9246151659412232,0.751232936828449
22,localizer,Seen,0.9518810686481638,0.6940456544401244
22,localizer,Seen,0.9577553181265711,0.6693511461360749
22,localizer,Seen,0.9375003206679072,0.7759274451324983
22,localizer,Seen,0.9542203153755505,0.8006219534365476
22,localizer,Seen,0.9548161311986775,0.7226392956342866
22,localizer,Seen,0.9208475135810035,0.8045210863266609
22,localizer,Seen,0.9505722392076461,0.7824259999493535
22,localizer,Seen,0.9716183965747386,0.8058207972900319
22,localizer,Seen,0.9650656580504624,0.8188179069237421
22,localizer,Seen,0.960263775288376,0.824016750777226
22,localizer,Seen,0.9275846752938821,0.7707286012790142
22,localizer,Seen,0.9082119291014914,0.6992444982936084
22,localizer,Seen,0.9640390726830855,0.8240167507772262
22,localizer,Seen,0.922928574654605,0.694045654440124
22,localizer,Seen,0.8862816327835096,0.7564317806819332
22,localizer,Seen,0.9512668957845286,0.7616306245354172
22,localizer,Seen,0.9429921357267858,0.7837257109127244
22,localizer,Seen,0.895867922349061,0.7005442092569794
22,localizer,Seen,0.9189371710389382,0.7148410298540605
22,localizer,Seen,0.9813957365932738,0.8695066344952117
22,localizer,Seen,0.9522031077548639,0.8422127042644203
22,localizer,Seen,0.9559455132224773,0.8266161727039681
22,localizer,Seen,0.8980009898401812,0.7044433421470925
22,localizer,Unseen,0.9232756395430667,0.7447343820115939
22,localizer,Seen,0.9418442614923301,0.824016750777226
22,localizer,Seen,0.9265184472073387,0.7382358271947389
22,localizer,Seen,0.8983989909017464,0.6992444982936081
22,localizer,Seen,0.8945535947924321,0.7005442092569792
22,localizer,Seen,0.9329263814859317,0.748633514901707
22,localizer,Seen,0.942587764352562,0.7486335149017072
22,localizer,Unseen,0.9689540125876083,0.8604086577516147
22,localizer,Seen,0.9744099495002047,0.9617861128945541
22,localizer,Seen,0.9583024084345972,0.885103166055664
22,localizer,Seen,0.9704380246641251,0.9370916045905047
22,localizer,Seen,0.9548670574733384,0.804521086326661
22,localizer,Seen,0.9665549233496199,0.9136968072498265
22,localizer,Seen,0.9576132804208596,0.8487112590812755
22,localizer,Seen,0.9587732321178699,0.8331147275208232
22,localizer,Seen,0.9319560178528864,0.7473338039383359
22,localizer,Seen,0.9471754157686678,0.8604086577516147
22,localizer,Seen,0.9401688597823481,0.7291378504511417
22,localizer,Seen,0.9614604163100109,0.7746277341691274
22,localizer,Seen,0.9592625774623945,0.8253164617405971
22,localizer,Seen,0.9350170724950457,0.7499332258650779
22,localizer,Seen,0.9499969416352881,0.8513106810080174
22,localizer,Seen,0.9392494584085604,0.8435124152277912
22,localizer,Seen,0.9363583860452672,0.7902242657295797
22,localizer,Seen,0.9136219855951766,0.7447343820115938
22,localizer,Seen,0.956191345324669,0.7408352491214809
22,localizer,Seen,0.939318307764324,0.8305153055940812
22,localizer,Seen,0.9585411116812825,0.7876248438028377
22,localizer,Seen,0.9542569260912545,0.8032213753632896
22,localizer,Seen,0.9727003992165205,0.9084979633963423
22,localizer,Seen,0.9538079298545198,0.8383135713743074
22,localizer,Seen,0.9439365141368717,0.814918774033629
22,localizer,Seen,0.9302263293161914,0.7434346710482228
22,localizer,Seen,0.9616643218537201,0.881204033165551
22,localizer,Seen,0.9562367983840893,0.814918774033629
22,localizer,Seen,0.930117359241271,0.7395355381581097
22,localizer,Seen,0.9473030315872817,0.8071205082534025
22,localizer,Seen,0.9686035428434789,0.8993999866527451
22,localizer,Seen,0.9281650853910663,0.749933225865078
22,localizer,Seen,0.9607032127054493,0.7876248438028375
22,localizer,Seen,0.9180918453015675,0.6836479667331559
22,localizer,Seen,0.9409821772302286,0.8097199301801448
22,localizer,Seen,0.9515705680081527,0.814918774033629
22,localizer,Seen,0.9549526115975725,0.8526103919713885
22,localizer,Seen,0.9623085536527317,0.8708063454585828
22,localizer,Seen,0.9140810305011845,0.7447343820115937
22,localizer,Seen,0.9322613031894993,0.7928236876563218
22,localizer,Seen,0.9622855437666407,0.8253164617405971
22,localizer,Seen,0.9507454555836633,0.8201176178871131
22,localizer,Seen,0.9706401199940803,0.9097976743597134
22,localizer,Seen,0.9604279298718893,0.8851031660556639
22,localizer,Seen,0.9503420433004347,0.7941233986196927
22,localizer,Seen,0.970920568680088,0.9370916045905047
22,localizer,Seen,0.9702249404718515,0.9084979633963423
22,localizer,Seen,0.9278695142406794,0.7473338039383359
22,localizer,Seen,0.9461279893487774,0.7525326477918199
22,localizer,Seen,0.9483337278558942,0.8292155946307102
22,localizer,Seen,0.9621953135399,0.818817906923742
22,localizer,Seen,0.9422976224633776,0.7772271560958693
22,localizer,Seen,0.9534042207420974,0.8240167507772261
22,localizer,Seen,0.9435115097274326,0.8630080796783567
22,localizer,Seen,0.954415239085683,0.7915239766929506
22,localizer,Seen,0.9556759000627552,0.7941233986196927
22,localizer,Seen,0.9503853479606931,0.8383135713743073
22,localizer,Seen,0.9582605416229342,0.6121638637477499
22,localizer,Seen,0.9632417396389729,0.8526103919713883
22,localizer,Seen,0.9443404893524148,0.8357141494475652
22,localizer,Seen,0.9355411853328888,0.8513106810080173
22,localizer,Seen,0.9585113592755365,0.8032213753632899
22,localizer,Seen,0.9160578299811187,0.7356364052679968
22,localizer,Seen,0.9615391690578875,0.824016750777226
22,localizer,Seen,0.9555375883247349,0.7226392956342866
22,localizer,Seen,0.9450370898559838,0.7408352491214808
22,localizer,Seen,0.9324021713085051,0.7642300464621593
22,localizer,Seen,0.9176963066062851,0.7317372723778837
22,localizer,Seen,0.9391818835540063,0.8162184849969998
22,localizer,Seen,0.9232079863656867,0.7629303354987881
22,localizer,Seen,0.9367966805612175,0.7694288903156433
22,localizer,Seen,0.9083642326074429,0.6953453654034952
22,localizer,Seen,0.9447440652795666,0.7850254218760956
22,localizer,Seen,0.9394883514765364,0.7642300464621593
22,localizer,Seen,0.9326477888765291,0.7928236876563217
22,localizer,Seen,0.9438198811673272,0.8487112590812755
22,localizer,Seen,0.9427465704059007,0.7824259999493534
22,localizer,Seen,0.9336007908358278,0.7148410298540606
22,localizer,Seen,0.9242930994404551,0.7213395846709156
22,localizer,Seen,0.9377947526291617,0.7096421860005764
22,localizer,Seen,0.9621982763172697,0.9786823554183773
22,localizer,Seen,0.9427379471179669,0.7655297574255302
22,localizer,Seen,0.9482173644615777,0.804521086326661
22,localizer,Seen,0.9400903273791864,0.8565095248615017
22,localizer,Seen,0.940957148694271,0.7564317806819331
22,localizer,Seen,0.9391200986926914,0.7668294683889015
22,localizer,Seen,0.9660471478452143,0.8344144384841944
22,localizer,Seen,0.9435159624836366,0.7824259999493536
22,localizer,Seen,0.9250362738031606,0.7928236876563217
22,localizer,Seen,0.9407978088769967,0.7408352491214809
22,localizer,Seen,0.960899076165629,0.8019216643999186
22,localizer,Seen,0.9518452272976459,0.7538323587551912
22,localizer,Seen,0.941296000570514,0.8409129933010493
22,localizer,Seen,0.9486134388950862,0.7733280232057563
22,localizer,Seen,0.9509388347898862,0.7772271560958695
22,localizer,Seen,0.952690797746038,0.8201176178871129
22,localizer,Seen,0.9568009248413856,0.7551320697185623
22,localizer,Seen,0.9624832324497885,0.8500109700446465
22,localizer,Seen,0.9444910573494238,0.8162184849969999
22,localizer,Seen,0.9132272904238086,0.7655297574255303
22,localizer,Seen,0.9268335317976351,0.7122416079273185
22,localizer,Seen,0.9516430162088912,0.8396132823376783
22,localizer,Seen,0.9148474299133554,0.7551320697185621
22,localizer,Seen,0.9496834450148721,0.7746277341691273
22,localizer,Seen,0.9313580965265914,0.7772271560958693
22,localizer,Seen,0.9510740264939025,0.8409129933010494
22,localizer,Seen,0.951602772783568,0.7681291793522723
22,localizer,Seen,0.9405014713677262,0.7447343820115937
22,localizer,Seen,0.9303015253170959,0.7616306245354173
22,localizer,Seen,0.9613867074152068,0.896800564726003
22,localizer,Seen,0.9615579337201549,0.9357918936271337
22,localizer,Seen,0.9092345471414062,0.7135413188906894
22,localizer,Seen,0.9413041397521085,0.8084202192167739
22,localizer,Seen,0.9120687991342217,0.7239390065976576
22,localizer,Seen,0.921339125443411,0.7616306245354173
22,localizer,Seen,0.9405616071476645,0.7265384285243999
22,localizer,Seen,0.9188417445339244,0.8084202192167739
22,localizer,Seen,0.9309151534944393,0.8084202192167739
22,localizer,Seen,0.9528095550828742,0.8409129933010493
22,localizer,Seen,0.9588753122784809,0.7369361162313678
23,experimental,Unseen,0.9866851672414076,1.022872528172992
23,experimental,Seen,0.9822899287589435,0.8253164617405971
23,experimental,Seen,0.978893296603101,0.7564317806819331
23,experimental,Seen,0.973153305548339,0.7343366943046259
23,experimental,Seen,0.9800904591561111,0.8487112590812754
23,experimental,Unseen,0.984959113622734,1.0020771527590557
23,experimental,Seen,0.9789328609923766,0.8617083687149856
23,experimental,Seen,0.9864307582192202,0.9851809102352325
23,experimental,Seen,0.9855547858345145,0.9942788869788296
23,experimental,Seen,0.9785759096557967,0.9045988305062294
23,experimental,Unseen,0.9844641318143694,0.9448898703707308
23,experimental,Seen,0.9782679766606986,0.8396132823376783
23,experimental,Seen,0.977459205647739,0.9110973853230844
23,experimental,Seen,0.9802829470414305,0.768129179352272
23,experimental,Unseen,0.9799151107779552,1.015074262392766
23,experimental,Seen,0.9748331357127985,0.7148410298540604
23,experimental,Seen,0.9822064074162696,0.895500853762632
23,experimental,Unseen,0.9794675062122641,0.8552098138981306
23,experimental,Unseen,0.9810812664803338,0.8890022989457771
23,experimental,Unseen,0.9776991223234137,0.8825037441289219
23,experimental,Seen,0.9815429929949648,0.9292933388102788
23,experimental,Seen,0.9830423595399322,0.8201176178871129
23,experimental,Seen,0.9752876232810014,0.8344144384841942
23,experimental,Seen,0.9835258281192053,0.8253164617405969
23,experimental,Unseen,0.9834108487911741,0.8864028770190349
23,experimental,Unseen,0.9859664152968384,1.016373973356137
23,experimental,Seen,0.9825557510900604,0.753832358755191
23,experimental,Unseen,0.9844849784047429,1.015074262392766
23,experimental,Unseen,0.9839955654800068,0.8097199301801447
23,experimental,Seen,0.9781215457310464,0.8474115481179045
23,experimental,Seen,0.9775909567793952,0.8643077906417277
23,experimental,Seen,0.9761213994524505,0.8045210863266606
23,experimental,Unseen,0.9778803597761946,0.9708840896381512
23,experimental,Unseen,0.9816300525266765,0.7876248438028376
23,experimental,Seen,0.9766310395252097,0.8500109700446465
23,experimental,Seen,0.9797866528547253,1.0007774417956845
23,experimental,Seen,0.9740959416670149,0.6589534584291066
23,experimental,Seen,0.981512815331651,0.8591089467882436
23,experimental,Seen,0.9783317433316633,0.6134635747111209
23,experimental,Unseen,0.9797913878008202,0.9916794650520875
23,experimental,Unseen,0.9790170037546273,0.8903020099091482
23,experimental,Seen,0.982454589920372,0.8474115481179044
23,experimental,Seen,0.9796694757197778,0.9123970962864554
23,experimental,Unseen,0.981919766652692,0.890302009909148
23,experimental,Seen,0.9799120943636701,0.7239390065976575
23,experimental,Seen,0.9773332623559413,0.8136190630702581
23,experimental,Seen,0.9777601528188952,0.7681291793522722
23,experimental,Unseen,0.9774001826653388,0.9084979633963424
23,experimental,Seen,0.9799982840771655,0.7239390065976576
23,experimental,Unseen,0.9828377666091628,0.9903797540887166
23,experimental,Unseen,0.9857050303815239,0.7668294683889014
23,experimental,Unseen,0.9809365049898912,0.7187401627441737
23,experimental,Seen,0.9784192192756811,0.9708840896381511
23,experimental,Seen,0.9778776712440832,0.9019994085794871
23,experimental,Seen,0.9767530753690292,0.8318150165574522
23,experimental,Seen,0.978174057365439,0.7369361162313678
23,experimental,Unseen,0.9822133577534677,0.882503744128922
23,experimental,Seen,0.9820656661842027,0.7798265780226113
23,experimental,Seen,0.9797875348840945,0.8136190630702579
23,experimental,Unseen,0.9837008095874606,0.9773826444550062
23,experimental,Unseen,0.9776006460931106,0.8344144384841944
23,experimental,Seen,0.9795580553631215,0.9019994085794872
23,experimental,Unseen,0.9809838277856722,0.9396910265172468
23,experimental,Seen,0.9767081100891594,0.7460340929749649
23,experimental,Seen,0.9823475583473452,0.8552098138981306
23,experimental,Unseen,0.97620246551875,0.7889245547662087
23,experimental,Seen,0.9709164955898729,0.684947677696527
23,experimental,Seen,0.9756409963259968,0.5380803388356018
23,experimental,Seen,0.9807569398837708,0.7083424750372054
23,experimental,Unseen,0.9805446764515257,0.7902242657295795
23,experimental,Seen,0.980767118913946,0.6654520132459616
23,experimental,Seen,0.9696736626024341,0.7434346710482228
23,experimental,Unseen,0.9801909057164983,0.9058985414696001
23,experimental,Seen,0.9750345227088614,0.8006219534365477
23,experimental,Unseen,0.9764794895259326,0.8630080796783566
23,experimental,Seen,0.9753188785960317,0.7733280232057564
23,experimental,Seen,0.9772409321084168,0.7473338039383359
23,experimental,Unseen,0.9794360418505256,0.946189581334102
23,experimental,Seen,0.9745825682150118,0.7915239766929506
23,experimental,Seen,0.968643174430814,0.8565095248615016
23,experimental,Seen,0.9839856802048184,0.7837257109127245
23,experimental,Seen,0.9833961880454901,0.9006996976161162
23,experimental,Seen,0.9747341078300765,0.9084979633963425
23,experimental,Seen,0.9821566190354256,0.6446566378320254
23,experimental,Unseen,0.9768328673383025,0.9955785979422005
23,experimental,Seen,0.974295978906733,0.9370916045905047
23,experimental,Unseen,0.9791541354668529,0.9370916045905048
23,experimental,Seen,0.9790007413109836,0.8110196411435159
23,experimental,Seen,0.9773370553853019,0.8019216643999189
23,experimental,Unseen,0.9751542530654415,0.9292933388102786
23,experimental,Unseen,0.9765958964447822,0.9162962291765681
23,experimental,Seen,0.9809024869143854,0.8773049002754378
23,experimental,Seen,0.9694197908364158,0.9097976743597133
23,experimental,Seen,0.9761827044341544,0.8292155946307102
23,experimental,Seen,0.9704912427220472,0.8318150165574522
23,experimental,Seen,0.9848202444425513,0.8396132823376784
23,experimental,Seen,0.9758237191410806,0.8097199301801448
23,experimental,Seen,0.976162704373201,0.9604864019311828
23,experimental,Seen,0.9856995919441297,0.8188179069237421
23,experimental,Seen,0.9821054382490578,0.946189581334102
23,experimental,Seen,0.9784829259641851,0.9435901594073599
23,experimental,Unseen,0.9726606074215676,0.890302009909148
23,experimental,Seen,0.9799791173536906,0.9565872690410699
23,experimental,Unseen,0.9767907404670582,0.8357141494475652
23,experimental,Seen,0.9802876772787399,0.8500109700446465
23,experimental,Seen,0.9775758424941351,0.8279158836673391
23,experimental,Seen,0.9801458924906653,0.684947677696527
23,experimental,Seen,0.9798260450708608,0.7356364052679967
23,experimental,Unseen,0.9674865456048953,0.7980225315098057
23,experimental,Seen,0.9779388930926701,0.7603309135720461
23,experimental,Seen,0.9749513842162936,1.0150742623927658
23,experimental,Unseen,0.9808154898927375,0.7915239766929505
23,experimental,Seen,0.9818584668497132,0.821417328850484
23,experimental,Unseen,0.9736224627664755,0.9864806211986034
23,experimental,Seen,0.9848177295574839,0.7876248438028376
23,experimental,Seen,0.9761177004768936,0.7096421860005763
23,experimental,Unseen,0.9803348788649348,0.9279936278469073
23,experimental,Seen,0.9723855557163105,0.8006219534365476
23,experimental,Seen,0.9784900693300516,0.8981002756893741
23,experimental,Unseen,0.983521116881603,0.7564317806819332
23,experimental,Unseen,0.9805256764658428,0.8747054783486958
23,experimental,Seen,0.9857984957651652,0.9227947839934237
23,experimental,Unseen,0.9787686685374976,0.7798265780226115
23,experimental,Seen,0.9784793062999145,0.7642300464621592
23,experimental,Unseen,0.9803682878282528,0.9123970962864552
23,experimental,Seen,0.9837386750288679,0.9331924717003915
23,experimental,Unseen,0.9841313686577322,0.8955008537626321
23,experimental,Unseen,0.9858668823853876,1.0436679035869283
23,experimental,Seen,0.987112041948909,0.9344921826637627
23,experimental,Seen,0.9775622984621563,0.8578092358248727
23,experimental,Seen,0.9841835940852424,0.9695843786747801
23,experimental,Seen,0.9821635406522818,0.9994777308323135
23,experimental,Unseen,0.9817512986343973,0.9552875580776992
23,experimental,Unseen,0.9845257683005109,0.9188956511033104
23,experimental,Unseen,0.9865025344073921,0.9838811992718611
23,experimental,Seen,0.9838957980899329,0.7421349600848518
23,experimental,Unseen,0.9814976634372136,1.0800598105613168
23,experimental,Seen,0.9803231922512491,0.7252387175610288
23,experimental,Seen,0.9804874966191537,0.8812040331655511
23,experimental,Unseen,0.9830730383698664,0.8513106810080175
23,experimental,Seen,0.974021441899576,0.7382358271947388
23,experimental,Unseen,0.9822881132756885,0.9357918936271339
23,experimental,Seen,0.9790924580499728,0.8526103919713885
23,experimental,Seen,0.981982234720668,0.8448121261911622
23,experimental,Seen,0.9834413166261712,1.0007774417956847
23,experimental,Seen,0.9796635807754284,0.7447343820115938
23,experimental,Unseen,0.9831742139254467,0.9357918936271337
23,experimental,Seen,0.978072223004385,0.9045988305062295
23,experimental,Seen,0.9731554061925788,0.8253164617405971
23,experimental,Seen,0.9826107590420888,0.8630080796783567
23,experimental,Seen,0.9815604082510697,0.8747054783486958
23,experimental,Seen,0.979435072241438,0.7421349600848518
23,experimental,Seen,0.9777917903365555,0.8019216643999186
23,experimental,Seen,0.9819088206969976,0.7187401627441735
23,experimental,Seen,0.9807902822500295,0.8682069235318406
23,experimental,Unseen,0.9774945080024623,0.7668294683889013
23,experimental,Unseen,0.9857188217989863,1.035869637806702
23,experimental,Unseen,0.9753760579049887,0.8045210863266606
23,experimental,Unseen,0.9823091390254332,0.8370138604109365
23,experimental,Seen,0.978783085929884,0.8305153055940813
23,experimental,Seen,0.9804337734852967,0.8604086577516145
23,experimental,Seen,0.9715043508153839,0.7811262889859827
23,experimental,Seen,0.9844093674991302,0.9695843786747803
23,experimental,Seen,0.9817323460549191,0.7252387175610285
23,experimental,Seen,0.9768166963733823,0.8929014318358901
23,experimental,Seen,0.9843718041643831,0.9435901594073597
23,experimental,Unseen,0.9889038593362132,0.9955785979422006
23,experimental,Seen,0.9741592367785977,0.8656075016050986
23,experimental,Unseen,0.9812177816415316,1.0280713720264758
23,experimental,Unseen,0.9807603056231112,0.9071982524329714
23,experimental,Seen,0.9843253239459676,0.9630858238579251
23,experimental,Seen,0.9807862216434925,0.8201176178871129
23,experimental,Seen,0.9821655255439763,0.9656852457846671
23,experimental,Seen,0.9831706949604591,0.8110196411435159
23,experimental,Seen,0.9858865450920579,0.9591866909678121
23,experimental,Unseen,0.9840936932608909,1.1047543188653661
23,experimental,Unseen,0.9857260466199508,1.0670627009276066
23,experimental,Seen,0.9831677369685498,0.9006996976161161
23,experimental,Unseen,0.9793232103810121,0.9396910265172467
23,experimental,Seen,0.9855405390602241,0.8669072125684697
23,experimental,Seen,0.9839540653574558,1.026771661063105
23,experimental,Unseen,0.9873159247496258,0.9851809102352326
23,experimental,Seen,0.9810920233032799,0.9734835115648932
23,experimental,Seen,0.9821816685347076,0.8318150165574522
23,experimental,Seen,0.9727203386056896,0.7694288903156434
23,experimental,Seen,0.9789460651346426,0.7603309135720461
23,experimental,Seen,0.9834552040005548,0.9162962291765685
23,experimental,Seen,0.9794887327403028,0.7421349600848519
23,experimental,Seen,0.983823206728689,0.760330913572046
23,experimental,Unseen,0.9858793423690401,1.026771661063105
23,experimental,Unseen,0.9847971303152264,0.8682069235318407
23,experimental,Seen,0.9791427557676047,0.8604086577516148
23,experimental,Unseen,0.9827783851489132,1.0098754185392818
23,experimental,Unseen,0.9824004664589846,0.7343366943046258
23,experimental,Seen,0.981501799493693,0.7083424750372055
23,experimental,Unseen,0.9827606912794945,0.9019994085794871
23,experimental,Unseen,0.9813138459231666,0.9513884251875859
23,experimental,Unseen,0.9814775585403516,0.8474115481179045
23,experimental,Unseen,0.9806379143723879,0.9903797540887166
23,experimental,Unseen,0.9846765345217245,0.9643855348212961
23,experimental,Unseen,0.9844273833967756,1.0436679035869283
23,experimental,Seen,0.9780455233508504,0.8513106810080174
23,experimental,Unseen,0.9788712207506701,0.8721060564219537
23,experimental,Seen,0.979269628510781,0.8006219534365479
23,experimental,Seen,0.9783580551709139,0.690146521550011
23,experimental,Unseen,0.9741767138459075,0.7551320697185621
23,experimental,Seen,0.9731860981433653,0.8032213753632897
23,experimental,Seen,0.9780908514192083,0.7590312026086751
23,experimental,Seen,0.9790359450271878,0.878604611238809
23,experimental,Unseen,0.9795587265305516,0.9448898703707308
23,experimental,Unseen,0.9768481019025969,0.9461895813341018
23,experimental,Unseen,0.9820436614728545,0.9422904484439887
23,experimental,Unseen,0.9832660609252636,0.7902242657295796
23,experimental,Seen,0.9800437272826004,0.7356364052679967
23,experimental,Seen,0.982355400970166,0.9604864019311832
23,experimental,Unseen,0.9839728493078608,0.9318927607370205
23,experimental,Seen,0.9739159259266957,0.7213395846709154
23,experimental,Unseen,0.9808441183357653,0.9149965182131975
23,experimental,Unseen,0.9742087007261598,0.8123193521068869
23,experimental,Seen,0.9788058844454852,0.9344921826637628
23,experimental,Seen,0.9748367712826114,0.9227947839934235
23,experimental,Seen,0.9802891938845911,0.9422904484439887
23,experimental,Seen,0.9825659442229138,0.6953453654034951
23,experimental,Seen,0.9811900065521741,0.7590312026086751
23,experimental,Unseen,0.9751942470582956,0.9019994085794871
23,experimental,Seen,0.9831353116149778,0.8825037441289219
23,experimental,Unseen,0.9788147644779275,0.9162962291765686
23,experimental,Seen,0.9839078641922939,0.8500109700446464
23,experimental,Unseen,0.9765680906929635,0.9162962291765685
23,experimental,Seen,0.9801412341844075,0.9474892922974728
23,experimental,Unseen,0.9850365236340781,0.9045988305062292
23,experimental,Unseen,0.9804785635362846,0.9279936278469075
23,experimental,Seen,0.9735031130770841,0.8539101029347596
23,experimental,Seen,0.9775627650773582,0.7317372723778839
23,experimental,Unseen,0.984198595155236,0.8487112590812755
23,experimental,Seen,0.9713228636833563,0.8370138604109364
23,experimental,Seen,0.9813456360094295,0.8448121261911624
23,experimental,Seen,0.9751588995288692,0.9032991195428581
23,experimental,Seen,0.9772084870349582,0.8318150165574523
23,experimental,Seen,0.9777803535028623,0.7954231095830636
23,experimental,Unseen,0.97307510706972,1.0020771527590555
23,experimental,Unseen,0.9844981279837329,0.9253942059201656
23,experimental,Unseen,0.982216419626763,0.9695843786747804
23,experimental,Seen,0.9758951194522841,0.8617083687149856
23,experimental,Unseen,0.9821610533283008,1.0020771527590557
23,experimental,Seen,0.9805520174813855,0.9188956511033105
23,experimental,Unseen,0.9836170932834537,0.9591866909678122
23,experimental,Unseen,0.979675855270571,0.9227947839934236
23,experimental,Unseen,0.9764340345592145,0.9500887142242149
23,experimental,Seen,0.9826877801878444,0.8682069235318407
23,experimental,Seen,0.9786842800922287,0.9045988305062292
23,experimental,Unseen,0.9687430582936835,0.9513884251875859
23,experimental,Unseen,0.9771732472330745,1.02027310624625
23,experimental,Unseen,0.970080711107183,1.0631635680374936
23,experimental,Seen,0.9752380251259013,1.0007774417956845
23,experimental,Seen,0.9793363984440443,0.9331924717003915
23,experimental,Unseen,0.9795077440412349,0.9396910265172468
23,experimental,Seen,0.9813608787679691,0.8630080796783566
23,experimental,Seen,0.9829257959016977,0.9292933388102786
23,experimental,Unseen,0.9837178202542741,1.038469059733444
23,experimental,Unseen,0.9838511113129144,1.024172239136363
23,experimental,Unseen,0.9748217586491246,0.8240167507772261
23,experimental,Unseen,0.9800149755226168,0.9877803321619745
23,experimental,Unseen,0.9823949449127719,1.022872528172992
23,experimental,Unseen,0.9823269163841616,0.9227947839934235
23,experimental,Unseen,0.9728971340782875,0.8305153055940809
23,experimental,Seen,0.9812322699826453,0.9890800431253455
23,experimental,Seen,0.9798738340102133,0.7967228205464347
23,experimental,Seen,0.9869911536939642,1.0033768637224267
23,experimental,Unseen,0.9853033193552604,0.9734835115648932
23,experimental,Seen,0.9820935737650563,1.0215728172096212
23,experimental,Seen,0.9765032948885399,0.7824259999493536
23,experimental,Unseen,0.9874416185674808,1.037169348770073
23,experimental,Seen,0.9800798151079505,0.9331924717003918
23,experimental,Seen,0.9735758602237643,0.7941233986196926
23,experimental,Unseen,0.9783376680145315,1.0007774417956845
23,experimental,Seen,0.980882624913007,0.8656075016050987
23,experimental,Unseen,0.9816225636551169,0.95658726904107
23,experimental,Unseen,0.9787542817399288,0.830515305594081
23,experimental,Unseen,0.9831531073417205,0.9747832225282643
23,experimental,Seen,0.9810184840036574,1.0735612557444616
23,experimental,Seen,0.9818000111982743,0.7941233986196926
23,experimental,Unseen,0.9851630754983567,0.9591866909678121
23,experimental,Seen,0.9839714248389809,1.0254719500997338
23,experimental,Seen,0.9852683092016726,0.9877803321619744
23,experimental,Seen,0.9874836522425128,1.021572817209621
23,experimental,Seen,0.9770858126399455,0.9968783089055716
23,experimental,Seen,0.9772581503322476,0.8578092358248726
23,experimental,Unseen,0.9865133016931427,0.9708840896381511
23,experimental,Seen,0.9840650827727528,0.8500109700446464
23,experimental,Seen,0.985095092537718,0.8461118371545333
23,experimental,Seen,0.9856328753662343,0.8136190630702579
23,experimental,Seen,0.98800115520177,0.8123193521068869
23,experimental,Seen,0.9847529427345977,0.9981780198689426
23,experimental,Seen,0.9830600239689609,0.9968783089055716
23,experimental,Seen,0.9814110412556275,0.7603309135720461
23,experimental,Seen,0.9848115590353267,0.9227947839934236
23,experimental,Seen,0.9812509845473074,0.9357918936271338
23,experimental,Seen,0.9798396576751661,0.8877025879824061
23,experimental,Seen,0.9770831152712047,0.8760051893120667
23,experimental,Seen,0.9776211795356898,0.8058207972900319
23,experimental,Unseen,0.977759424544836,0.9734835115648932
23,experimental,Seen,0.9804492323235459,0.8578092358248727
23,experimental,Unseen,0.9800465357699482,0.9916794650520876
23,experimental,Seen,0.9710861334819335,0.7889245547662085
23,experimental,Unseen,0.9800989447197826,0.8942011427992611
23,experimental,Seen,0.9733291277571324,0.619962129527976
23,experimental,Seen,0.9795166821288411,0.617362707601234
23,experimental,Unseen,0.9772114790338776,0.9474892922974728
23,experimental,Unseen,0.973600056557277,0.7330369833412546
23,experimental,Seen,0.9825067965892101,0.9968783089055716
23,experimental,Seen,0.9781163476303817,0.75253264779182
23,experimental,Seen,0.9745700127194277,0.8448121261911622
23,experimental,Seen,0.9804815903489917,0.8214173288504839
23,experimental,Unseen,0.9836382355304416,0.8682069235318406
23,experimental,Seen,0.9717230400581768,0.9474892922974729
23,experimental,Seen,0.9787028166111157,0.8993999866527451
23,experimental,Seen,0.9802320885787976,0.6940456544401241
23,experimental,Seen,0.9856478684551726,0.8734057673853249
23,experimental,Unseen,0.9798171900569818,0.9617861128945541
23,experimental,Seen,0.983119983687793,0.9838811992718612
23,experimental,Unseen,0.9848233692451882,0.947489292297473
23,experimental,Seen,0.9788045749007452,0.9032991195428581
23,experimental,Unseen,0.9824360648865402,0.9773826444550063
23,experimental,Unseen,0.9794228465041447,0.8864028770190349
23,experimental,Unseen,0.9811386756109852,1.0267716610631052
23,experimental,Unseen,0.9823881577283591,1.0514661693671543
23,experimental,Seen,0.9786289406542712,0.9214950730300525
23,experimental,Unseen,0.981060707150417,0.9487890032608439
23,experimental,Unseen,0.9795536917331026,0.809719930180145
23,experimental,Seen,0.9829638160195174,0.8838034550922929
23,experimental,Seen,0.9846265032660909,0.8825037441289219
23,experimental,Unseen,0.9767536130794908,1.0397687706968153
23,experimental,Unseen,0.9837076858686702,1.0137745514293948
23,experimental,Seen,0.9771577558315925,0.9513884251875858
23,experimental,Seen,0.9754335468701899,0.9513884251875858
23,experimental,Seen,0.9789589420122846,1.030670793953218
23,experimental,Seen,0.9829383944965535,0.952688136150957
23,experimental,Unseen,0.9804475125421788,0.8825037441289221
23,experimental,Seen,0.9828539492129302,0.746034092974965
23,experimental,Unseen,0.9773542995031916,0.9305930497736495
23,experimental,Unseen,0.9841632930072642,1.086558365378172
23,experimental,Seen,0.9815934663836097,1.024172239136363
23,experimental,Unseen,0.980097556401163,1.030670793953218
23,experimental,Seen,0.9827272634881942,1.0163739733561368
23,experimental,Unseen,0.977460620196032,1.0124748404660238
23,experimental,Unseen,0.9828368531460884,0.9656852457846673
23,experimental,Unseen,0.9828980501013159,0.9058985414696002
23,experimental,Unseen,0.9802514474861643,0.9240944949567945
23,experimental,Unseen,0.9830614523604523,0.8591089467882435
23,experimental,Unseen,0.9809195632724256,1.037169348770073
23,experimental,Unseen,0.9795305077108278,0.9279936278469075
23,experimental,Seen,0.9755274854256195,0.9682846677114092
23,experimental,Seen,0.9720898080428474,0.9214950730300525
23,experimental,Seen,0.9815647709324227,0.876005189312067
23,experimental,Unseen,0.9803124247885088,1.0566650132206385
23,experimental,Unseen,0.9791519672741337,1.016373973356137
23,experimental,Seen,0.9809914801889967,1.041068481660186
23,experimental,Unseen,0.9854804079653979,1.085258654414801
23,experimental,Seen,0.9758232594992601,1.0085757075759108
23,experimental,Unseen,0.9860638930361982,1.0605641461107513
23,experimental,Unseen,0.976154587410132,1.0514661693671543
23,experimental,Unseen,0.9832269169336443,1.026771661063105
23,experimental,Unseen,0.978660355504507,1.0215728172096208
23,experimental,Seen,0.9841575658106059,1.013774551429395
23,experimental,Unseen,0.9832567154883475,0.9747832225282642
23,experimental,Seen,0.9856634161353758,1.1528436245100935
23,experimental,Unseen,0.9843733141787128,1.0683624118909778
23,experimental,Unseen,0.9852050773264059,1.0046765746857975
23,experimental,Seen,0.9808210453159353,0.9110973853230844
23,experimental,Unseen,0.9800515782060352,0.8513106810080174
23,experimental,Seen,0.9794918395969319,1.0605641461107516
23,experimental,Unseen,0.9836169780937652,1.0852586544148008
23,experimental,Seen,0.9836722942577405,0.9357918936271337
23,experimental,Seen,0.9834797123666463,1.0761606776712038
23,experimental,Seen,0.9804110563108327,0.9318927607370205
23,experimental,Seen,0.9796107631511849,0.8461118371545334
23,experimental,Seen,0.9769542349757032,0.8526103919713884
23,experimental,Seen,0.9809324274207943,0.8942011427992612
23,experimental,Seen,0.9775846500043761,0.820117617887113
23,experimental,Unseen,0.9841087234994881,0.9929791760154585
23,experimental,Seen,0.9816061261455684,0.9318927607370208
23,experimental,Seen,0.9824702114232801,0.8864028770190349
23,experimental,Seen,0.9830212748944435,0.9383913155538758
23,experimental,Seen,0.9876815820451866,1.0345699268433313
23,experimental,Unseen,0.981952353631132,1.0020771527590557
23,experimental,Unseen,0.9818436319666607,0.9513884251875858
23,experimental,Unseen,0.9860949013505345,0.9877803321619745
23,experimental,Unseen,0.9822753779968214,1.0059762856491685
23,experimental,Seen,0.9828548286908868,0.9448898703707308
23,experimental,Seen,0.9810431861612626,0.7109418969639474
23,experimental,Seen,0.9819454158318179,1.0332702158799603
23,experimental,Seen,0.9778238486989793,0.9656852457846673
23,experimental,Seen,0.9819920209314693,0.7824259999493534
23,experimental,Seen,0.985420321525409,0.887702587982406
23,experimental,Seen,0.9785171570353352,1.0475670364770413
23,experimental,Seen,0.9828145487632438,0.9188956511033105
23,experimental,Seen,0.9783751204125779,0.955287558077699
23,experimental,Seen,0.9811922245628619,0.9656852457846671
23,experimental,Seen,0.983697411673929,0.9357918936271337
23,localizer,Seen,0.9739073387880673,0.8383135713743073
23,localizer,Seen,0.9749600323301061,0.9851809102352324
23,localizer,Seen,0.9780868365324014,0.9019994085794873
23,localizer,Seen,0.9760303649760377,0.9266939168835366
23,localizer,Seen,0.9797405407081888,0.950088714224215
23,localizer,Seen,0.975178822518118,0.8591089467882436
23,localizer,Seen,0.9765073957690682,0.8279158836673391
23,localizer,Unseen,0.9777634588080123,0.8344144384841942
23,localizer,Seen,0.9722381058008018,0.746034092974965
23,localizer,Seen,0.9743002005260756,0.8344144384841942
23,localizer,Seen,0.9709939049404572,0.684947677696527
23,localizer,Seen,0.9783939591044297,0.9214950730300525
23,localizer,Seen,0.9749387845183761,0.9071982524329711
23,localizer,Seen,0.97192913548149,0.894201142799261
23,localizer,Seen,0.9722322729442208,0.9396910265172466
23,localizer,Seen,0.9768687294672506,0.8175181959603709
23,localizer,Seen,0.9752834010491919,0.9708840896381512
23,localizer,Seen,0.9775983421123633,0.8539101029347596
23,localizer,Seen,0.9799097609957482,0.9136968072498263
23,localizer,Seen,0.9800294391775491,0.9487890032608436
23,localizer,Seen,0.9718828484537484,0.8851031660556639
23,localizer,Seen,0.9842917006148431,1.0696621228543486
23,localizer,Seen,0.9669211519924632,0.8032213753632896
23,localizer,Seen,0.9771116181176602,0.890302009909148
23,localizer,Seen,0.9745372413753921,0.9214950730300524
23,localizer,Seen,0.9698065940466712,0.8526103919713885
23,localizer,Seen,0.9769264770867057,0.9149965182131974
23,localizer,Seen,0.9763107064786086,0.8552098138981304
23,localizer,Seen,0.9750424943245298,0.8968005647260031
23,localizer,Seen,0.9757564798893389,0.8591089467882437
23,localizer,Seen,0.9819069552733533,0.9253942059201655
23,localizer,Seen,0.9827002916997156,0.7915239766929506
23,localizer,Seen,0.9804888228967096,0.889002298945777
23,localizer,Seen,0.973017191272404,0.9591866909678122
23,localizer,Seen,0.9799491460354383,0.813619063070258
23,localizer,Unseen,0.9805253681278877,1.0709618338177196
23,localizer,Seen,0.9831066082010116,0.9500887142242148
23,localizer,Seen,0.9824580152326525,0.9773826444550062
23,localizer,Seen,0.976027498055498,0.9396910265172467
23,localizer,Seen,0.9835744263302264,0.9916794650520876
23,localizer,Seen,0.9491935476324549,0.7187401627441735
23,localizer,Seen,0.9805169350183731,0.9253942059201656
23,localizer,Seen,0.9809031308423731,0.9136968072498263
23,localizer,Seen,0.9752498492164344,0.75253264779182
23,localizer,Seen,0.977755551945297,0.6745499899895586
23,localizer,Seen,0.9804508491489764,0.9695843786747802
23,localizer,Seen,0.9756867872747539,0.8565095248615016
23,localizer,Seen,0.9806063983168014,0.7694288903156434
23,localizer,Seen,0.9865039976149755,1.0020771527590557
23,localizer,Seen,0.9817292170659242,0.9149965182131975
23,localizer,Seen,0.9816483395070267,0.8968005647260031
23,localizer,Seen,0.986457063456429,1.0020771527590557
23,localizer,Seen,0.9816819395433761,0.9994777308323136
23,localizer,Seen,0.985470225611502,0.9643855348212961
23,localizer,Seen,0.9798187624874604,0.9448898703707308
23,localizer,Seen,0.9772619122272806,0.9344921826637627
23,localizer,Seen,0.9849011144962219,0.9201953620666817
23,localizer,Seen,0.9826037337164569,0.8734057673853247
23,localizer,Seen,0.9800343097015035,0.8656075016050988
23,localizer,Seen,0.9793584942547994,0.9682846677114092
23,localizer,Seen,0.9871757887125732,1.055365302257267
23,localizer,Seen,0.9809181168183222,1.0280713720264758
23,localizer,Seen,0.9722778386918713,0.825316461740597
23,localizer,Seen,0.9793288427850797,1.086558365378172
23,localizer,Seen,0.9765496389399893,0.9344921826637627
23,localizer,Seen,0.9855601704616225,1.1580424683635782
23,localizer,Seen,0.9869426529432046,1.0631635680374936
23,localizer,Seen,0.9868989729422865,1.0761606776712038
23,localizer,Seen,0.9864344153528382,1.0943566311583979
23,localizer,Seen,0.9874158516018746,1.003376863722427
23,localizer,Seen,0.9856297686249891,0.7551320697185621
23,localizer,Seen,0.977319800820618,0.9045988305062294
23,localizer,Seen,0.9697859572866766,0.9448898703707309
23,localizer,Seen,0.9811309323421438,0.9227947839934235
23,localizer,Seen,0.9798673551964,0.9097976743597133
23,localizer,Seen,0.9795742459496701,0.9214950730300526
23,localizer,Seen,0.9758982257697467,0.8396132823376782
23,localizer,Seen,0.975700402527426,0.8617083687149855
23,localizer,Seen,0.9801658890115907,1.0072759966125397
23,localizer,Seen,0.9857835315797547,0.9175959401399394
23,localizer,Seen,0.9816719270040414,1.0592644351473806
23,localizer,Seen,0.9804702700096445,1.0514661693671543
23,localizer,Seen,0.9838512094530278,1.0007774417956847
23,localizer,Seen,0.9858790245872339,0.9734835115648934
23,localizer,Seen,0.9702748614748115,0.8123193521068869
23,localizer,Seen,0.9830063243881223,0.9695843786747802
23,localizer,Seen,0.9849129864564246,1.03327021587996
23,localizer,Seen,0.9852535943988452,1.086558365378172
23,localizer,Seen,0.9806123203716745,0.9175959401399394
23,localizer,Seen,0.9807677806692447,0.9734835115648931
23,localizer,Seen,0.9788029082121282,0.8760051893120667
23,localizer,Seen,0.9775292524412771,0.8993999866527451
23,localizer,Seen,0.9781285479617823,0.7980225315098056
23,localizer,Seen,0.9792056205690433,0.9838811992718611
23,localizer,Seen,0.9810627270452761,0.9188956511033105
23,localizer,Seen,0.9828843164129569,0.9747832225282642
23,localizer,Seen,0.9740417175760347,0.952688136150957
23,localizer,Seen,0.9728997403905001,0.9630858238579251
23,localizer,Seen,0.9851685445869592,1.0410684816601863
23,localizer,Seen,0.9781059717093494,0.9357918936271337
23,localizer,Seen,0.974208433853927,0.955287558077699
23,localizer,Seen,0.9775900671932037,0.9604864019311832
23,localizer,Seen,0.9753293522420942,0.9591866909678121
23,localizer,Seen,0.9807716543579494,0.9305930497736494
23,localizer,Seen,0.979850335316556,0.9344921826637628
23,localizer,Seen,0.9837851393031668,0.9344921826637625
23,localizer,Seen,0.9812053308307892,0.9422904484439886
23,localizer,Seen,0.9810718371668611,0.9916794650520875
23,localizer,Seen,0.975986026873471,0.8448121261911623
23,localizer,Seen,0.9754891809943925,0.9357918936271338
23,localizer,Seen,0.9757316589370606,0.9591866909678122
23,localizer,Seen,0.9808258095307019,0.8942011427992611
23,localizer,Seen,0.9755559306231045,0.8760051893120668
23,localizer,Seen,0.9734089363231364,0.9201953620666815
23,localizer,Seen,0.9801988243031536,0.9422904484439887
23,localizer,Seen,0.9788457334688014,1.0540655912938965
23,localizer,Seen,0.9822254427980449,1.04626732551367
23,localizer,Seen,0.9739668177869705,0.7915239766929506
23,localizer,Seen,0.9843517082432892,0.9149965182131974
23,localizer,Seen,0.9738585710448153,0.8747054783486956
23,localizer,Seen,0.9826585542079835,0.9539878471143278
23,localizer,Seen,0.9800459381031098,0.9864806211986034
23,localizer,Seen,0.9730710665121504,0.9513884251875857
23,localizer,Seen,0.9767832896646622,1.0397687706968153
23,localizer,Seen,0.9858057170775715,1.207431484971677
23,localizer,Seen,0.9824764470204752,1.0735612557444616
23,localizer,Seen,0.982161070577562,0.9968783089055716
23,localizer,Seen,0.9852873603246806,0.9851809102352324
23,localizer,Seen,0.9824466819335833,1.0501664584037838
23,localizer,Seen,0.9802816427054909,0.9318927607370207
23,localizer,Seen,0.9809001491442291,0.9370916045905049
23,localizer,Seen,0.9852359174409926,1.077460388634575
23,localizer,Seen,0.9778578511106527,0.8734057673853247
23,localizer,Seen,0.9811075541609718,1.087858076341543
23,localizer,Seen,0.9747496346030166,0.7343366943046259
23,localizer,Seen,0.9819403061587854,1.0592644351473806
23,localizer,Seen,0.9801123879056237,0.9604864019311831
23,localizer,Seen,0.9818235154642678,1.0566650132206385
23,localizer,Seen,0.9857578385979238,1.0202731062462498
23,localizer,Seen,0.9757633811357315,0.8916017208725191
23,localizer,Seen,0.978797886322097,0.9162962291765685
23,localizer,Seen,0.9815758982217272,0.9877803321619744
23,localizer,Seen,0.9774767386484619,0.886402877019035
23,localizer,Seen,0.972298419293467,0.9422904484439889
23,localizer,Seen,0.9835903251077235,0.9526881361509569
23,localizer,Seen,0.9782846373223109,1.038469059733444
23,localizer,Seen,0.9782699093466023,0.9344921826637628
23,localizer,Seen,0.977933544492159,0.9266939168835366
23,localizer,Seen,0.9802260217113614,0.952688136150957
23,localizer,Seen,0.9753558468890682,0.8864028770190349
23,localizer,Seen,0.9688826029182404,0.9708840896381511
23,localizer,Seen,0.9765535918580163,0.8552098138981306
23,localizer,Seen,0.987843144378485,1.1645410231804334
23,localizer,Seen,0.9850501615962693,1.1190511394624476
23,localizer,Seen,0.9875659296481284,1.055365302257267
23,localizer,Seen,0.9817466466268867,0.9305930497736495
23,localizer,Seen,0.9819128672842239,0.9708840896381511
23,localizer,Seen,0.975308360496949,0.8708063454585827
23,localizer,Seen,0.9788025978079473,0.9227947839934235
23,localizer,Seen,0.9758790670609769,0.9734835115648932
23,localizer,Seen,0.9842067963437797,0.9721838006015221
23,localizer,Seen,0.9850985912920526,1.1151520065723348
23,localizer,Seen,0.9818741455544433,1.0046765746857977
23,localizer,Seen,0.9863189448969119,1.0917572092316559
23,localizer,Seen,0.982749189678732,1.0085757075759108
23,localizer,Seen,0.9792566619863379,0.953987847114328
23,localizer,Seen,0.9839620446408656,1.029371082989847
23,localizer,Seen,0.9811918595909374,0.95658726904107
23,localizer,Seen,0.9822784898195226,0.9526881361509569
23,localizer,Seen,0.9807948229337385,0.8929014318358902
23,localizer,Seen,0.9765455594085963,0.8448121261911623
23,localizer,Seen,0.9802361436790409,0.9773826444550062
23,localizer,Seen,0.983395287441907,1.1086534517554794
23,localizer,Seen,0.981053469388907,1.034569926843331
23,localizer,Seen,0.9844903860400498,1.026771661063105
23,localizer,Seen,0.9767971356057639,0.9383913155538758
23,localizer,Seen,0.9788503861922938,0.9604864019311832
23,localizer,Seen,0.9805971354155972,0.9929791760154587
23,localizer,Seen,0.9810857955903215,1.025471950099734
23,localizer,Seen,0.9836792763691767,1.0176736843195078
23,localizer,Seen,0.9804836462066153,0.9721838006015224
23,localizer,Seen,0.9794948003128698,0.9370916045905047
23,localizer,Seen,0.976682111521894,1.0111751295026528
23,localizer,Seen,0.9824258336000485,1.021572817209621
23,localizer,Seen,0.9811266425442021,1.055365302257267
23,localizer,Seen,0.9829533119991858,1.1086534517554794
23,localizer,Seen,0.9804218775929331,1.0878580763415426
23,localizer,Seen,0.983096027162897,1.1060540298287374
23,localizer,Seen,0.9815830677618652,1.0670627009276066
23,localizer,Unseen,0.9771051232487875,1.0462673255136703
23,localizer,Seen,0.9811433092351141,0.9448898703707307
23,localizer,Seen,0.9789372113817493,0.9513884251875859
23,localizer,Seen,0.9816004627546396,0.9526881361509568
23,localizer,Seen,0.9771448421081748,0.9214950730300524
23,localizer,Seen,0.9763979872340226,1.0007774417956847
23,localizer,Seen,0.9777434153170608,0.9240944949567944
23,localizer,Seen,0.977370764210311,0.8058207972900319
23,localizer,Seen,0.9866346579539105,1.0267716610631052
23,localizer,Seen,0.972794992482792,1.0358696378067023
23,localizer,Seen,0.9767948913057867,0.9045988305062292
