subject,trial_index,awareness,perm_entropy,lz_complexity,variance
10,0,Unseen,0.9687896320074164,0.8491625317171297,2.7974589584035015e-11
10,1,Unseen,0.9704514560373171,0.8093743982951186,7.330307337392272e-10
10,2,Unseen,0.9842603939967194,0.9758563249819542,1.4045913405929283e-10
10,5,Unseen,0.9794860828867156,0.8208920158646481,3.290708948098731e-11
10,6,Unseen,0.9780457432203042,0.9413034722733655,2.3027698252086057e-11
10,7,Unseen,0.9831392867029419,0.9821386618380612,2.190753861042554e-11
10,10,Seen,0.9804088790059355,0.9119859002781996,2.8039204875752836e-11
10,11,Seen,0.975253646057948,0.8585860370012902,3.241557774209963e-11
10,12,Unseen,0.9837611790504759,0.9549152021282642,2.5037934171826446e-11
10,13,Seen,0.986288860039227,0.9789974934100077,3.7450983919667377e-10
10,15,Unseen,0.981308548866544,0.9549152021282642,6.982234705089525e-11
10,16,Unseen,0.9894022246839621,1.0575267041113452,2.7375792669459023e-11
10,18,Unseen,0.9853273956291656,0.9926092232649062,3.57057842569745e-11
10,21,Unseen,0.972154177516419,0.8742918791415576,2.4848639347524967e-11
10,22,Seen,0.9733430346154199,0.8324096334341776,2.315755236257922e-11
10,23,Unseen,0.9732294508417759,0.8763859914269265,1.989720185435296e-11
10,24,Seen,0.9748937154525502,0.9067506195647771,1.5716309743588105e-11
10,25,Unseen,0.975178947980043,0.9088447318501461,1.9214932958848212e-11
10,27,Unseen,0.9819427083897898,0.8543978124305521,4.79173618517989e-10
10,29,Seen,0.9755142507441334,0.7392216367352569,3.7712349476423346e-10
10,30,Unseen,0.9744158617072937,0.8481154755744451,2.1745019325673243e-11
10,32,Seen,0.9697839427496472,0.8208920158646481,2.651942206223266e-11
10,33,Unseen,0.9673326456558542,0.8627742615720281,2.195875150881136e-11
10,35,Unseen,0.9711587358843794,0.8826683282830337,2.32728102130901e-11
10,37,Unseen,0.9797508198276821,0.8910447774245097,5.266190320671355e-11
10,39,Unseen,0.9777711789368835,0.9664328196977936,2.352034747821606e-11
10,40,Seen,0.9838056104151911,0.8502095878598142,3.700317342045164e-11
10,41,Unseen,0.9723754481724204,0.8502095878598142,5.710586773720479e-11
10,43,Seen,0.982848767711691,0.8910447774245097,2.5370254019600943e-11
10,44,Unseen,0.9718262903427727,0.8093743982951186,5.300042771743995e-11
10,45,Unseen,0.9797060681792964,0.931879966989205,2.679053048837598e-11
10,47,Unseen,0.9801269211922693,0.925597630133098,2.4520096027079328e-11
10,48,Seen,0.9832302813799325,0.9444446407014193,2.5242257492454807e-11
10,49,Unseen,0.9702697825486744,0.8973271142806166,3.510997461323759e-11
10,50,Unseen,0.9643505857990184,0.871150710713504,4.399221636210818e-11
10,51,Seen,0.9801440712853712,0.9297858547038362,2.786668617647542e-11
10,54,Unseen,0.976775575101745,0.8994212265659857,2.9815131398244045e-11
10,56,Unseen,0.9797149776505552,0.9444446407014191,2.134070585059353e-11
10,57,Unseen,0.9789918176779553,0.915127068706253,2.879968844985681e-11
10,59,Unseen,0.983535060716655,0.9203623494196758,2.5102510128536233e-11
10,61,Unseen,0.9708500912676442,0.854397812430552,1.972918866372224e-11
10,62,Unseen,0.9790154244244577,0.8240331842927014,3.680467555071962e-11
10,64,Unseen,0.9801466651423754,0.9559622582709486,4.751768362184348e-11
10,65,Seen,0.9853593657789805,0.931879966989205,2.8945030244871667e-11
10,66,Seen,0.9846760513842879,0.9444446407014191,2.7039840606018508e-11
10,67,Seen,0.9846618325376213,0.9611975389843713,2.64154722646736e-11
10,68,Seen,0.9798905379035632,0.860680149286659,3.98201158006447e-11
10,71,Seen,0.9812670415619416,0.9591034266990022,3.1155738606114876e-11
10,72,Seen,0.975291401880201,0.8868565528537715,2.9440130228238817e-11
10,75,Unseen,0.9880687782662333,1.08893838839188,6.039144773907378e-11
10,76,Unseen,0.9830295239640675,1.0449620303991314,2.8039369926707616e-11
10,77,Seen,0.9842317111632074,0.9392093599879966,3.1525655521722315e-11
10,78,Unseen,0.9798834587058375,0.9308329108465208,3.934041691825703e-11
10,81,Seen,0.9783983619433174,0.9632916512697401,2.798257924292868e-11
10,82,Seen,0.9815223006296548,1.0104091776905426,2.2487433567433424e-11
10,83,Seen,0.984045801082136,0.9632916512697401,1.984171415160515e-11
10,84,Seen,0.9818889698498081,0.9716681004112162,2.3651905293222026e-11
10,85,Seen,0.9823348123422017,0.9402564161306812,2.8307360766903045e-11
10,88,Seen,0.9797327868081168,0.9978445039783286,2.0943979232175158e-11
10,89,Seen,0.9861217561959051,1.0030797846917512,3.089286153431801e-11
10,91,Seen,0.9843395872778736,0.9182682371343066,2.910748586923801e-11
10,92,Unseen,0.9831509244924709,0.9339740792745742,7.060307001876567e-11
10,94,Unseen,0.9845063020503936,0.9088447318501461,5.3455931780319415e-11
10,95,Unseen,0.9874475187501562,1.0135503461185962,4.04085301228102e-11
10,96,Seen,0.9836251659520294,0.9779504372673232,3.684820001674439e-11
10,98,Unseen,0.9852014451821652,0.9444446407014192,4.8686058688907177e-11
10,99,Unseen,0.982475891639189,0.9664328196977936,5.312850473964542e-11
10,101,Seen,0.9831590437025821,0.9109388441355152,1.794713998414801e-10
10,102,Seen,0.9867861755676595,1.0166915145466497,3.2190836665412466e-11
10,103,Unseen,0.9860492931030399,0.9894680548368526,3.554902886817325e-11
10,104,Seen,0.9850810240016818,1.0460090865418157,3.1552925695262675e-11
10,106,Seen,0.9853046295836647,1.0114562338332271,3.7014775824006404e-11
10,110,Seen,0.9859780914158771,1.0428679181137623,3.559897767784223e-11
10,111,Unseen,0.980917161148276,0.8721977668561887,5.7438845729110095e-11
10,112,Unseen,0.98507914495164,0.9758563249819542,4.137542771642213e-11
10,113,Seen,0.9813151142964858,0.9748092688392697,3.200421609893491e-11
10,115,Seen,0.9844466116259584,0.9695739881258472,3.4135681043554044e-11
10,117,Seen,0.9845243246620495,0.9423505284160502,4.547823521601328e-11
10,118,Unseen,0.984108362636074,0.9203623494196757,4.4502081652165545e-11
10,119,Unseen,0.9797906389257202,0.9769033811246387,3.719687810070939e-11
10,120,Unseen,0.9652639714882756,0.8187979035792791,2.834221489051269e-11
10,121,Unseen,0.9699076397860734,0.7486451420194175,6.703918607547723e-10
10,122,Seen,0.9648156798517536,0.776915657871899,3.7603885797146084e-11
10,125,Seen,0.9867691871842359,1.0261150198308102,5.548588129858665e-10
10,127,Unseen,0.985007677746308,0.9653857635551091,3.4434021803119136e-11
10,129,Unseen,0.9848322410995464,1.046009086541816,2.6320028978416955e-11
10,130,Unseen,0.9852573997046148,1.0166915145466497,2.553267895673052e-11
10,131,Seen,0.9866969852308848,0.9863268864087992,2.5671532096135466e-11
10,133,Unseen,0.9852752283663945,0.9873739425514836,2.5366533075225302e-11
10,135,Seen,0.9873057543129496,0.9475858091294727,2.921825815212425e-11
10,136,Seen,0.9862175046241093,0.9748092688392697,3.069070853024141e-11
10,137,Seen,0.9864728987131426,1.0083150654051736,4.019037042518101e-11
10,139,Seen,0.9875418086294857,0.9957503916929596,2.2836428829259203e-11
10,140,Seen,0.9839422927398843,0.9360681915599431,2.945287195631123e-11
10,142,Seen,0.9865042723361573,0.9884209986941682,2.385448730815693e-11
10,143,Unseen,0.9856691338329902,0.8826683282830337,3.109795973605832e-11
10,145,Seen,0.9835164529387588,0.9423505284160502,2.8724066442900776e-11
10,147,Unseen,0.9854279701092818,1.0219267952600721,2.2640041634744042e-11
10,148,Seen,0.9824986324654121,0.9559622582709485,2.540573396749531e-11
10,149,Seen,0.9830463945437699,0.9329270231318896,2.540451450605318e-11
10,152,Seen,0.984039006588011,0.9863268864087991,1.957912871174649e-11
10,153,Seen,0.9845544411650846,0.9036094511367236,2.472044158093303e-11
10,154,Seen,0.9817949756227183,0.9392093599879966,2.4657662819444202e-11
10,155,Seen,0.982467693404307,0.8847624405684026,2.660789008104315e-11
10,157,Unseen,0.9799702645475147,0.9057035634220927,2.3869417046742684e-11
10,158,Seen,0.9799024075520019,0.9674798758404781,2.076263816186366e-11
10,160,Unseen,0.9714369187773507,0.8167037912939101,4.113260953747552e-11
10,161,Seen,0.9783329689149781,0.9433975845587347,2.290532920950137e-11
10,164,Seen,0.9846762182293531,0.9004682827086701,3.438185799060244e-10
10,165,Seen,0.9836011373683755,0.9611975389843711,2.7711111000944765e-11
10,166,Unseen,0.982441972672208,0.8826683282830335,6.445077476064814e-11
10,167,Seen,0.9806242681045216,0.8983741704233013,3.169447557320635e-11
10,169,Seen,0.9801919411976528,0.9538681459855797,2.722516449000079e-11
10,171,Unseen,0.9840425501784649,0.9674798758404781,2.6384347643626826e-11
10,172,Unseen,0.9836221294703715,0.9601504828416867,3.3685299539493085e-10
10,173,Seen,0.9779660088041081,0.9664328196977938,2.593395066600929e-10
10,175,Seen,0.9764648426967424,0.9915621671222217,3.031459369635301e-10
10,177,Seen,0.9818447564652559,0.9800445495526922,2.974072521737141e-10
10,178,Seen,0.9818174443864115,0.9507269775575262,2.711085496988736e-10
10,179,Unseen,0.9839200255457979,0.9486328652721571,3.09685695031873e-11
10,180,Seen,0.9668317641530735,0.8711507107135041,1.5709041265300428e-11
10,181,Unseen,0.9619795221268272,0.8219390720073325,1.8689613936114314e-11
10,183,Unseen,0.9671113368553699,0.7968097245829046,1.7532280344235827e-11
10,184,Seen,0.9721060713512412,0.8135626228658565,1.9915292130412724e-11
10,187,Seen,0.9747472424359616,0.843927251003707,4.283016218746364e-11
10,189,Seen,0.9783924165498831,0.8365978580049155,3.7568837403307634e-10
10,190,Unseen,0.954722671623262,0.6868688296010319,4.884331824677026e-10
10,191,Seen,0.9680796828516224,0.8596330931439745,1.9588141431898065e-11
10,192,Seen,0.9710117027875342,0.8470684194317606,2.115880966898524e-11
10,193,Unseen,0.9758717559332083,0.8072802860097497,4.727043144583442e-10
10,195,Seen,0.9684593983911262,0.785292107013375,2.9617211750864615e-10
10,196,Unseen,0.978004952913974,0.7643509841596849,2.3122521467157917e-11
10,198,Unseen,0.9644155763136348,0.822986128150017,2.428413877683074e-11
10,201,Unseen,0.9714715193325669,0.9381623038453123,4.0477235437932155e-10
10,202,Unseen,0.9836154016374945,1.028209132116179,4.304147778812065e-10
10,203,Unseen,0.9817065963932461,0.850209587859814,2.377059558017556e-11
10,204,Unseen,0.9752258633209242,0.9004682827086701,1.87983050062122e-11
10,206,Seen,0.9779264689168662,0.9140800125635686,2.845142736745899e-10
10,208,Unseen,0.983709997796686,0.9737622126965851,5.581953793332892e-10
10,209,Unseen,0.9848501653221923,0.9423505284160502,3.009217242403189e-11
10,210,Unseen,0.9830181991813303,0.9287387985611517,3.1609154885835425e-11
10,211,Seen,0.9820273991332135,0.9810916056953767,3.9156778256992165e-10
10,212,Seen,0.9853695057118209,0.9685269319831626,2.40328333342252e-11
10,214,Unseen,0.9804821241653834,0.954915202128264,2.6504150498805135e-11
10,216,Unseen,0.9835047436721273,0.9496799214148417,2.8849873238924067e-11
10,217,Seen,0.976345852264444,0.8596330931439744,3.740485988056372e-11
10,218,Unseen,0.979970295931607,0.9486328652721571,2.875973521787126e-11
10,219,Seen,0.9869097483686361,0.9894680548368527,2.3493734487117064e-11
10,223,Seen,0.9819020805975424,0.9475858091294727,2.745310052841754e-11
10,224,Seen,0.985245585686026,0.9214094055623601,8.533552081280274e-11
10,226,Unseen,0.9821813034724093,0.9601504828416868,3.24613440474188e-10
10,227,Seen,0.9867740585388715,0.8931388897098786,3.6520204108765845e-11
10,228,Seen,0.9846389429023977,0.9978445039783287,3.387793148225958e-11
10,229,Seen,0.9838515007323031,0.931879966989205,4.560740476776724e-10
10,230,Unseen,0.9849823387142861,0.9622445951270557,3.106189721076022e-11
10,232,Unseen,0.983848381144442,0.9789974934100077,3.435981620106648e-11
10,234,Unseen,0.9828335265569338,0.9109388441355151,3.576909082802159e-11
10,235,Unseen,0.9832436301536354,1.0418208619710778,2.7282316409236216e-11
10,237,Unseen,0.976171053899278,0.9957503916929596,2.87138270754189e-11
10,238,Seen,0.9818367621363363,0.9936562794075906,2.6486500921468998e-11
10,240,Seen,0.9676409177864065,0.8303155211488087,4.6453752447108326e-10
10,241,Unseen,0.9657813850476505,0.850209587859814,5.799158256833362e-10
10,243,Seen,0.9758853173899602,0.8365978580049156,2.0000384086300998e-11
10,245,Seen,0.9746010347008076,0.8386919702902846,2.03887303972293e-11
10,246,Seen,0.9806221125349353,0.9255976301330981,6.089189131598598e-10
10,248,Seen,0.9764594221948752,0.9255976301330981,2.1435090622935833e-11
10,249,Seen,0.972634550045832,0.7978567807255891,3.9394860081837195e-10
10,251,Seen,0.9812409239685699,0.9109388441355152,1.680777171935372e-11
10,254,Unseen,0.9706517758380987,0.8187979035792792,3.203157858793828e-11
10,255,Seen,0.9618049469073788,0.7444569174486796,3.7271831849735806e-11
10,256,Unseen,0.9801763527607946,0.8648683738573971,6.017821824106553e-11
10,257,Unseen,0.9666454132437524,0.7706333210157922,3.4710495186670143e-10
10,258,Seen,0.9791305410763784,0.8763859914269265,5.7269577825580704e-11
10,260,Seen,0.9726780105503634,0.8512566440024986,5.93957315618655e-11
10,261,Seen,0.9841038068732517,0.9496799214148416,5.0463171061075954e-11
10,263,Seen,0.9842286009420236,0.9559622582709487,2.9068088530593367e-10
10,265,Seen,0.9805425086429481,0.8533507562878676,5.646274827183797e-11
10,266,Seen,0.9826935049063139,1.0104091776905428,3.486039898029098e-11
10,267,Unseen,0.9845841532699102,0.9392093599879966,4.030655868902729e-11
10,269,Seen,0.9744147755377583,0.8879036089964562,5.193397676450296e-11
10,271,Seen,0.9882466333231483,1.0041268408344357,3.7098110326107543e-11
10,272,Unseen,0.9782675363563775,0.8449743071463918,8.759970682640482e-11
10,274,Seen,0.981825534470675,0.8795271598549801,5.2303904630516846e-11
10,275,Unseen,0.9829380271872348,0.9674798758404782,3.1137727460433395e-10
10,276,Seen,0.9866323274332439,1.009362121547858,2.920398538898667e-10
10,277,Seen,0.9862361981154967,1.0208797391173876,3.575056458312022e-11
10,279,Seen,0.98599794651827,0.9800445495526922,2.6692619524920143e-10
10,281,Seen,0.9823150289394681,0.8701036545708196,4.7441665195627386e-11
10,283,Seen,0.9854312635874848,1.03763263740034,2.8316463619028892e-11
10,284,Seen,0.9871817711162801,1.0125032899759117,3.1882813591648073e-11
10,285,Unseen,0.9877394907935481,1.0240209075454412,2.880619092190871e-11
10,286,Unseen,0.981115616856455,0.9591034266990022,3.38809867781319e-10
10,288,Unseen,0.9839621663564996,0.9329270231318896,4.151361265921779e-11
10,289,Unseen,0.9848951527846753,1.0491502549698692,2.7163890844783354e-10
10,290,Unseen,0.9828992620927965,1.0313503005442326,2.9879562949085344e-11
10,293,Unseen,0.9848227537358336,0.9789974934100079,2.8063219193820226e-11
10,296,Seen,0.985813464303194,1.0219267952600724,3.537214902681096e-11
10,297,Seen,0.9873725808829854,0.9360681915599431,3.6052540139393197e-10
10,298,Seen,0.9874529173258304,1.0114562338332274,4.695390944665713e-11
10,299,Unseen,0.9839755735083574,1.035538525114971,3.0117140006408953e-10
10,300,Unseen,0.9899737862518561,1.0952207252479869,1.5848448949274888e-10
10,303,Unseen,0.9831440303553381,0.9067506195647772,3.364902965700029e-11
10,304,Seen,0.984940520801171,0.9967974478356442,4.86563357254332e-10
10,305,Seen,0.9862342607085958,0.9329270231318896,4.5393743394833434e-10
10,308,Seen,0.9809477396566363,0.8784801037122957,3.672731674868074e-10
10,309,Seen,0.9793396495047652,0.9224564617050447,6.868174769179477e-11
10,310,Seen,0.9819367116314868,0.860680149286659,3.772460818417524e-10
10,311,Seen,0.9785134428944654,0.9339740792745742,3.42297373072058e-10
10,313,Unseen,0.9845069386749017,0.9507269775575262,3.7375640143628493e-10
10,314,Seen,0.9656947482362312,0.787386219298744,4.599136007022106e-10
10,315,Seen,0.9813198119148759,0.9496799214148417,6.050092565920326e-11
10,316,Seen,0.980314775927018,0.9423505284160503,5.435081183910817e-11
10,318,Seen,0.982650872161489,0.9098917879928305,5.203619862309087e-10
10,319,Seen,0.9853456107376435,0.9821386618380611,3.976580726601493e-10
10,321,Seen,0.9812098455993833,0.9611975389843712,3.437256111271851e-10
10,323,Seen,0.9808182649952697,0.9957503916929596,3.0409491598593637e-11
10,326,Seen,0.9855526979099155,0.9737622126965852,3.042258809443293e-10
10,327,Unseen,0.9842936557683424,1.0104091776905428,3.1863256387449563e-10
10,328,Unseen,0.9821090513077552,0.8973271142806167,3.6477819737095956e-10
10,329,Seen,0.9816668915207305,0.8711507107135041,5.203733558154952e-10
10,330,Seen,0.9827040409204693,0.9863268864087993,3.8762958582782506e-11
10,332,Seen,0.9853336966638702,1.062761984824768,3.310632006508172e-10
10,333,Seen,0.9875015842306786,0.9297858547038363,3.3849771753521706e-11
10,334,Unseen,0.9855395472780835,1.0554325918259764,2.984367338807192e-11
10,336,Seen,0.9804640993918303,0.9077976757074615,4.0681951284779786e-10
10,338,Seen,0.9819037964281354,0.8533507562878677,4.5069356210230436e-11
10,340,Seen,0.9832809536111274,0.9402564161306811,4.214465681177402e-10
10,341,Unseen,0.9618469136563969,0.7633039280170004,2.995788619784793e-10
10,343,Seen,0.979951096606704,0.9580563705563176,3.25261679616348e-10
10,345,Unseen,0.9769052639513883,0.9308329108465206,5.054117278972754e-11
10,346,Seen,0.9838668876299116,0.9559622582709486,3.221028811476947e-11
10,347,Seen,0.9824168766790357,0.9643387074124247,3.878655173230038e-11
10,348,Seen,0.9840313313940287,1.0083150654051738,3.0750777218440755e-10
10,349,Unseen,0.9817621505278238,0.9214094055623602,1.922367160361892e-10
10,350,Seen,0.9841826652444776,0.9664328196977937,3.8210818660993413e-11
10,353,Unseen,0.9840831729881765,1.0187856268320188,4.838026428721305e-10
10,355,Seen,0.9807715596731057,0.9884209986941683,2.845651213599635e-10
10,356,Seen,0.9801956208208663,0.9852798302661148,4.025054379575134e-11
10,358,Seen,0.9836088025842739,0.9549152021282643,3.0675515923472314e-10
10,359,Seen,0.9841026808347038,1.0187856268320186,3.0586081147052454e-11
10,360,Unseen,0.9711507736565999,0.7978567807255891,9.763535126598102e-11
10,361,Unseen,0.9702525733488548,0.808327342152434,2.405561394630561e-11
10,364,Seen,0.9708045835316766,0.781103882442637,1.8780634482920726e-10
10,365,Seen,0.9710425556662002,0.791574443869482,3.116483075685576e-11
10,366,Seen,0.9650026243682057,0.8837153844257182,2.7039677963388737e-10
10,368,Unseen,0.9645968518976403,0.7748215455865299,3.122480618867599e-11
10,370,Seen,0.9686020166402487,0.8386919702902845,2.676285367172412e-11
10,371,Seen,0.9807805442516702,0.8920918335671939,2.0229041699832234e-11
10,372,Seen,0.9763848463248238,0.9119859002781996,2.656399888741279e-10
10,374,Seen,0.9772257749400235,0.829268465006124,2.041799920748013e-11
10,376,Seen,0.9718334464173519,0.768539208730423,3.9484218497558097e-10
10,377,Unseen,0.9864107167406491,0.9842327741234301,4.834683962928981e-10
10,378,Seen,0.9845016417114733,1.0083150654051736,1.39783342014866e-10
10,380,Seen,0.9825187124391137,1.0051738969771202,3.179565951906342e-11
10,381,Seen,0.9828800768643854,0.8669624861427662,3.125849461685589e-10
10,383,Seen,0.9834672095418437,0.8816212721403491,3.5731524638472596e-10
10,385,Seen,0.981469231947508,0.9842327741234302,3.866425873682904e-11
10,386,Unseen,0.9823018991273988,0.9915621671222218,2.7311584540137476e-11
10,388,Seen,0.988440707662556,1.0240209075454412,2.8213670070420546e-11
10,389,Seen,0.9862518884712478,0.9926092232649062,3.0695298215224564e-11
10,391,Seen,0.9838988956194155,1.0344914689722864,3.2616050953290404e-11
10,392,Seen,0.9846357435601696,1.0648560971101366,3.191673314798596e-11
10,393,Seen,0.9866990530513606,0.9769033811246387,3.402901135428296e-11
10,394,Seen,0.9861542874290515,0.9957503916929596,3.274427422802263e-11
10,396,Unseen,0.9751420449873461,0.8324096334341777,4.0525511787420567e-10
10,399,Seen,0.9778544224878272,0.9193152932769911,4.798526877910759e-10
10,400,Unseen,0.9795753853658191,0.9255976301330981,5.211145512807094e-11
10,401,Unseen,0.9820000401358644,0.9151270687062533,4.136101229883501e-10
10,403,Unseen,0.9855397721297063,1.0208797391173878,3.3114247513436336e-11
10,404,Unseen,0.9845700146288175,0.9884209986941682,3.680158547526686e-11
10,405,Seen,0.986795344636623,1.0219267952600724,5.345991637409436e-11
10,407,Seen,0.9877822449471615,1.0659031532528211,3.28759496633157e-11
10,409,Unseen,0.9866319288694493,0.9214094055623603,3.2824976944323495e-10
10,410,Seen,0.9842126127080019,0.9130329564208842,5.636173767996213e-11
10,411,Seen,0.9842553822231587,0.9894680548368527,3.529773061669569e-11
10,412,Seen,0.9839745012711113,0.9685269319831626,3.534651298330009e-11
10,414,Unseen,0.9836242913873849,0.9769033811246387,5.265993158818465e-10
10,415,Seen,0.9868549186346168,0.9611975389843712,2.5587958221251467e-10
10,418,Unseen,0.977645599244228,0.9486328652721572,2.1852820380794341e-10
10,419,Unseen,0.9789588194899043,0.9172211809916221,3.8906494226762474e-10
10,420,Unseen,0.9744348111039549,0.751786310447471,4.088495062352571e-10
10,423,Unseen,0.9855615460917404,0.8460213632890761,4.736360023254791e-10
10,424,Seen,0.9814155812336093,1.0596208163967145,2.2419666764639115e-11
10,425,Unseen,0.9838769685676705,0.9339740792745742,5.607033758356267e-10
10,426,Seen,0.9776812870883193,0.8365978580049155,7.315113257486686e-11
10,427,Seen,0.9841291016921712,0.9015153388513545,5.098681532538388e-10
10,428,Unseen,0.9816406724102329,0.9297858547038361,8.887122900612667e-11
10,430,Seen,0.9762009111722536,0.7999508930109579,5.006075177013803e-10
10,432,Seen,0.9829505267405552,1.0093621215478583,2.4566604613866313e-11
10,435,Seen,0.9827206903444683,0.9360681915599431,4.160022991000819e-10
10,436,Seen,0.974703664398326,0.8324096334341776,5.492927141677553e-10
10,437,Unseen,0.9717195152332553,0.7601627595889472,4.563881741226584e-10
10,438,Seen,0.9761710210991947,0.9967974478356442,2.196061451398467e-11
10,439,Seen,0.9845139209194254,0.9852798302661147,1.504148309131438e-10
10,440,Unseen,0.9854829545538819,0.9915621671222217,3.0754570324606964e-11
10,443,Seen,0.978012890503095,0.8784801037122956,4.2332011720939055e-11
10,444,Seen,0.9799325298010091,0.9119859002781996,4.0128118619098384e-10
10,445,Unseen,0.9821068885845536,0.9706210442685317,3.1235739339106585e-10
10,446,Seen,0.9654264269714339,0.8177508474365947,3.948666939570263e-10
10,449,Unseen,0.9810908297611947,0.9381623038453122,3.303579775603715e-10
10,452,Seen,0.9691243445094443,0.8261272965780705,3.3643178453543105e-10
10,453,Seen,0.9793542726017984,0.9235035178477291,4.3067038398760834e-11
10,454,Seen,0.9794313471956189,0.931879966989205,4.0259055626880135e-11
10,455,Seen,0.976361531739843,0.8994212265659857,3.803108991653965e-10
10,456,Seen,0.9813684600782723,0.8627742615720282,4.420443244001587e-11
10,457,Seen,0.9845011905828042,1.0282091321161793,3.6920390744100316e-11
10,459,Seen,0.9777633726953762,0.9350211354172586,3.2281558042258784e-10
10,460,Seen,0.98000136121393,0.9444446407014191,6.090503224437965e-10
10,462,Seen,0.9736335591252755,0.9255976301330981,2.9105460218316343e-10
10,464,Unseen,0.9779393184173156,0.9695739881258473,2.989060008643829e-10
10,465,Seen,0.9839191917703195,1.0219267952600721,3.227874305112444e-11
10,467,Seen,0.9885503902482049,0.9507269775575261,3.429152430708201e-11
10,468,Seen,0.9867222020142791,0.9433975845587346,3.238087845672526e-11
10,469,Seen,0.9856495781950394,0.8313625772914932,6.435468402246592e-10
10,470,Seen,0.9864423823217563,0.9653857635551092,3.387705705918626e-11
10,472,Seen,0.982277505456447,0.9329270231318896,2.9401338197798645e-10
10,475,Seen,0.9825348342074929,0.9538681459855797,3.0171926683903886e-10
10,477,Seen,0.9796827028556824,0.9580563705563176,2.6159429331831346e-10
10,478,Unseen,0.9833233975826141,0.9475858091294727,3.6144147694603824e-10
10,479,Seen,0.9807481273922461,0.9413034722733656,3.04019460037077e-10
10,480,Unseen,0.9883662693308958,0.9978445039783287,4.4776523211060396e-10
10,482,Seen,0.9849350061683473,0.9245505739904136,3.3802758356153774e-10
10,483,Seen,0.9853056797110652,1.0208797391173878,3.896388900640205e-11
10,484,Seen,0.9829276539156554,0.9245505739904136,3.254811749299782e-10
10,486,Unseen,0.9829091053559628,1.0229738514027567,3.312579612678233e-10
10,487,Unseen,0.9812496440357571,0.9978445039783287,3.6113311455404195e-10
10,490,Seen,0.984828226637259,0.9988915601210132,5.673295742863374e-10
10,491,Seen,0.9782916875582849,0.8208920158646481,3.267183231611405e-10
10,492,Seen,0.9714355867623472,0.896280058137932,3.623120418954174e-10
10,493,Unseen,0.976299946277512,0.8837153844257182,2.389787532035636e-11
10,495,Seen,0.9798076094088873,0.9371152477026278,2.3591297136139613e-11
10,496,Seen,0.9766955708851774,0.9266446862757827,3.208739521253137e-10
10,499,Seen,0.9803541724177544,0.9245505739904136,2.8022621202328244e-11
10,500,Unseen,0.9808042589436106,0.8564919247159212,7.780897299683014e-11
10,502,Unseen,0.9825299202292201,0.910938844135515,4.0039653413661437e-10
10,503,Seen,0.982300040468021,1.0365855812576552,2.8494507696516524e-11
10,504,Seen,0.9874742745100923,0.9570093144136331,3.279981410942198e-11
10,505,Seen,0.9874061405501674,0.96329165126974,2.8514684104683416e-11
10,506,Seen,0.9881400430940174,1.0114562338332271,2.8354157963400334e-11
10,509,Seen,0.9867981611389248,1.0030797846917512,3.6626936412960497e-10
10,511,Seen,0.982638867301156,0.9978445039783286,2.968730481051408e-11
10,512,Unseen,0.9712758211205199,0.7800568262999528,2.847953601061972e-10
10,514,Seen,0.9775316743780482,0.804139117581696,3.137251143831072e-10
10,515,Seen,0.9878144386573913,0.9967974478356441,3.07566148021097e-11
10,516,Seen,0.9799861504023643,0.9507269775575261,2.600144996802983e-10
10,518,Unseen,0.9862415996701428,1.0104091776905426,2.6678508114131518e-11
10,519,Seen,0.9878030067245012,0.9570093144136331,3.21913607667724e-11
10,521,Seen,0.9711954903114418,0.8282214088634396,2.9685289081404117e-10
10,523,Seen,0.980569532269849,0.9036094511367236,2.806337124909952e-10
10,524,Seen,0.9701463345555836,0.8198449597219636,2.74220981174526e-10
10,526,Seen,0.9811254104606004,0.9360681915599433,3.2058751407821766e-10
10,527,Seen,0.9836677428502733,0.9789974934100077,1.5405027600979313e-10
10,528,Unseen,0.9870712620125113,1.0041268408344357,4.452788223371324e-10
10,529,Seen,0.9847018761747681,0.9873739425514837,2.8025083765896297e-10
10,531,Seen,0.9836911551180633,0.9266446862757827,8.814089969767121e-11
10,532,Seen,0.9815786439501125,0.9413034722733656,3.815338292851966e-11
10,534,Unseen,0.9861099077469133,0.9821386618380612,4.2103692978567047e-10
10,537,Unseen,0.982344475279857,0.954915202128264,4.5834142052630313e-10
10,538,Seen,0.979429278053213,0.9015153388513547,4.254971987960457e-10
10,539,Seen,0.9840977034381916,1.0125032899759117,3.232893133675393e-11
10,540,Unseen,0.988015225510284,1.0376326374003397,8.698136881704865e-10
10,541,Seen,0.9856414892499683,0.9831857179807457,2.5102820379608393e-10
10,542,Seen,0.9850100843142044,0.9926092232649062,3.418841036332965e-11
10,545,Seen,0.9837852370636986,1.0460090865418157,2.6873685250479117e-10
10,546,Seen,0.9781884926674477,0.856491924715921,4.027108479128732e-10
10,547,Unseen,0.982918165405557,0.9779504372673232,2.924174168067363e-11
10,549,Unseen,0.9848115194053838,0.9936562794075907,2.9431473756321044e-11
10,551,Seen,0.983615609852335,0.9695739881258472,3.359766036700872e-11
10,554,Seen,0.9846008735254081,0.9350211354172586,2.5536484613731054e-10
10,555,Seen,0.9792621477628957,0.9601504828416867,2.945995243787907e-10
10,556,Seen,0.98537070450157,0.9821386618380611,3.078827874418526e-11
10,557,Unseen,0.9825418941353604,0.9852798302661148,3.334094106557723e-10
10,558,Seen,0.9852467061266404,0.8858094967110872,2.216142870835771e-10
10,560,Seen,0.9753515383237246,0.8617272054293436,2.954772072961785e-10
10,562,Seen,0.9798673990847581,0.9360681915599431,5.302183248209904e-11
10,563,Seen,0.9790313603116849,0.8795271598549801,2.937917068180981e-10
10,564,Unseen,0.972600777845094,0.8669624861427663,3.020292303078686e-10
10,565,Seen,0.9807935353320743,0.8585860370012902,6.720328549853215e-11
10,566,Seen,0.9829227189708576,0.9716681004112162,2.6831972372823935e-10
10,568,Seen,0.9818640274334932,0.9978445039783287,2.295702335183115e-10
10,570,Seen,0.9793124160665388,1.0187856268320188,2.677915905554385e-10
10,571,Seen,0.9820395497383342,0.9140800125635686,2.3551279812463954e-10
10,573,Unseen,0.984677665298588,0.9716681004112161,2.9654684724154136e-10
10,575,Unseen,0.9861465283494063,1.0533384795406073,3.642181560796644e-11
10,577,Seen,0.9787598867756466,0.7287510753084123,5.261768901109759e-10
10,578,Seen,0.9790127069254021,0.8240331842927014,3.6474242864092906e-10
10,579,Seen,0.9827548900600865,0.9057035634220926,3.786198300855867e-10
10,581,Seen,0.9812444298738445,0.9570093144136331,2.8827313725957447e-10
10,583,Unseen,0.9828970564391025,0.8617272054293434,5.623303834319251e-10
10,585,Seen,0.984442029271404,0.9727151565539006,3.5677865793161e-10
10,586,Unseen,0.9848130065420905,0.8931388897098785,4.027305695809946e-11
10,587,Unseen,0.9856954750723641,0.8617272054293436,3.533668213560358e-11
10,589,Seen,0.9805341774414635,0.9695739881258472,3.2460440193206365e-10
10,590,Seen,0.9805303306653183,0.9287387985611516,4.0805138881005194e-11
10,592,Seen,0.9875117217082611,0.9727151565539006,3.917040950933659e-11
10,593,Seen,0.982523485191961,0.9475858091294725,3.66983034349762e-11
10,594,Seen,0.9863066605300312,0.9769033811246387,3.6819541088919843e-11
10,595,Unseen,0.9815295775085984,0.9360681915599433,4.829490719569031e-10
10,598,Seen,0.9828039743045625,0.9601504828416867,3.414892034757922e-10
12,0,Unseen,0.9808286279683953,0.6743041558888181,2.5900108166749746e-10
12,1,Seen,0.9763391611870901,0.6491748084643902,1.534675106823106e-10
12,2,Seen,0.9748855680082956,0.5926337767594271,1.761589528952208e-10
12,4,Seen,0.9606991055625266,0.6743041558888181,1.0598693466600633e-10
12,7,Seen,0.9609588920082397,0.6889629418864011,1.5641503805333718e-10
12,8,Seen,0.9687307000255002,0.6093866750423791,1.87282290404161e-10
12,10,Seen,0.9672498001545382,0.6784923804595561,1.1877636032633107e-10
12,11,Seen,0.9640455806710293,0.697339391027877,1.0989876986560076e-10
12,12,Seen,0.9616894300156019,0.755974535018209,1.0953031930731664e-10
12,13,Seen,0.9496704920647252,0.6847747173156631,1.3178893537431585e-10
12,15,Seen,0.9702920115361301,0.7653980403023695,9.425597328788003e-11
12,17,Unseen,0.9717709504676,0.6313748540387538,2.454272418964168e-10
12,18,Unseen,0.9678793728974286,0.6921041103144546,2.0072484296944944e-10
12,20,Unseen,0.9699681333172525,0.665927706747342,1.8224292653934994e-10
12,21,Seen,0.971762262495441,0.797856780725589,1.4003918388965518e-10
12,23,Seen,0.9711726875418399,0.6219513487545931,2.025580392782348e-10
12,24,Seen,0.9628942835292335,0.699433503313246,1.618059907885283e-10
12,25,Seen,0.968658756180495,0.6900099980290856,1.84654188676987e-10
12,28,Unseen,0.9696489596982804,0.5947278890447961,1.9887492102967557e-10
12,29,Unseen,0.9839156661328267,0.9339740792745742,7.472227152457199e-11
12,30,Seen,0.9749582455356506,0.7633039280170004,1.1750726340935426e-10
12,31,Seen,0.9693202254738875,0.5538926994801007,2.7490760948028835e-10
12,32,Unseen,0.9802312563549411,0.8523037001451831,2.5587483211159436e-11
12,33,Seen,0.9695410652961408,0.6470806961790212,1.8291087648211155e-10
12,36,Seen,0.971507530646037,0.8303155211488085,8.008204886878123e-11
12,37,Seen,0.9710668614837462,0.7109511208827758,1.5092358055480684e-10
12,38,Unseen,0.9734913018872045,0.5748338223337907,2.809955203396779e-10
12,39,Seen,0.964191447930854,0.7360804683072036,1.4522434346646648e-10
12,42,Seen,0.9642059090380518,0.6743041558888182,9.263927458973418e-11
12,44,Seen,0.9597477781617711,0.6303277978960692,2.571830695553906e-10
12,46,Seen,0.9612297510047779,0.5748338223337908,1.2083573564963544e-10
12,47,Unseen,0.9750984964432237,0.6596453698912351,1.322641204113011e-10
12,48,Unseen,0.9725612376988171,0.6418454154655988,1.1461608206038315e-10
12,51,Seen,0.9633671374899616,0.722468738452305,1.4870551411102675e-10
12,52,Seen,0.9647370754984697,0.5915867206167427,1.8895588658288352e-10
12,53,Seen,0.9596872640819809,0.6690688751753956,9.947676445437939e-11
12,54,Unseen,0.9696265420400776,0.6921041103144547,1.660062225845154e-10
12,55,Seen,0.9619031334463151,0.7381745805925725,8.346867803026902e-11
12,57,Unseen,0.9758390781168453,0.852303700145183,6.75581821779194e-11
12,58,Unseen,0.9746543540808107,0.810421454437803,9.515200835759182e-11
12,60,Unseen,0.9866204177020941,0.7716803771584765,1.9876778308189995e-10
12,61,Seen,0.9839515649744596,0.8020450052963273,1.7264306851997656e-10
12,62,Seen,0.9642296778131287,0.6753512120315027,1.9537241446221403e-10
12,64,Seen,0.962010652997837,0.7151393454535137,1.4210118003180162e-10
12,66,Seen,0.9516746927972868,0.6031043381862721,1.7668600997491148e-10
12,67,Seen,0.9660473478211152,0.6188101803265398,1.4594642050768156e-10
12,68,Unseen,0.9498386807137563,0.6805864927449251,1.8428803721979036e-10
12,70,Unseen,0.9568729146161732,0.64917480846439,1.5042015611795435e-10
12,72,Seen,0.9778160066083744,0.7455039735913642,1.9276647269154742e-10
12,74,Seen,0.9668459678395259,0.5842573276179512,1.5253143162688006e-10
12,76,Seen,0.9766732185868342,0.7465510297340484,1.113824170551735e-10
12,77,Unseen,0.9577268326394005,0.6690688751753957,1.5156602052474666e-10
12,79,Unseen,0.9733768307705072,0.6743041558888182,1.9386890433782817e-10
12,80,Seen,0.9690418646547012,0.6146219557558015,1.742319351640315e-10
12,81,Unseen,0.9690918981471757,0.6031043381862722,1.8397498314836828e-10
12,83,Seen,0.9663510680917576,0.6512689207497593,1.7713735533882238e-10
12,84,Unseen,0.9634014231826693,0.682680605030294,1.9851825587622636e-10
12,87,Seen,0.9739891924440706,0.768539208730423,1.2526745692411732e-10
12,88,Seen,0.976001660268527,0.6858217734583475,1.91814129148453e-10
12,89,Unseen,0.9737521552917124,0.5423750819105713,2.813399509145054e-10
12,91,Unseen,0.9684048252514883,0.6031043381862722,3.948358663094774e-10
12,93,Unseen,0.9785876123218515,0.7004805594559308,1.568723926416455e-10
12,94,Seen,0.9735247145348416,0.7905273877267975,1.1501308905120974e-10
12,95,Seen,0.9720531253308318,0.7151393454535137,1.6194810620915344e-10
12,96,Unseen,0.970707282978723,0.7538804227328402,1.3022009150363732e-10
12,97,Unseen,0.9751788111939882,0.6879158857437166,1.5109186811944378e-10
12,99,Seen,0.9836839603323732,0.8899977212818252,1.3746201586746153e-10
12,100,Seen,0.9764838276905126,0.7873862192987441,1.3514206178169644e-10
12,102,Unseen,0.9789485840704704,0.6910570541717702,1.927447981994682e-10
12,104,Seen,0.9835201013493595,0.814609679008541,1.0751719290655703e-10
12,105,Seen,0.9723506303282765,0.7025746717412996,2.156549940352706e-10
12,106,Unseen,0.9809283122159204,0.9151270687062533,2.4176331012597175e-11
12,108,Seen,0.9783402823493336,0.772727433301161,9.570832814765723e-11
12,109,Seen,0.9768741609292089,0.6805864927449251,1.3981663612908656e-10
12,111,Unseen,0.97746026267868,0.5444691941959402,2.372887443194259e-10
12,113,Seen,0.9725758268697215,0.7915744438694822,1.179731119964945e-10
12,114,Seen,0.9746732528981082,0.7015276155986151,1.5984032066514665e-10
12,115,Seen,0.9782451796040584,0.8491625317171296,9.031127833539104e-11
12,117,Seen,0.9723361016773272,0.7161864015961981,1.221496411906616e-10
12,119,Unseen,0.9769457566457223,0.724562850737674,1.2183703670492023e-10
12,120,Unseen,0.981332352566427,0.7601627595889472,2.643620905413327e-10
12,121,Unseen,0.9814502015469837,0.6575512576058662,2.704725090183154e-10
12,122,Seen,0.9722527624817459,0.7884332754414285,2.489815832885261e-10
12,125,Unseen,0.9716198602574421,0.6941982225998237,1.65955297418858e-10
12,127,Seen,0.9762385206266911,0.7622568718743162,1.7248581983911558e-10
12,128,Seen,0.9748889985820068,0.7214216823096208,2.3073969328354898e-10
12,129,Unseen,0.9771314877940134,0.789480331584113,1.450302655583871e-10
12,130,Seen,0.9712512774479565,0.8083273421524341,1.592283162239507e-10
12,132,Seen,0.9733585063118915,0.7046687840266685,2.555979344881282e-10
12,133,Seen,0.9810702479017477,0.8229861281500171,1.8219536013270403e-10
12,135,Seen,0.9891874955851064,0.9287387985611515,9.127483418710342e-10
12,136,Seen,0.9827658278702068,0.6240454610399622,1.61426796110968e-10
12,139,Seen,0.982126099477045,0.8523037001451832,1.0342757780154918e-10
12,140,Seen,0.980640807239323,0.7653980403023696,1.6040310889778523e-10
12,141,Seen,0.984349874039637,1.0030797846917512,8.355445393995344e-11
12,142,Seen,0.978405469178498,0.7329392998791502,1.4307782603412982e-10
12,144,Unseen,0.9825023358954045,0.9496799214148416,4.176353865785031e-11
12,145,Unseen,0.9799675385208001,0.7402686928779416,1.304964937305559e-10
12,147,Unseen,0.9814575356540043,0.6439395277509676,2.1272329872994403e-10
12,149,Seen,0.9769844593655186,0.73293929987915,1.8497009894394052e-10
12,152,Seen,0.9774828849997212,0.6910570541717704,2.0443586798691445e-10
12,153,Unseen,0.972584778653587,0.6617394821766042,2.109435710426358e-10
12,154,Seen,0.9755982171357879,0.7549274788755246,1.754201972922035e-10
12,155,Seen,0.9726462183350699,0.764350984159685,1.9360157326058545e-10
12,156,Unseen,0.980180279623872,0.7496921981621022,2.3479533818244227e-10
12,159,Seen,0.9808498300062224,0.8303155211488086,1.3536327145947776e-10
12,160,Seen,0.9808611749662326,0.714092289310829,2.2545563677366384e-10
12,161,Seen,0.9835176497244763,0.7528333665901557,1.9087868926871505e-10
12,162,Unseen,0.9834844944067401,0.8523037001451831,9.192796080177319e-11
12,165,Seen,0.979647081379583,0.7716803771584767,1.4516920053747012e-10
12,166,Unseen,0.9730294994597781,0.7748215455865302,2.1441717072020246e-10
12,167,Unseen,0.972416244506735,0.8491625317171295,8.758064269517581e-11
12,168,Seen,0.9879480815728904,0.6868688296010321,1.7192756105194317e-10
12,169,Seen,0.9808172512048225,0.9098917879928305,1.1098493470825481e-10
12,170,Seen,0.9817234476989141,0.7496921981621021,2.0680627977034318e-10
12,171,Unseen,0.981208471961683,0.9308329108465208,4.4202171031021424e-11
12,174,Seen,0.9855049698917135,0.8407860825756536,1.2078424663871566e-10
12,175,Seen,0.9798006983990339,0.7685392087304231,1.2140140385521803e-10
12,176,Seen,0.9825069232864919,0.7664450964450541,1.3251144577777233e-10
12,177,Unseen,0.9838672077919957,0.751786310447471,1.9999080277639571e-10
12,180,Unseen,0.9843677927989154,0.7287510753084121,3.422428123425096e-10
12,182,Unseen,0.9701774765936042,0.6606924260339196,2.1458227042402119e-10
12,183,Unseen,0.9696324697732106,0.7465510297340486,9.577054774596839e-11
12,184,Unseen,0.9766790134136367,0.8365978580049155,1.5975186085755989e-10
12,186,Unseen,0.9702975039277584,0.5507515310520472,2.245566774311428e-10
12,188,Seen,0.9696306653066916,0.77482154558653,1.3730750672377925e-10
12,189,Seen,0.980094585007234,0.8334566895768621,1.3136286227912725e-10
12,190,Seen,0.9750560874694889,0.693151166457139,1.893540648003017e-10
12,192,Unseen,0.9765159441170765,0.8491625317171295,1.6272109646047342e-10
12,193,Unseen,0.9783616436767666,0.9036094511367236,1.644928890014375e-10
12,194,Seen,0.9847438060265348,0.7831979947280061,1.5831559451929756e-10
12,197,Seen,0.9790795573523268,0.7706333210157922,1.4362279001767234e-10
12,198,Seen,0.9771264792274869,0.7664450964450542,1.5109108972650303e-10
12,199,Seen,0.9694459219579481,0.7496921981621022,1.3348202346545763e-10
12,201,Unseen,0.9753727154795145,0.7737744894438456,1.578411572947701e-10
12,202,Seen,0.977004468798392,0.772727433301161,1.0439424104010358e-10
12,205,Unseen,0.9769886912237382,0.8585860370012901,1.2064346114223188e-10
12,207,Seen,0.9790890369734817,0.6837276611729786,1.606233380550681e-10
12,208,Seen,0.9801754654233117,0.7695862648731076,1.2593614656119975e-10
12,209,Unseen,0.9815475254437063,0.8627742615720282,1.1059199054600268e-10
12,210,Seen,0.978147393827053,0.8114685105804876,1.2151088232208966e-10
12,211,Seen,0.9777340839648824,0.8386919702902847,1.141590100597326e-10
12,214,Unseen,0.9843842402714851,0.9360681915599431,1.1308032221996299e-10
12,215,Unseen,0.9835331421410944,0.831362577291493,1.4516131999754855e-10
12,216,Seen,0.9752788910319853,0.8680095422854505,1.203242530720128e-10
12,217,Unseen,0.9804632835659076,0.8596330931439744,9.992964834308475e-11
12,218,Unseen,0.9782699673034801,0.8030920614390118,1.185576604563769e-10
12,219,Seen,0.9760778638117467,0.7339863560218346,1.805545335752648e-10
12,222,Seen,0.9835738825086572,0.8575389808586056,1.1489312752705833e-10
12,223,Seen,0.9789663241364894,0.7297981314510965,1.8069997962771637e-10
12,225,Seen,0.9802958194615286,0.7434098613059951,1.3393357346436393e-10
12,227,Seen,0.9804475383085286,0.7894803315841132,1.3622741115233298e-10
12,228,Seen,0.9838685236766329,0.7842450508706909,1.9305795086929842e-10
12,230,Seen,0.9783827107392267,0.7779627140145837,1.2568099582515235e-10
12,231,Unseen,0.9797990567687616,0.7130452331681445,1.8853806285762257e-10
12,232,Seen,0.9766902288616429,0.764350984159685,1.4177168488181962e-10
12,234,Seen,0.973698279203943,0.7779627140145836,1.5203449240466872e-10
12,235,Seen,0.9802439174611128,0.7779627140145837,1.0771762068032766e-10
12,236,Seen,0.9784040281595444,0.8334566895768621,1.1871730726059677e-10
12,238,Seen,0.9787090696220525,0.6921041103144546,1.7113251490581462e-10
12,240,Seen,0.961302871680175,0.6858217734583477,2.415354700555443e-10
12,242,Unseen,0.9649050472234756,0.6627865383192886,5.213839858008606e-10
12,243,Seen,0.9604701947503854,0.718280513881567,1.5457467837986392e-10
12,245,Seen,0.9673277023098087,0.6732570997461336,1.005424547300467e-10
12,246,Unseen,0.9671797836576981,0.6805864927449252,1.4117545573390038e-10
12,247,Seen,0.9789086544065024,0.7099040647400912,1.3330550531837622e-10
12,249,Unseen,0.9716046570224938,0.665927706747342,1.1065319811724866e-10
12,250,Unseen,0.9731176596481332,0.7559745350182092,1.4258221731467578e-10
12,253,Seen,0.9778001023180336,0.7392216367352569,1.2323126316329852e-10
12,254,Seen,0.9702123058375969,0.7360804683072036,1.1884010803505393e-10
12,256,Unseen,0.9689293370032176,0.6931511664571391,1.831197855035004e-10
12,257,Seen,0.971181894809227,0.7434098613059954,1.4282466881395108e-10
12,258,Unseen,0.9764723592140869,0.6921041103144546,1.3709928620117954e-10
12,259,Seen,0.9706869839594625,0.8491625317171296,8.344039052763989e-11
12,261,Seen,0.9774232019628178,0.6606924260339198,1.3707768634628327e-10
12,263,Seen,0.9684159795239131,0.6973393910278771,1.485637222773527e-10
12,264,Seen,0.9800736776793564,0.6900099980290856,1.555365342531088e-10
12,265,Unseen,0.9772164456210389,0.6868688296010321,1.3735291784089738e-10
12,267,Unseen,0.9719675264982719,0.6816335488876096,6.476388377996221e-11
12,269,Seen,0.9721736571713744,0.703621727883984,1.606325865670784e-10
12,270,Seen,0.9771323938458001,0.7381745805925727,1.1764597495446483e-10
12,271,Seen,0.9758455943427887,0.741315749020626,8.564902634225043e-11
12,273,Unseen,0.967690957225745,0.636610134752176,1.9344338451103704e-10
12,274,Unseen,0.965205065481469,0.707809952454722,1.553008960648662e-10
12,276,Seen,0.980926043754362,0.6722100436034492,1.0867055376298214e-10
12,278,Unseen,0.9769302894976248,0.7685392087304231,1.2421914477467357e-10
12,280,Seen,0.9774201406239353,0.6879158857437165,1.0305738935674195e-10
12,281,Unseen,0.9744775730354781,0.781103882442637,9.325379948068421e-11
12,283,Unseen,0.9784779088835411,0.7538804227328401,5.340008614261443e-11
12,284,Unseen,0.9796806093237408,0.7989038368682735,1.8648381070245823e-11
12,285,Seen,0.9727370174418234,0.764350984159685,1.0342721801354276e-10
12,286,Seen,0.9775482883650847,0.7758686017292146,1.05175090081104e-10
12,288,Unseen,0.9758988205467315,0.7099040647400912,1.2291851368770826e-10
12,290,Unseen,0.9819346147749549,0.749692198162102,1.5155257189232463e-10
12,292,Seen,0.9696767147774465,0.7936685561548511,7.88319815058451e-11
12,293,Seen,0.9707076965510726,0.8051861737243805,1.005352096314592e-10
12,295,Unseen,0.9780050999577035,0.7015276155986151,1.5578385817344462e-10
12,296,Unseen,0.9740457353685142,0.7235157945949895,1.1461112453848146e-10
12,298,Unseen,0.9767834630125426,0.7779627140145837,1.3357823297307088e-10
12,299,Unseen,0.977201992916742,0.7151393454535137,1.325971116823784e-10
12,301,Seen,0.9763083330651123,0.7706333210157921,2.7521901801076446e-10
12,303,Seen,0.9770967479750434,0.8386919702902846,1.2029856180341786e-10
12,304,Seen,0.9748176021045477,0.8564919247159212,1.3299198024033829e-10
12,305,Seen,0.9778351577270763,0.785292107013375,1.4957039176091875e-10
12,306,Unseen,0.9774956564525552,0.835550801862231,1.3024614122407232e-10
12,307,Unseen,0.9734609002164667,0.8020450052963272,1.5084303564385122e-10
12,309,Seen,0.9791346850536883,0.8135626228658567,1.0404589026488953e-10
12,310,Seen,0.9790156649454264,0.8156567351512255,9.88808778820323e-11
12,312,Seen,0.9732945723669937,0.7653980403023695,9.386479395341844e-11
12,315,Seen,0.9743563358601872,0.8093743982951188,1.0165152798135921e-10
12,316,Unseen,0.9810209073318641,0.8187979035792794,1.299399677808171e-10
12,317,Seen,0.9744411316087125,0.7015276155986152,1.5273882038571052e-10
12,318,Seen,0.9822892728206492,0.7716803771584766,1.2770852310859558e-10
12,319,Seen,0.9835056794236797,0.904656507279408,1.284320000243835e-10
12,320,Seen,0.9753509138768371,0.7161864015961981,1.3597748553532246e-10
12,322,Unseen,0.9791842053888651,0.7318922437364657,1.2330478409763156e-10
12,324,Unseen,0.9751785743734069,0.869056598428135,7.17939143063153e-11
12,326,Seen,0.9674374307604005,0.808327342152434,5.698019787559037e-11
12,328,Unseen,0.9809991887627715,0.904656507279408,3.070009487026937e-11
12,329,Unseen,0.9650704134577851,0.7057158401693533,3.9355090113705846e-11
12,330,Seen,0.9684722010803819,0.5727397100484215,1.6054201745891654e-10
12,331,Unseen,0.9706611486998841,0.8418331387183381,6.845064151970431e-11
12,332,Seen,0.9709480218080062,0.8051861737243805,1.1329270721657416e-10
12,334,Unseen,0.9745274975864946,0.8564919247159211,9.584073636161211e-11
12,335,Unseen,0.9696569243445564,0.7172334577388826,1.287852944709356e-10
12,338,Seen,0.9816621459596063,0.9884209986941681,1.0821431238882254e-10
12,339,Unseen,0.9810213428030826,0.9224564617050447,1.0243078679625489e-10
12,340,Seen,0.9805968464736466,0.8575389808586056,1.2257515906504432e-10
12,342,Unseen,0.9833623498520341,0.7015276155986152,1.3885996204892493e-10
12,344,Seen,0.9794833363048837,0.7790097701572681,9.69337341926696e-11
12,345,Unseen,0.9787306434275261,0.7926215000121666,1.2088293474878155e-10
12,346,Seen,0.9780164352174988,0.7989038368682736,1.239929308115905e-10
12,349,Seen,0.976783239257929,0.7413157490206261,1.3209492997549335e-10
12,350,Unseen,0.9774213036902853,0.8104214544378031,1.0201987157442037e-10
12,351,Seen,0.9787713619960144,0.8481154755744452,1.1198436998626903e-10
12,352,Unseen,0.9891481830671992,0.9549152021282642,1.7601237223408976e-10
12,354,Unseen,0.9712096158094029,0.7067628963120377,2.035735859854219e-10
12,356,Seen,0.9803500436134892,0.8742918791415578,8.409839157849293e-11
12,357,Unseen,0.979516397149561,0.8952330019952477,1.8024462002999656e-10
12,358,Seen,0.9700780319612771,0.8250802404353862,1.1405441341448648e-10
12,359,Seen,0.9766312478849206,0.6900099980290858,1.5567796952821462e-10
12,360,Seen,0.9740226095767217,0.7088570085974065,1.6121559818971922e-10
12,363,Unseen,0.9489479049042363,0.6544100891778126,1.7522411154993745e-10
12,364,Seen,0.9694081290689462,0.6502218646070748,1.2513081778794897e-10
12,365,Seen,0.9695884556291278,0.7004805594559304,1.292870525265928e-10
12,366,Unseen,0.9597160209839616,0.7057158401693533,1.4512631676651647e-10
12,369,Unseen,0.9632872480064931,0.695245278742508,9.454875532863823e-11
12,370,Unseen,0.9626155649701567,0.7863391631560595,9.486339592585978e-11
12,372,Seen,0.9814240151450462,0.768539208730423,8.849835432278152e-11
12,373,Seen,0.9718378188134187,0.7015276155986152,1.0494897956391937e-10
12,375,Unseen,0.9707474517503544,0.6125278434704325,1.9604341194358277e-10
12,376,Unseen,0.9727411883262294,0.5727397100484215,2.279550516589867e-10
12,377,Unseen,0.9765138772527445,0.707809952454722,1.1067392278025191e-10
12,378,Unseen,0.9658371647707422,0.5999631697582186,1.3793332802182805e-10
12,379,Seen,0.975996124162026,0.7821509385853215,9.528675072847553e-11
12,381,Seen,0.9784748223205907,0.7758686017292145,1.0067262960380739e-10
12,384,Unseen,0.9777751287383857,0.7894803315841132,1.1616844470091563e-10
12,385,Unseen,0.9758515457086906,0.8250802404353862,2.556892831938604e-10
12,388,Unseen,0.9828605264050652,0.7475980858767334,1.656973092086661e-10
12,389,Unseen,0.9763617502921467,0.7245628507376742,2.0065130042964792e-10
12,390,Unseen,0.9692469381793841,0.6345160224668073,1.5969955690283675e-10
12,391,Unseen,0.9768772057134757,0.7465510297340486,1.0735745271976642e-10
12,392,Unseen,0.9687860007400988,0.768539208730423,1.238731082596268e-10
12,393,Unseen,0.9784667902302175,0.772727433301161,1.4735983038217816e-10
12,396,Seen,0.9706804335466789,0.8261272965780705,9.465608059136545e-11
12,398,Unseen,0.9767763616009119,0.6313748540387537,2.5598801963160326e-10
12,399,Seen,0.9816176038907841,0.7549274788755247,1.1511057938990347e-10
12,400,Seen,0.9817870818255081,0.8146096790085411,9.841086436000797e-11
12,401,Seen,0.9791588721611346,0.768539208730423,1.1034740862399561e-10
12,404,Seen,0.9766705312487074,0.7821509385853216,1.692587983202837e-10
12,405,Seen,0.9756278729708922,0.7612098157316316,1.0442842078445476e-10
12,406,Seen,0.9723663841792906,0.7036217278839841,2.1768012382950552e-10
12,407,Unseen,0.9767586325251422,0.7905273877267976,1.824020945439797e-10
12,408,Seen,0.9752112475445714,0.7392216367352569,1.443146597136577e-10
12,409,Unseen,0.9659271587020768,0.7821509385853215,1.5105877221944495e-10
12,412,Unseen,0.9731013632424389,0.6837276611729787,2.3267728323647383e-10
12,413,Seen,0.970105208319009,0.7591157034462626,1.1561230678754021e-10
12,414,Unseen,0.9730344986150238,0.6858217734583476,1.3858684827600515e-10
12,415,Seen,0.9713102844000826,0.7151393454535137,1.5861573240159676e-10
12,416,Unseen,0.9721131873107853,0.7570215911608935,1.2462121206009473e-10
12,418,Unseen,0.9821227840338009,0.6858217734583476,1.7174431694501978e-10
12,420,Seen,0.9818221914553208,0.8617272054293434,9.526425958334068e-11
12,422,Unseen,0.9786953093856552,0.6732570997461338,2.1397699967984638e-10
12,423,Seen,0.976077414300829,0.764350984159685,1.1302899219880398e-10
12,425,Seen,0.9722116914176843,0.7423628051633107,1.158697642062532e-10
12,426,Seen,0.9786625787226875,0.8543978124305521,9.403493041399746e-11
12,429,Unseen,0.9749745243472413,0.7622568718743161,1.361745981990629e-10
12,430,Unseen,0.9742861492954349,0.8428801948610226,1.0590902558578389e-10
12,431,Seen,0.9718926928075388,0.6229984048972776,1.6527919963091778e-10
12,434,Unseen,0.9672506151767171,0.741315749020626,1.1688952276778526e-10
12,435,Seen,0.9633656947095272,0.747598085876733,1.4386912894202958e-10
12,436,Unseen,0.975979260544738,0.6774453243168717,3.3671973562557153e-10
12,437,Unseen,0.9686872041451366,0.6523159768924435,1.579826958304103e-10
12,439,Seen,0.9776546010580911,0.804139117581696,1.589726204834338e-10
12,441,Unseen,0.9695802053353079,0.8240331842927017,1.3005907655574287e-10
12,442,Unseen,0.9774346853074465,0.7350334121645191,2.1135956809861452e-10
12,443,Unseen,0.9749981344956669,0.6407983593229142,2.093252901532804e-10
12,444,Seen,0.9772827027144705,0.7318922437364658,1.649315306339976e-10
12,446,Seen,0.9757087343017701,0.6481277523217057,1.7916445191016365e-10
12,448,Unseen,0.9778390683692331,0.6973393910278771,1.3028140836552527e-10
12,449,Unseen,0.9688108898158828,0.783197994728006,9.814110756585147e-11
12,450,Seen,0.9682819238491822,0.7413157490206259,1.2866237775291269e-10
12,452,Unseen,0.9640028952240414,0.7256099068803585,1.175775134238285e-10
12,454,Seen,0.9814639605992953,0.7936685561548511,1.6794883934020034e-10
12,455,Seen,0.9861372603589967,1.0931266129626183,2.3818437941929027e-11
12,457,Seen,0.9814097920602692,0.7078099524547221,2.234682355222639e-10
12,459,Seen,0.9825347196025338,0.67011593131808,3.4727059611806694e-10
12,460,Unseen,0.9797798616017371,0.7706333210157923,1.985372582479805e-10
12,461,Seen,0.9832525952120209,0.7413157490206261,1.9449930059337e-10
12,462,Unseen,0.9849245504725866,0.8072802860097495,1.4111422599492694e-10
12,464,Seen,0.9830431350916583,0.8763859914269265,1.2456591307226785e-10
12,465,Unseen,0.9786335851188462,0.7737744894438457,2.5811576281615704e-10
12,466,Unseen,0.9827665745596326,0.7769156578718992,1.493719096650986e-10
12,467,Unseen,0.9744735884166937,0.764350984159685,2.723884897270324e-10
12,469,Seen,0.9744184778364042,0.7811038824426372,1.3692670780381212e-10
12,470,Seen,0.9873136196463576,0.7350334121645192,2.1003366296468425e-10
12,471,Unseen,0.9847843926403248,0.8376449141476,1.3157866005990677e-10
12,472,Seen,0.9833172366402532,0.7277040191657276,2.365961726727072e-10
12,475,Seen,0.9784935308576684,0.8156567351512257,1.4152381928453243e-10
12,476,Seen,0.9808662241511826,0.7873862192987441,1.2047640943325342e-10
12,477,Unseen,0.9847698866805428,0.7245628507376741,2.677270850888093e-10
12,478,Seen,0.9811021416377435,0.8187979035792791,1.37609704008499e-10
12,481,Unseen,0.9823597751568827,0.8428801948610227,1.7326409360591857e-10
12,482,Unseen,0.9843600912124618,0.8355508018622311,1.4606530629791275e-10
12,483,Unseen,0.9789519668039126,0.6606924260339196,2.5457366348714055e-10
12,484,Unseen,0.9827330123253506,0.8324096334341776,1.5474043853356436e-10
12,487,Unseen,0.9783609093150072,0.8324096334341776,1.80519418564624e-10
12,488,Unseen,0.9863098774486815,0.8062332298670651,1.9544868287832135e-10
12,490,Unseen,0.9839348817232606,0.8428801948610226,1.6193638269530383e-10
12,491,Seen,0.9792921626697961,0.8292684650061242,1.457598649278039e-10
12,493,Seen,0.98070711859619,0.7235157945949896,1.8631515995558493e-10
12,494,Unseen,0.9835255669901556,0.8041391175816961,1.4281357408910884e-10
13,0,Unseen,0.9238646685144458,0.7968097245829046,5.673673956716444e-11
13,2,Unseen,0.9481331326972512,0.8826683282830337,1.1557587986258091e-10
13,3,Unseen,0.9566364334652179,0.8250802404353862,6.539188632559427e-11
13,5,Seen,0.9592411313420197,0.793668556154851,1.1036082804126997e-10
13,7,Unseen,0.9429245837886057,0.743409861305995,1.8509437224858338e-10
13,9,Unseen,0.9535930620614599,0.7130452331681446,2.12715184121224e-10
13,10,Unseen,0.9506115304223841,0.7727274333011611,2.0668108976567242e-10
13,11,Unseen,0.9040912981003053,0.6763982681741869,1.6857148530663383e-10
13,12,Unseen,0.9267425094175513,0.735033412164519,2.0327355876616274e-10
13,13,Unseen,0.9223930727803488,0.7842450508706905,5.630175835810642e-11
13,15,Unseen,0.9234646779947877,0.8156567351512256,8.795993899758263e-11
13,16,Unseen,0.9354277070444773,0.8711507107135041,5.4439597505404396e-11
13,18,Seen,0.9223262636556793,0.7214216823096206,8.420457743993655e-11
13,19,Unseen,0.938303132335841,0.77482154558653,9.126499217386149e-11
13,20,Unseen,0.9282919134184799,0.8324096334341775,6.627695452703336e-11
13,23,Unseen,0.9382405644905636,0.8407860825756535,6.510984977302733e-11
13,24,Unseen,0.9427818080631986,0.7444569174486795,9.13651887152053e-11
13,26,Unseen,0.9186757886261898,0.8104214544378031,7.527482271561148e-11
13,27,Unseen,0.9544647609258818,0.8439272510037069,1.9860070306492134e-10
13,29,Seen,0.9109068733738127,0.7706333210157921,9.874765780204e-11
13,30,Unseen,0.9098540115631342,0.776915657871899,8.645953366705271e-11
13,31,Unseen,0.9007259811190491,0.7633039280170004,9.170190070605785e-11
13,32,Seen,0.8971614140876855,0.7078099524547219,2.118341900807665e-10
13,35,Seen,0.957566495021951,0.7989038368682736,2.655339166445081e-10
13,36,Seen,0.9689598634569713,0.8973271142806167,2.1261566196761283e-10
13,37,Unseen,0.9662227174154666,0.9098917879928305,7.67277375246938e-11
13,39,Unseen,0.9777217765345678,0.9235035178477292,1.3751042994158412e-10
13,40,Seen,0.9512567184840733,0.8701036545708197,2.5979675880471e-10
13,42,Unseen,0.961503951914496,0.9444446407014192,8.062683931913224e-11
13,43,Unseen,0.9432405595894253,0.8481154755744451,8.83023972072498e-11
13,45,Unseen,0.9726077503136787,0.9329270231318897,9.178165516725594e-11
13,47,Unseen,0.9502120572178779,0.7769156578718991,1.4690653477401184e-10
13,48,Unseen,0.9563443427525647,0.724562850737674,7.16746680497906e-10
13,49,Seen,0.9615651934841288,0.7905273877267976,2.2805180422108972e-10
13,50,Unseen,0.9666017660757982,0.8533507562878676,7.920760023606816e-11
13,52,Unseen,0.9526425317757072,0.8009979491536426,1.9895719287554525e-10
13,54,Seen,0.9544605914563076,0.8680095422854506,1.7848034906262683e-10
13,56,Seen,0.9438904560605502,0.8868565528537716,9.512792962413025e-11
13,58,Seen,0.9527677098501861,0.904656507279408,7.9905466724887e-11
13,59,Unseen,0.9604629029299736,0.9077976757074615,1.301342902226058e-10
13,61,Unseen,0.9725924394545442,0.6900099980290856,3.8553276828512617e-10
13,63,Seen,0.9351711502164499,0.7915744438694821,9.383824730511804e-11
13,64,Seen,0.9269503263020035,0.7957626684402199,1.1742089701783356e-10
13,65,Unseen,0.9341624318500747,0.843927251003707,7.697261821490083e-11
13,66,Seen,0.938232392744907,0.8627742615720281,7.944551606691285e-11
13,67,Unseen,0.9535179467047726,0.8114685105804875,1.2172216583786988e-10
13,69,Unseen,0.9492122628993799,0.7737744894438456,1.760841398638578e-10
13,71,Seen,0.9436321663156718,0.8261272965780705,1.8046820051086521e-10
13,72,Seen,0.9319924561943281,0.7025746717412996,2.4630522160569566e-10
13,73,Seen,0.9332712941468736,0.8177508474365945,2.362177272223192e-10
13,74,Seen,0.9513317120213524,0.762256871874316,1.8931549191095324e-10
13,77,Unseen,0.9612885551482161,0.808327342152434,2.535803933444752e-10
13,78,Unseen,0.9108686179728183,0.7151393454535133,1.3623015007756672e-10
13,79,Unseen,0.9429187683587701,0.850209587859814,6.846680064600314e-11
13,80,Unseen,0.9321199251489846,0.7580686473035779,2.0932503425038442e-10
13,83,Seen,0.9374573580678583,0.8240331842927016,8.397342839929347e-11
13,84,Seen,0.9518162503293501,0.8711507107135041,7.708773986286319e-11
13,86,Unseen,0.9351750648882389,0.8376449141475999,1.2846831796877413e-10
13,87,Unseen,0.9345203812886397,0.8198449597219634,6.103539245826467e-11
13,88,Seen,0.9243188347847748,0.8083273421524341,2.585683010628231e-10
13,90,Seen,0.9137813948828718,0.7570215911608935,1.1590737693645654e-10
13,92,Unseen,0.9514620000125379,0.8020450052963272,6.219170960221952e-11
13,94,Seen,0.9484868991533358,0.8177508474365944,1.8988343330409535e-10
13,95,Seen,0.9309974601789562,0.7821509385853215,2.405668562695628e-10
13,96,Unseen,0.9198396620606634,0.783197994728006,7.532994423118904e-11
13,97,Unseen,0.9330481629748947,0.730845187593781,1.7034051172659074e-10
13,99,Unseen,0.9082569959277279,0.7570215911608934,1.0910147981740456e-10
13,101,Unseen,0.9360584753997331,0.8167037912939101,8.069442950274547e-11
13,102,Unseen,0.9278714209797585,0.7926215000121664,6.594796878364079e-11
13,103,Unseen,0.9045326476117336,0.7570215911608935,9.725944785252988e-11
13,104,Unseen,0.936165461624757,0.7015276155986151,2.11215103400717e-10
13,105,Unseen,0.9452231308570843,0.8250802404353861,1.4211325948064086e-10
13,108,Unseen,0.950731510365125,0.7308451875937813,4.432053342455324e-10
13,109,Seen,0.9459269136136973,0.8826683282830337,1.5991898943134636e-10
13,110,Unseen,0.9354233335593846,0.7570215911608935,9.326259456832939e-11
13,111,Unseen,0.917297125942294,0.793668556154851,1.2238651058551684e-10
13,115,Unseen,0.9203417005122538,0.7193275700242516,8.56470921826939e-11
13,116,Unseen,0.9670466758089808,0.8114685105804876,2.07574830398645e-10
13,117,Unseen,0.9494190668554691,0.8187979035792792,4.563582561935058e-11
13,118,Seen,0.9291254948982018,0.7329392998791501,2.0936292930855733e-10
13,120,Unseen,0.904350349253059,0.783197994728006,7.955575174642679e-11
13,122,Unseen,0.9259872510736006,0.7161864015961978,1.3867080338742232e-10
13,123,Unseen,0.9177867191419532,0.7633039280170004,1.4942797566645468e-10
13,124,Seen,0.9142634509015923,0.7947156122975356,1.5890418909481837e-10
13,126,Seen,0.8869010779366442,0.6743041558888181,2.511384727457077e-10
13,127,Unseen,0.9235551399226324,0.73293929987915,5.7432802174408865e-11
13,129,Unseen,0.8960018605131196,0.720374626166936,1.3663094553279013e-10
13,131,Unseen,0.9001272977886678,0.7004805594559305,2.5322670246851136e-10
13,132,Seen,0.916032441323831,0.7570215911608935,1.1245796675656848e-10
13,134,Unseen,0.8879532360413154,0.7088570085974066,2.2862656636605178e-10
13,135,Unseen,0.9180594469044939,0.7831979947280061,1.71157181376942e-10
13,137,Unseen,0.8785426339785039,0.724562850737674,7.09069372025656e-11
13,139,Unseen,0.8869254163743783,0.714092289310829,1.834265200833764e-10
13,140,Unseen,0.9030730589087103,0.7863391631560596,4.54410428410722e-11
13,141,Unseen,0.8797988862650994,0.7256099068803585,7.893063065812155e-11
13,143,Unseen,0.9145465514049889,0.7905273877267974,6.746004492728277e-11
13,145,Unseen,0.9613850272216701,0.7057158401693532,1.6260405869577865e-10
13,147,Unseen,0.9241742308918772,0.810421454437803,6.752354895339962e-11
13,148,Unseen,0.9395624740098752,0.8816212721403491,5.096728388698228e-11
13,149,Unseen,0.9588527485254668,0.7538804227328401,3.5370632106600653e-10
13,152,Unseen,0.9582814897392511,0.7633039280170005,2.5577075114426993e-10
13,153,Unseen,0.9401323402349354,0.8219390720073325,7.572579593239007e-11
13,154,Unseen,0.9615254434175353,0.8889506651391406,9.699301227919969e-11
13,155,Unseen,0.9433758551264064,0.9486328652721572,9.186338036333356e-11
13,156,Unseen,0.9421126859357215,0.8596330931439746,7.591993841099252e-11
13,157,Unseen,0.9562058733919172,0.9098917879928305,7.269320413713277e-11
13,159,Unseen,0.9416143903624322,0.8167037912939101,1.0160963389987558e-10
13,160,Unseen,0.9609924435657615,0.7538804227328401,4.375545811806302e-10
13,162,Unseen,0.9485641516148416,0.8701036545708196,6.463528222775335e-11
13,165,Unseen,0.9415324390816753,0.8386919702902845,1.311622637781655e-10
13,166,Seen,0.9673030503580868,0.8983741704233011,4.7547422955293484e-11
13,167,Seen,0.9516963447972142,0.7402686928779415,1.5359101616093244e-10
13,168,Seen,0.9509408906684333,0.8386919702902845,1.7596392782702531e-10
13,169,Unseen,0.9500896959614211,0.8627742615720281,1.852150273751523e-10
13,172,Seen,0.9294029297512038,0.7936685561548511,7.220011974517649e-11
13,173,Unseen,0.9528877238787994,0.7936685561548511,1.6960519488847956e-10
13,174,Seen,0.9262507890034243,0.7287510753084121,2.4042003974113435e-10
13,175,Seen,0.9155719392546098,0.8083273421524341,7.843136823347338e-11
13,176,Seen,0.9608731496442667,0.8365978580049155,1.471388895594592e-10
13,179,Unseen,0.9421268935334705,0.7559745350182089,1.926517252214706e-10
13,181,Unseen,0.9593125949455612,0.8030920614390115,2.022185576328145e-10
13,182,Seen,0.9354768976637263,0.7444569174486795,2.888445986999061e-10
13,184,Seen,0.9447029137675443,0.7811038824426372,1.689241194403309e-10
13,185,Unseen,0.939225334049294,0.8125155667231719,1.169205171146603e-10
13,187,Seen,0.9032003645691734,0.726656963023043,1.73806991898197e-10
13,188,Unseen,0.9637122808021337,0.799950893010958,2.0571491252136119e-10
13,189,Seen,0.9306200561885235,0.8303155211488086,1.2266330008231673e-10
13,191,Seen,0.909749558868983,0.7140922893108288,1.8803073882719327e-10
13,192,Seen,0.927175419585956,0.8156567351512255,1.513311805449643e-10
13,193,Seen,0.9556348567748922,0.8470684194317606,1.4614996777455512e-10
13,194,Unseen,0.8985040055981778,0.6606924260339195,2.4543235686714413e-10
13,196,Seen,0.9025175463290261,0.743409861305995,1.8969574721760336e-10
13,198,Seen,0.933235887866183,0.808327342152434,1.5796004577100273e-10
13,199,Seen,0.9312549468113013,0.7674921525877385,1.7333176218035668e-10
13,200,Unseen,0.9410677186990218,0.7989038368682735,1.3354628960041263e-10
13,201,Seen,0.9131897139791121,0.7088570085974064,1.9251646719126518e-10
13,204,Seen,0.9128178838290304,0.806233229867065,2.0320352857769886e-10
13,205,Seen,0.9247007698712215,0.7371275244498879,2.0386135091633548e-10
13,208,Seen,0.9541767886351266,0.8009979491536425,1.4731930415489833e-10
13,209,Seen,0.9414002914327663,0.8208920158646481,1.7200440915576463e-10
13,210,Seen,0.950308380216083,0.8858094967110871,5.70417109657735e-11
13,211,Unseen,0.9518784131922579,0.8072802860097497,2.1363628403697572e-10
13,212,Seen,0.9379960383620908,0.7067628963120377,2.5346522312199864e-10
13,214,Unseen,0.9032286745502672,0.7748215455865299,8.519436985683301e-11
13,217,Seen,0.9052538708836124,0.7004805594559306,2.249850629336848e-10
13,218,Seen,0.9216019072241519,0.8125155667231718,2.1240971539872193e-10
13,219,Seen,0.912354593094288,0.79576266844022,1.85074437761778e-10
13,221,Seen,0.9211130230505782,0.7402686928779415,1.72413698274966e-10
13,223,Unseen,0.916599837352813,0.7978567807255891,1.674675311499694e-10
13,224,Unseen,0.9079384854003184,0.764350984159685,1.8806731211055442e-10
13,226,Unseen,0.9118191787260643,0.7339863560218346,6.893388282107325e-11
13,227,Unseen,0.914011720138277,0.6575512576058661,8.708460911256044e-11
13,230,Unseen,0.9179583291668539,0.7203746261669359,1.5498209919922838e-10
13,231,Seen,0.9478811096470523,0.8093743982951187,2.040782777358277e-10
13,232,Seen,0.9520415863419539,0.7863391631560596,2.84185092371667e-10
13,233,Unseen,0.9361318597787338,0.8240331842927016,2.0335999766815292e-10
13,234,Unseen,0.9521711387238195,0.7381745805925727,2.875351363652633e-10
13,235,Unseen,0.9529931709094605,0.8533507562878675,1.9070606007070722e-10
13,236,Unseen,0.9524092329738011,0.7465510297340485,8.508504303784199e-11
13,239,Unseen,0.9641544558961608,0.9381623038453123,6.166271912690928e-11
13,240,Unseen,0.9623318915198733,0.8449743071463915,2.4104354587215117e-10
13,241,Seen,0.9544427867283127,0.8365978580049155,1.6758727654081006e-10
13,242,Unseen,0.9538307842806519,0.7465510297340487,1.306677348602919e-10
13,244,Unseen,0.951314126699084,0.7737744894438455,1.715141883070301e-10
13,246,Unseen,0.9234224589212536,0.804139117581696,1.066651913296485e-10
13,249,Unseen,0.9480106954760322,0.8627742615720281,6.141176498389461e-11
13,250,Unseen,0.9108121884454341,0.7256099068803584,3.252514611180045e-10
13,251,Unseen,0.9001938193993602,0.716186401596198,8.799848827563584e-11
13,252,Seen,0.9238455469181917,0.7559745350182089,1.3062718522561311e-10
13,253,Seen,0.9481479629897634,0.8648683738573971,1.3741955155424697e-10
13,254,Seen,0.9229665313126402,0.8512566440024985,1.3274011919620134e-10
13,256,Seen,0.916844185599316,0.7758686017292145,1.7025673427330231e-10
13,258,Unseen,0.9712599548565025,0.7099040647400913,1.710278816919891e-10
13,259,Seen,0.9165807284342697,0.7633039280170004,2.309021127976867e-10
13,260,Unseen,0.8935568784472219,0.7277040191657275,9.550240961968227e-11
13,264,Unseen,0.8567652450339212,0.7099040647400909,1.2228613698828196e-10
13,265,Unseen,0.9091244082146577,0.7339863560218344,7.154245711548492e-11
13,267,Unseen,0.9042870994145134,0.7475980858767329,7.081323279124996e-11
13,268,Seen,0.8990434470718681,0.7182805138815669,9.431181319667547e-11
13,270,Unseen,0.889233581154751,0.6481277523217056,1.7141062833756238e-10
13,272,Unseen,0.920126140702944,0.7413157490206261,5.681696728973885e-11
13,273,Unseen,0.8916261963239195,0.7528333665901555,7.984926144401683e-11
13,274,Unseen,0.955513410331952,0.7381745805925725,2.5057313477277643e-10
13,276,Unseen,0.8785843214386506,0.7633039280170004,7.171324507967248e-11
13,278,Unseen,0.9586919413161206,0.8648683738573971,1.0032911830939454e-10
13,279,Seen,0.8955602378099029,0.7193275700242514,2.2220213080924335e-10
13,280,Seen,0.9114123365787079,0.787386219298744,2.2174429285839107e-10
13,281,Unseen,0.9440736161732957,0.7779627140145835,2.388843061887584e-10
13,283,Unseen,0.9717520324357503,0.9674798758404781,4.128657568867382e-10
13,284,Unseen,0.9305932624749834,0.8114685105804875,8.154959481094364e-11
13,285,Seen,0.926933898628165,0.7716803771584765,1.773224047637323e-10
13,287,Seen,0.90935669470869,0.7423628051633104,1.8100062241571293e-10
13,289,Seen,0.9458396950891568,0.804139117581696,2.0507256414460896e-10
13,290,Seen,0.9075780542560288,0.7308451875937808,1.756934515351406e-10
13,292,Seen,0.9285767400684645,0.7633039280170003,1.7729951917013108e-10
13,293,Seen,0.9449214428344753,0.7235157945949896,2.1555750042443646e-10
13,294,Seen,0.9507970201643291,0.8418331387183382,1.6126638593422037e-10
13,295,Seen,0.9074036839354553,0.8051861737243806,1.2781941099405196e-10
13,297,Unseen,0.9207974178447896,0.7099040647400909,2.3324941360191414e-10
13,300,Seen,0.9438624407500894,0.682680605030294,1.8864935832630762e-10
13,301,Unseen,0.8561330359865147,0.7475980858767329,1.1402395285410749e-10
13,302,Seen,0.9201240687069971,0.749692198162102,2.4952078591855146e-10
13,304,Unseen,0.9195711242217474,0.728751075308412,6.180968283349242e-11
13,305,Seen,0.9553468177161346,0.758068647303578,5.882626652972386e-11
13,306,Seen,0.885146708305173,0.7256099068803584,1.9721737220005035e-10
13,308,Seen,0.8683522568413531,0.6711629874607643,1.0927243276898973e-10
13,309,Seen,0.9423653138528694,0.776915657871899,1.9106650397706512e-10
13,311,Seen,0.9158880214860096,0.7015276155986152,3.0655804494070356e-10
13,313,Seen,0.9016917028339201,0.6282336856107,1.894455122677677e-10
13,315,Seen,0.9115392433135036,0.722468738452305,1.5630425898397418e-10
13,316,Unseen,0.93396969073469,0.7528333665901555,1.4509676421794853e-10
13,317,Seen,0.9846962848364672,0.9622445951270556,1.958887814418348e-10
13,318,Seen,0.984518555147448,1.063809040967452,2.6266492080666803e-10
13,319,Seen,0.9739471372588634,0.9350211354172586,3.1909112690226946e-10
13,322,Seen,0.9705468519067505,0.9999386162636977,8.896080221870657e-11
13,323,Unseen,0.9467974337269606,0.8313625772914931,2.302206656401151e-10
13,325,Seen,0.964662192909627,0.8680095422854506,2.487960958461275e-10
13,327,Seen,0.9487817063986876,0.8250802404353861,2.391820475678817e-10
13,328,Seen,0.9369952045244148,0.8334566895768621,1.7159464263828992e-10
13,329,Seen,0.9465219674244997,0.7507392543047866,1.6831898357748064e-10
13,332,Seen,0.9654673666841589,0.8847624405684027,1.028316594979755e-10
13,333,Seen,0.9606693615293778,0.7978567807255893,2.5870671877558544e-10
13,334,Seen,0.9681146665680036,0.8899977212818251,2.1384438632054037e-10
13,335,Seen,0.9663633857118744,0.8585860370012902,2.0240781395429346e-10
13,336,Seen,0.9613797357393412,0.9025623949940391,1.9722223841104533e-10
13,337,Seen,0.9439185874969652,0.8680095422854506,1.5796763207359659e-10
13,340,Unseen,0.9575544912627073,0.904656507279408,1.2168805163221925e-10
13,342,Seen,0.9425101051594783,0.8742918791415577,1.1264041618568705e-10
13,343,Seen,0.9404910391739663,0.8135626228658566,2.256885611159716e-10
13,345,Seen,0.9487407342682048,0.7968097245829046,9.132787414254396e-11
13,346,Seen,0.9413316464038444,0.806233229867065,2.315663037064987e-10
13,347,Seen,0.9735085724565237,0.9172211809916221,3.8438261746266546e-10
13,348,Seen,0.9536418884490968,0.8659154300000816,2.9662477915430476e-10
13,350,Seen,0.9539955569496698,0.8428801948610227,2.9967764411142656e-10
13,352,Seen,0.9514819206780533,0.8763859914269266,2.231552511348765e-10
13,354,Seen,0.9476021108288535,0.829268465006124,2.2273235308297622e-10
13,356,Seen,0.9581805223965597,0.8564919247159211,1.0110419221257485e-10
13,357,Unseen,0.9356915476977133,0.8187979035792793,2.645628579351266e-10
13,360,Unseen,0.9120671002663807,0.6931511664571391,1.9814496239019907e-10
13,361,Unseen,0.9278457276795347,0.6753512120315025,1.9605214381241292e-10
13,362,Unseen,0.8903516457440711,0.7224687384523051,2.5255376479706364e-10
13,363,Unseen,0.9050234166154086,0.7172334577388826,2.5619356150334695e-10
13,364,Unseen,0.9268134863125926,0.7821509385853217,2.1338193978745788e-10
13,366,Seen,0.9197601088224687,0.6826806050302944,2.2047984128779687e-10
13,367,Seen,0.8974712166364478,0.7161864015961982,2.2765215243280066e-10
13,369,Seen,0.9640916944681595,0.892091833567194,8.39339143096356e-11
13,371,Unseen,0.9369184444424283,0.7423628051633108,2.5648041836131435e-10
13,372,Unseen,0.9067194181750653,0.7570215911608934,1.7910972074397956e-10
13,374,Seen,0.8986047979447205,0.802045005296327,9.070158195414304e-11
13,375,Unseen,0.9028260453009247,0.7318922437364654,1.9762764760322445e-10
13,376,Unseen,0.9184459323193538,0.8376449141476001,6.003994082034931e-11
13,378,Seen,0.9089282015729294,0.7444569174486796,2.1204042641087284e-10
13,379,Seen,0.9060295839059094,0.7266569630230432,1.9870078924802905e-10
13,380,Unseen,0.9162942229424549,0.7852921070133752,1.864813610125012e-10
13,384,Unseen,0.9442103626812048,0.7549274788755247,2.444148513977778e-10
13,385,Unseen,0.9326412924255216,0.7821509385853216,2.644168658573933e-10
13,386,Seen,0.938873055903698,0.7894803315841131,2.1373368952518302e-10
13,387,Unseen,0.92464107271975,0.79576266844022,6.935085429106112e-11
13,389,Unseen,0.9155486993491652,0.7947156122975356,1.7171773934648786e-10
13,391,Unseen,0.9055141712440454,0.6910570541717699,2.43138123746941e-10
13,392,Unseen,0.9067224923625936,0.739221636735257,2.086694032731939e-10
13,393,Seen,0.9432411457426363,0.8177508474365947,1.8015389605662855e-10
13,395,Seen,0.9319110188141503,0.7999508930109579,1.8150437687886496e-10
13,396,Seen,0.9760077919905363,0.8355508018622311,3.2882359438347835e-10
13,398,Unseen,0.9318564397029097,0.7580686473035779,2.897179982413061e-10
13,399,Seen,0.9510229259181822,0.8512566440024985,2.3065129212332241e-10
13,400,Unseen,0.9535613074597367,0.776915657871899,1.8110374116703367e-10
13,401,Unseen,0.9316944633380285,0.8250802404353861,8.133420707832104e-11
13,402,Seen,0.9318389639213077,0.7633039280170005,2.0577913561843157e-10
13,404,Unseen,0.91202588915554,0.7444569174486795,2.50045784168345e-10
13,406,Unseen,0.9226440696559381,0.7475980858767332,1.1647429320047555e-10
13,407,Seen,0.9320377941022921,0.8072802860097494,1.7539916055019357e-10
13,409,Seen,0.9380618184448133,0.7570215911608934,1.549045881738143e-10
13,410,Seen,0.9366016963821125,0.7099040647400909,2.0828194528499687e-10
13,412,Unseen,0.9269428666502852,0.8083273421524341,1.3399551001462958e-10
13,413,Seen,0.9365471069755641,0.7381745805925727,2.5839085689949073e-10
13,416,Unseen,0.9487772176143737,0.7727274333011609,3.209092453786337e-10
13,417,Unseen,0.9459621740303432,0.8606801492866591,1.7343681242801796e-10
13,418,Unseen,0.9362688331010289,0.7989038368682735,8.82990583440037e-11
13,419,Unseen,0.9062564756521604,0.6795394366022406,2.1652881602757917e-10
13,420,Unseen,0.9270427488157297,0.7182805138815671,2.528424837534333e-10
13,422,Unseen,0.857486693103693,0.6271866294680153,1.6734143662711666e-10
13,424,Unseen,0.8989742352537397,0.7339863560218345,1.8544483036504077e-10
13,425,Unseen,0.8942226832987283,0.6879158857437166,1.9401146862469787e-10
13,427,Seen,0.883189592808829,0.7214216823096206,1.5289965131172906e-10
13,429,Unseen,0.9026349954886348,0.7863391631560596,7.765345181413686e-11
13,430,Seen,0.9357048486467707,0.7811038824426368,1.4333549407824355e-10
13,433,Unseen,0.9264365176195725,0.651268920749759,1.9998232985238647e-10
13,434,Unseen,0.9249349188616011,0.7360804683072035,6.26186243154024e-11
13,435,Seen,0.9135129307573417,0.7685392087304231,2.3183636630225067e-10
13,436,Unseen,0.97421902893687,0.885809496711087,3.7660893405517364e-10
13,437,Unseen,0.9645873454428068,0.8564919247159211,2.8634457350225945e-10
13,438,Unseen,0.9540697362147522,0.8219390720073325,1.432176939175541e-10
13,439,Unseen,0.9845507375105573,1.0397267496857088,1.306028155211914e-10
13,442,Unseen,0.9289067597702318,0.724562850737674,2.0989009332005345e-10
13,444,Unseen,0.9366426697796472,0.8009979491536425,1.5974384781033463e-10
13,445,Unseen,0.9553749854296028,0.7277040191657276,1.6413173422371308e-10
13,446,Unseen,0.8847815688782384,0.7423628051633105,1.0055279059199539e-10
13,448,Unseen,0.9628876436081028,0.839739026432969,1.9670983646990892e-10
13,449,Unseen,0.9622030593520589,0.8920918335671942,3.1149510616411177e-10
13,450,Seen,0.9558495183046575,0.8543978124305521,1.667549097773052e-10
13,453,Unseen,0.9360484807693236,0.7989038368682735,1.9803074651673788e-10
13,454,Unseen,0.9470371436475984,0.8198449597219636,1.406224600937956e-10
13,455,Unseen,0.9500729037186123,0.804139117581696,1.2457835087584834e-10
13,457,Unseen,0.9730962974263189,0.871150710713504,2.446969245148857e-10
13,458,Seen,0.9509074471436301,0.8240331842927014,1.9126068531083258e-10
13,460,Unseen,0.9408508973324202,0.8104214544378032,2.717827508550863e-10
13,462,Unseen,0.9539066010771007,0.8083273421524341,1.9204510344280736e-10
13,463,Unseen,0.9563209061097524,0.8104214544378031,1.3787811303496072e-10
13,465,Unseen,0.9422651126138769,0.8114685105804875,1.0402259823245096e-10
13,466,Unseen,0.9300496069006448,0.7926215000121665,1.2573432079344503e-10
13,469,Seen,0.9719727555148695,0.8502095878598142,2.887171513690624e-10
13,470,Seen,0.938497397477666,0.8345037457195466,1.8768978749576425e-10
13,471,Unseen,0.9734249881902468,0.9182682371343067,1.1098125450884894e-10
13,472,Unseen,0.934578739978611,0.8114685105804876,2.0944881270923008e-10
13,474,Unseen,0.9105802465948307,0.7821509385853216,2.724258142116357e-10
13,475,Seen,0.9301812120263461,0.806233229867065,1.3520831157651007e-10
13,477,Unseen,0.85512435998982,0.6858217734583476,1.5848281511705434e-10
13,478,Unseen,0.8889392458634507,0.7434098613059952,2.2451048649601047e-10
13,481,Seen,0.9429136365601822,0.7423628051633107,1.645620961777475e-10
13,482,Seen,0.9141200158982333,0.7580686473035779,1.388201079096744e-10
13,484,Seen,0.9116633512997118,0.7318922437364654,2.18619016111362e-10
13,486,Unseen,0.8929234697537178,0.7612098157316315,1.7645495288704562e-10
13,487,Unseen,0.8938868631582226,0.7287510753084121,1.1437420221487912e-10
13,488,Unseen,0.943895223284677,0.7360804683072035,1.2778162282835742e-10
13,489,Unseen,0.902536033501299,0.7779627140145836,7.75229381940712e-11
13,490,Unseen,0.8551419956468126,0.6763982681741869,1.4208629910731326e-10
13,492,Unseen,0.9199501172785993,0.810421454437803,2.216833337699208e-10
13,493,Unseen,0.9196232132797926,0.745503973591364,5.366756687020506e-11
13,495,Seen,0.949447388442265,0.7727274333011609,2.235773311183027e-10
13,496,Seen,0.9441212230501269,0.835550801862231,1.7836750221167143e-10
13,497,Seen,0.9008066725588569,0.730845187593781,1.5937684038883936e-10
13,498,Seen,0.9325580828238165,0.8072802860097495,2.1512150058617608e-10
13,501,Unseen,0.9043657784066526,0.7706333210157921,1.4975134267876713e-10
13,502,Unseen,0.9435245618546314,0.8701036545708196,6.875144867561697e-11
13,504,Unseen,0.9307133702900532,0.7999508930109579,1.814997935627568e-10
13,506,Unseen,0.9339158889991768,0.8009979491536425,6.758384345431222e-11
13,507,Unseen,0.931494983923404,0.7444569174486795,1.4853042465559767e-10
13,508,Unseen,0.9181692035160076,0.6606924260339193,1.542126149891534e-10
13,511,Unseen,0.9110052910918087,0.7528333665901555,2.7027965839283755e-10
13,512,Unseen,0.9433113144047225,0.7748215455865302,2.156784935885272e-10
13,514,Unseen,0.9369615502321657,0.7884332754414285,1.504910748711936e-10
13,515,Seen,0.9175944572002541,0.682680605030294,2.6017797540937474e-10
13,516,Seen,0.9394927958226279,0.7570215911608936,2.241526693352018e-10
13,517,Seen,0.9752095080148622,0.8564919247159211,1.9161104169097615e-10
13,520,Seen,0.9116787973381449,0.6743041558888181,2.752490348215503e-10
13,521,Unseen,0.9283270374474047,0.7308451875937811,2.3421543769365403e-10
13,522,Unseen,0.8990674296232903,0.7455039735913639,1.925832317322859e-10
13,523,Seen,0.9242389721155503,0.762256871874316,5.674440061694576e-11
13,525,Seen,0.8891996936775391,0.7036217278839839,1.7300324978719559e-10
13,526,Seen,0.9004386546093063,0.7235157945949895,1.838575955468096e-10
13,527,Unseen,0.9053614686944088,0.7706333210157922,1.2796388148728672e-10
13,528,Unseen,0.8859782502475463,0.7475980858767329,7.28740881944065e-11
13,531,Unseen,0.9265024584997313,0.7580686473035779,5.906176489318878e-11
13,533,Seen,0.9398981003147425,0.7863391631560596,2.418979152890434e-10
13,535,Seen,0.9239939639758322,0.7256099068803585,2.0669543411749122e-10
13,536,Seen,0.9139355137968119,0.716186401596198,1.9189225415647842e-10
13,537,Unseen,0.9447992093754377,0.8617272054293436,7.464331865715442e-11
13,538,Seen,0.9226021656915335,0.6743041558888179,2.8432357070888405e-10
13,541,Seen,0.9252991397333816,0.7350334121645191,1.8191242090044583e-10
13,542,Unseen,0.8561653855642367,0.6858217734583475,9.582089745733045e-11
13,544,Seen,0.9283662154417015,0.8114685105804876,1.695261113278128e-10
13,545,Unseen,0.8893721435149279,0.7067628963120375,1.54026752204895e-10
13,546,Unseen,0.8987216474535629,0.739221636735257,1.3816664619306418e-10
13,548,Unseen,0.9112745424053448,0.764350984159685,1.6945948257975112e-10
13,550,Unseen,0.9278757109037293,0.7224687384523052,2.363743267969801e-10
13,551,Seen,0.918627540581379,0.7748215455865299,8.897429742734175e-11
13,553,Unseen,0.9297359282835124,0.8114685105804875,1.196401374627564e-10
13,554,Seen,0.9304987961191133,0.7371275244498879,2.2372348206159276e-10
13,555,Seen,0.9382387163133333,0.728751075308412,2.2851424721503883e-10
13,557,Seen,0.9274524590865182,0.735033412164519,1.4443913607758322e-10
13,558,Unseen,0.963622627852907,0.7999508930109581,3.037825788115727e-10
13,559,Unseen,0.9377234336269289,0.7622568718743161,2.662319074995305e-10
13,561,Unseen,0.9177553456967111,0.7591157034462626,8.344313493974894e-11
13,562,Seen,0.9118280131892363,0.728751075308412,1.4971413085157426e-10
13,563,Unseen,0.9166627017649506,0.789480331584113,1.3841122968182507e-10
13,566,Seen,0.9209357815891579,0.799950893010958,1.6102179144481067e-10
13,567,Unseen,0.9152473243179763,0.7842450508706905,6.070445424042044e-11
13,569,Seen,0.9475743275689403,0.764350984159685,1.69135479573753e-10
13,570,Unseen,0.9284407539747966,0.848115475574445,9.054883906648699e-11
13,571,Unseen,0.9540603257537358,0.7099040647400912,2.674621288823736e-10
13,575,Unseen,0.9312230449530893,0.7308451875937813,2.339944929026408e-10
13,576,Unseen,0.9178679943400608,0.751786310447471,2.5359885119135e-10
13,577,Seen,0.9258925664739917,0.8083273421524341,2.0884944631089677e-10
13,578,Seen,0.9278507868849644,0.7664450964450541,2.1952826179212285e-10
13,580,Seen,0.9207447252151495,0.7779627140145836,2.1722814866748215e-10
13,581,Unseen,0.9332721813273507,0.7790097701572679,1.3848847541936417e-10
13,582,Seen,0.9417974438139475,0.6900099980290856,2.6155235948765214e-10
13,583,Unseen,0.9093386622172194,0.7078099524547221,1.4604056653070414e-10
13,585,Unseen,0.9351608244704659,0.755974535018209,1.55983741687146e-10
13,587,Unseen,0.9539128404893163,0.8303155211488085,1.8099163578825091e-10
13,588,Unseen,0.9560349315176504,0.8439272510037069,1.358247579377097e-10
13,589,Seen,0.9229655752234595,0.8669624861427662,1.4356767411489297e-10
13,591,Seen,0.952216918603922,0.7905273877267975,1.9674481074254968e-10
13,593,Unseen,0.9525435758692525,0.8575389808586057,6.111141346022465e-11
13,594,Unseen,0.9202028241653777,0.7193275700242514,1.4144206526639036e-10
13,596,Unseen,0.9740186847427685,0.9245505739904135,9.540810030423837e-11
14,0,Unseen,0.9791734886771822,0.7947156122975356,4.0102658203598487e-11
14,1,Unseen,0.9803684105614985,0.8083273421524342,3.700068406060731e-11
14,2,Unseen,0.9809157224309214,0.9308329108465206,1.921941390781948e-11
14,3,Unseen,0.9733458695815533,0.8177508474365945,3.2839701285355864e-11
14,6,Unseen,0.9695496503282142,0.8512566440024986,2.793317121726956e-11
14,8,Unseen,0.9800063884569346,0.8198449597219635,2.98030055175367e-11
14,9,Unseen,0.9752360583473475,0.7193275700242514,4.293922252113453e-11
14,10,Unseen,0.9819784726480435,0.8481154755744451,3.3007750138862394e-11
14,12,Unseen,0.9810464393729076,0.8732448229988732,2.861797047713864e-11
14,15,Unseen,0.9766551730988141,0.8617272054293437,3.1472778666008616e-11
14,16,Unseen,0.9828510662388276,0.8952330019952476,2.840192458051475e-11
14,17,Unseen,0.97815464544734,0.77482154558653,5.873572989979198e-11
14,19,Unseen,0.9807044597977181,0.8114685105804875,4.8186751491458364e-11
14,21,Unseen,0.9765005593095271,0.7277040191657276,5.2305407094885665e-11
14,22,Unseen,0.9788147858099775,0.8261272965780705,4.0642636628712096e-11
14,23,Unseen,0.9711295670069257,0.8428801948610227,4.556174448774361e-11
14,24,Unseen,0.9794499324313082,0.8533507562878675,3.8493502630802507e-11
14,26,Unseen,0.9757200325279584,0.7852921070133749,5.200294292327102e-11
14,28,Seen,0.9863915286772557,0.9528210898428953,2.816613760774298e-11
14,29,Unseen,0.9792620857067201,0.7968097245829044,4.299899921439172e-11
14,31,Seen,0.9814495248893529,0.9360681915599431,2.8831580817250574e-11
14,32,Unseen,0.9783901187116777,0.7434098613059951,4.777848806523229e-11
14,33,Unseen,0.977110596358461,0.8376449141476001,2.9031105860154905e-11
14,35,Unseen,0.9789161194923702,0.728751075308412,4.030247661008722e-11
14,36,Unseen,0.9795911893556755,0.7947156122975356,3.334769628490912e-11
14,38,Unseen,0.9820999781704011,0.8575389808586056,3.6643939371825597e-11
14,40,Unseen,0.9788601706424834,0.8931388897098785,3.93029143375956e-11
14,41,Unseen,0.9843934156253126,0.8690565984281351,3.63370368221621e-11
14,44,Unseen,0.9849238319687138,0.7842450508706907,3.7733469443185124e-11
14,45,Unseen,0.9788848433112968,0.7214216823096206,5.0694630047672156e-11
14,46,Unseen,0.9793174728113969,0.7633039280170004,5.318736312507545e-11
14,47,Unseen,0.9816309281097138,0.799950893010958,3.8199779764369257e-11
14,50,Unseen,0.9814377501475805,0.8491625317171296,3.9571229222205176e-11
14,51,Unseen,0.9760945350584653,0.8093743982951186,4.476851984790927e-11
14,52,Unseen,0.9767418083463614,0.902562394994039,3.263798388789156e-11
14,53,Unseen,0.9772111888552546,0.8858094967110871,3.823813826587722e-11
14,54,Unseen,0.9785608986649672,0.8774330475696109,3.1904162204422476e-11
14,55,Seen,0.9829720834352438,0.8303155211488087,3.516338534339717e-11
14,56,Unseen,0.9778923739926909,0.8418331387183381,4.873067972588347e-11
14,57,Unseen,0.9775508895478026,0.8533507562878675,3.895894677316522e-10
14,60,Unseen,0.9857127810938838,0.8847624405684025,3.098665129956425e-11
14,61,Seen,0.9789846039396195,0.9046565072794082,3.0024298731785636e-11
14,62,Unseen,0.9764350999013923,0.8156567351512257,4.203632348384104e-11
14,64,Unseen,0.9783968592895633,0.7957626684402199,4.359606401473765e-11
14,66,Unseen,0.9786624964871413,0.8030920614390118,3.8840510685190145e-11
14,67,Unseen,0.9817716867774776,0.8742918791415577,3.489609937760897e-11
14,68,Unseen,0.9835981703774561,0.8250802404353861,4.217405927253888e-11
14,69,Unseen,0.9808290876009285,0.9350211354172585,3.671184208027954e-11
14,72,Unseen,0.9865133381262571,0.8816212721403491,3.815213335381349e-11
14,74,Unseen,0.9819642516262169,0.9036094511367235,5.6446412589807274e-11
14,75,Unseen,0.9838134887659851,0.9622445951270557,3.5400421645300384e-11
14,77,Unseen,0.9807859219222214,0.860680149286659,5.725100270440348e-11
14,78,Unseen,0.9826573683043919,0.9025623949940392,4.411501631818391e-11
14,79,Unseen,0.9824349510330249,0.9842327741234302,2.8443561044442293e-11
14,80,Unseen,0.9855484506507863,0.8240331842927014,4.523274385123093e-11
14,82,Unseen,0.9813997019185963,0.8083273421524342,5.364898031625415e-11
14,84,Unseen,0.9800315406273415,0.8931388897098785,3.436257875081937e-11
14,85,Unseen,0.9861932701505588,0.9936562794075907,2.1961694232029012e-10
14,86,Unseen,0.9880210016385648,0.9161741248489375,4.711068819443751e-11
14,88,Unseen,0.9832210486507096,0.9130329564208842,3.6044443649053295e-11
14,90,Unseen,0.9825546585823159,0.9098917879928304,1.967915117088966e-10
14,91,Unseen,0.9829893604062043,0.8282214088634396,5.3359322696298836e-11
14,92,Seen,0.986182012902298,0.9015153388513546,4.036016597766088e-11
14,94,Unseen,0.9880960912662884,1.0271620759734947,3.4155880011512094e-11
14,96,Unseen,0.9812753250688646,0.9235035178477291,4.146908506519946e-11
14,97,Unseen,0.9785426900280065,0.9214094055623602,4.4990524857185546e-11
14,98,Unseen,0.9804437299033357,0.8983741704233011,3.959867222593e-11
14,99,Unseen,0.9807213134227477,0.8742918791415577,4.83916621956509e-11
14,102,Unseen,0.9795248737028417,0.8512566440024985,5.447864326987418e-11
14,104,Unseen,0.9830573870253224,0.9957503916929596,3.857066703230389e-11
14,105,Unseen,0.9815170358516041,0.8271743527207549,5.160354167170906e-11
14,106,Unseen,0.9803147906366615,0.85858603700129,5.82185856437538e-11
14,108,Unseen,0.9863763276189015,0.8428801948610224,4.752995220033039e-11
14,110,Seen,0.9830261455076473,0.9967974478356441,3.7741190855820616e-11
14,112,Unseen,0.9810286961138102,0.8135626228658565,5.6534549314193964e-11
14,113,Unseen,0.9873798484727409,0.8575389808586056,4.6041606885799775e-11
14,115,Unseen,0.9816215201546874,0.8701036545708195,5.597195271134842e-11
14,117,Unseen,0.9799396680251086,0.8753389352842421,5.860374668513285e-11
14,118,Unseen,0.9744291006925944,0.8742918791415576,5.798920931370955e-11
14,119,Unseen,0.9795632157359352,0.8386919702902845,6.312798091580152e-11
14,122,Seen,0.9846959883395373,0.8669624861427662,3.4255450625404006e-11
14,123,Unseen,0.9841357254376147,0.8533507562878676,3.4778182502670426e-11
14,124,Unseen,0.9689367956255499,0.7193275700242514,7.714343657548008e-11
14,125,Seen,0.9818577813352367,0.8261272965780706,4.974355798508601e-11
14,127,Seen,0.973879046939132,0.8701036545708195,4.3202419543724025e-11
14,128,Seen,0.9796272734235567,0.9339740792745742,3.924131284034109e-11
14,129,Seen,0.9848761522977342,0.869056598428135,3.560464051212255e-11
14,130,Unseen,0.9863820642449067,0.7758686017292145,6.466408196204675e-11
14,132,Seen,0.9836441628141805,0.8313625772914931,3.8964407336019e-11
14,134,Seen,0.9785069342351138,0.7737744894438455,5.3326187852779165e-11
14,136,Seen,0.9782241337923017,0.8470684194317606,4.696063143218786e-11
14,137,Seen,0.9835505706662908,0.8847624405684026,3.226205392260359e-11
14,139,Seen,0.9821358070597598,0.9496799214148417,4.99122001242907e-11
14,140,Seen,0.9642549058723808,0.8816212721403491,5.409036240065423e-11
14,141,Unseen,0.9722960764047712,0.9172211809916221,5.619246730795243e-11
14,143,Seen,0.9655988892487618,0.841833138718338,2.7495834329445157e-10
14,145,Seen,0.9815776073789589,0.9119859002781997,3.824247678396935e-11
14,146,Seen,0.9820170798256247,0.7978567807255891,5.3013585948558144e-11
14,147,Seen,0.9805118997922336,0.8261272965780706,4.200354235070366e-11
14,149,Seen,0.9736224438350211,0.9276917424184671,3.695780554111615e-11
14,151,Unseen,0.9750909617540363,0.8470684194317605,6.174654774210807e-11
14,153,Unseen,0.971483653968762,0.8617272054293436,5.838774909839507e-10
14,154,Unseen,0.9796656703459354,0.672210043603449,2.513113975607323e-10
14,155,Seen,0.9807299241268723,0.9224564617050446,3.616719457906494e-11
14,156,Seen,0.982749935338996,0.9193152932769912,3.9206080045760683e-11
14,157,Seen,0.9760471016764282,0.9245505739904136,4.128977623700052e-11
14,158,Seen,0.9774831591158774,0.6931511664571391,2.51184136187958e-10
14,159,Seen,0.9756244715758907,0.81670379129391,5.2708659858350005e-11
14,162,Seen,0.9834225449125057,0.9748092688392697,2.5043631757706366e-10
14,163,Unseen,0.981087214183881,0.7674921525877386,5.275457745562143e-10
14,164,Seen,0.9803978623027442,0.9789974934100075,4.37948282927844e-11
14,165,Unseen,0.9739069671964496,0.8386919702902844,5.7425145068198984e-11
14,168,Unseen,0.9848589116902581,0.9036094511367236,5.322293078347065e-10
14,169,Seen,0.9773777605217951,0.850209587859814,4.467473996474447e-11
14,170,Unseen,0.9787160283441255,0.8952330019952476,5.92246015679241e-11
14,172,Unseen,0.9752013615609462,0.8784801037122956,6.564779301028982e-11
14,174,Unseen,0.9832240533465032,0.8334566895768621,2.9747824853476866e-10
14,177,Unseen,0.9742813901114356,0.8407860825756536,5.383001751465608e-11
14,178,Unseen,0.9729826189479571,0.9130329564208842,3.373213237821917e-11
14,179,Unseen,0.9681603138856045,0.7821509385853215,5.896266370475358e-11
14,180,Unseen,0.9786632153968261,0.8365978580049155,4.921532646997902e-10
14,182,Seen,0.9810250816702933,0.8093743982951187,3.591599383731051e-11
14,183,Seen,0.9826205782864634,0.797856780725589,3.6163673132720646e-11
14,185,Seen,0.9802281389466082,0.869056598428135,3.535150806380397e-11
14,186,Seen,0.9761022288230505,0.835550801862231,2.9057778592898097e-11
14,188,Seen,0.9809794226035443,0.8072802860097497,2.8247559799483765e-11
14,189,Seen,0.9773562556196463,0.802045005296327,3.813734114027486e-11
14,191,Seen,0.9772393424847399,0.9015153388513546,3.711679266559601e-11
14,193,Seen,0.9776682527122686,0.7674921525877385,3.918548777286897e-11
14,194,Seen,0.9789480326925423,0.7926215000121665,3.9157973238487244e-11
14,196,Seen,0.9747399110015804,0.8345037457195466,3.6032794558785036e-11
14,197,Seen,0.9777409356906008,0.8303155211488087,3.036267403987326e-11
14,198,Seen,0.978209607773658,0.8533507562878676,2.3250097303829175e-10
14,201,Unseen,0.9730052525446291,0.8407860825756535,3.762009131716556e-11
14,202,Seen,0.9663981007631866,0.7968097245829044,3.3366985813189085e-10
14,203,Unseen,0.9594974077875665,0.8543978124305521,9.722683404106294e-11
14,205,Unseen,0.9605628450409354,0.7674921525877385,2.2668392089730594e-10
14,206,Seen,0.9608286793077617,0.7989038368682735,2.548688114398212e-10
14,207,Unseen,0.9715004886821108,0.7444569174486796,2.0037602717898873e-10
14,209,Unseen,0.9732051254840502,0.8386919702902846,2.0604127643006685e-10
14,211,Seen,0.9717084545819719,0.7873862192987439,4.518534666056623e-10
14,212,Seen,0.9655805890526109,0.7486451420194176,3.229417634715129e-10
14,213,Seen,0.9807572595971019,0.8533507562878675,3.6175262697094315e-11
14,214,Seen,0.984486804654828,0.8418331387183381,4.542329557755916e-11
14,216,Unseen,0.9728981870227178,0.6387042470375449,2.6091209462281237e-10
14,218,Seen,0.9739329713626029,0.8198449597219635,3.5803067551472375e-10
14,220,Unseen,0.965348237331922,0.7863391631560597,3.39200426624966e-10
14,221,Unseen,0.981547916203311,0.8386919702902846,5.4235497944343234e-11
14,222,Seen,0.976449989937928,0.8910447774245095,3.7463046438435904e-11
14,225,Seen,0.9666338066581259,0.7989038368682736,3.2500748262210644e-10
14,226,Seen,0.9714489475303383,0.7695862648731074,2.458051426378342e-10
14,227,Seen,0.9740516717193684,0.6565042014631817,2.501371186349313e-10
14,228,Seen,0.9745820968217936,0.8481154755744451,6.657553221805353e-11
14,230,Seen,0.9772524030445153,0.854397812430552,3.1431438283890795e-11
14,231,Seen,0.9756753046796819,0.789480331584113,3.6702125139493637e-10
14,232,Unseen,0.9684946896415603,0.7119981770254601,2.0769776036837037e-10
14,235,Seen,0.9807268071064719,0.8009979491536428,4.052395462001986e-11
14,236,Seen,0.9708212829221226,0.7758686017292145,3.4134834310035257e-10
14,237,Seen,0.9795895264297833,0.8219390720073326,3.5949369061021864e-11
14,239,Unseen,0.9762929958014189,0.7308451875937811,2.3214666218152997e-10
14,240,Unseen,0.9822886792308909,0.7737744894438455,4.888826433310699e-10
14,242,Unseen,0.9816895584548745,0.8533507562878675,3.5343032535086333e-10
14,243,Seen,0.9859286328403312,0.9570093144136332,3.140607803415956e-11
14,245,Seen,0.9809745329790924,0.9297858547038361,3.940997983622853e-11
14,247,Seen,0.9828859121250615,0.9517740337002106,3.464011819775373e-11
14,249,Seen,0.9843446123581869,1.0104091776905428,3.257770730681623e-11
14,250,Unseen,0.9871044118736214,0.9276917424184672,4.308151395456161e-11
14,251,Unseen,0.9818428698465884,0.9109388441355152,3.27763563123124e-10
14,252,Seen,0.9800411011504409,0.9224564617050447,4.272837961964329e-11
14,253,Seen,0.9837456167772751,0.9182682371343066,4.174321034341425e-11
14,255,Unseen,0.9891536518312993,0.877433047569611,5.423652586470036e-11
14,257,Seen,0.98498058387459,0.8753389352842423,5.5112747591326514e-11
14,258,Seen,0.9775528435418693,0.7371275244498879,2.71034946297103e-10
14,259,Unseen,0.9828998288733771,0.8805742159976646,4.8192206618498044e-11
14,260,Unseen,0.9818206430440879,0.8879036089964562,4.356030983778655e-11
14,261,Unseen,0.986336370828801,0.8093743982951185,2.82601573379382e-10
14,264,Seen,0.9812827379452499,0.8460213632890762,4.5608111025222404e-11
14,265,Seen,0.976226835037529,0.8899977212818253,5.01156937808267e-11
14,267,Seen,0.9856140324902107,0.9371152477026278,4.718829358411048e-11
14,268,Seen,0.9812297925629982,0.7863391631560596,2.6966061000524624e-10
14,270,Seen,0.9822758840458629,0.9224564617050447,4.951908115294124e-11
14,272,Unseen,0.9851510084020586,0.8659154300000816,4.964841210915434e-11
14,273,Unseen,0.9790065707463379,0.787386219298744,4.574889708613831e-11
14,274,Unseen,0.9839577213412282,0.846021363289076,2.5051747582368945e-10
14,276,Unseen,0.9756362527391965,0.7224687384523052,2.446484834199339e-10
14,277,Unseen,0.9740048308934895,0.8931388897098786,7.689423221050266e-11
14,278,Unseen,0.9861925262725348,0.9538681459855797,8.322157247679996e-11
14,280,Unseen,0.9822306595229464,0.9716681004112161,3.304962264154637e-11
14,282,Seen,0.9804077425788927,0.9716681004112162,3.937249694788354e-11
14,285,Unseen,0.9771742313079493,0.864868373857397,4.814221583353988e-11
14,286,Unseen,0.980558523745879,0.8543978124305521,4.4411040461688394e-11
14,287,Seen,0.9759839402450871,0.9611975389843712,4.373909501913967e-11
14,289,Seen,0.9730237077174978,0.8428801948610226,2.583359104806162e-10
14,291,Unseen,0.9799285362263871,0.8690565984281351,2.387422467942118e-10
14,292,Unseen,0.9745008122595168,0.8093743982951186,3.766871307888405e-10
14,293,Unseen,0.9844238330972659,0.8282214088634396,1.8800206008806144e-10
14,296,Unseen,0.9777387544991336,0.9392093599879965,5.012674652776147e-11
14,297,Unseen,0.9725387585218391,0.8837153844257181,4.8358948358866126e-11
14,298,Seen,0.9751794529515531,0.8648683738573971,3.580497415656552e-10
14,299,Seen,0.9799193563400846,0.887903608996456,4.099687043475001e-11
14,300,Unseen,0.9690145228622081,0.7695862648731077,3.409282906653695e-11
14,301,Seen,0.977524116480488,0.726656963023043,3.387285787513486e-11
14,302,Seen,0.9695733807818454,0.7350334121645192,3.958413111183425e-11
14,305,Seen,0.9718546051368119,0.8114685105804875,2.3197886623430993e-10
14,306,Seen,0.9724763308713529,0.709904064740091,4.579387628485618e-11
14,308,Seen,0.9663817203019424,0.8104214544378031,2.6464891473033027e-10
14,309,Seen,0.9649312611086254,0.8732448229988731,3.073057674964119e-11
14,311,Seen,0.9569788518977526,0.808327342152434,1.467138170753538e-10
14,312,Unseen,0.9682024948195056,0.7863391631560595,3.597619777401643e-10
14,313,Seen,0.9531978077919429,0.71199817702546,2.452273339994377e-10
14,315,Unseen,0.9672788978257059,0.6753512120315024,2.1256585797515899e-10
14,317,Seen,0.9667830446007344,0.7790097701572681,2.0938369590124256e-10
14,318,Unseen,0.9657921493379603,0.8418331387183382,2.1663443402255093e-10
14,321,Seen,0.9737381764759413,0.7748215455865299,2.5531243749343195e-10
14,322,Unseen,0.9773188350642101,0.7570215911608936,1.695727085450198e-10
14,323,Seen,0.967893322099518,0.6575512576058661,3.8563698131690686e-10
14,324,Unseen,0.9715957362574364,0.8554448685732366,4.9563546326749615e-11
14,325,Seen,0.9820506150593922,0.8983741704233011,2.8029107264966097e-11
14,328,Unseen,0.95813898139622,0.8261272965780705,3.4507660854843834e-10
14,329,Unseen,0.9709182442298302,0.783197994728006,2.9909510351980263e-10
14,332,Seen,0.9854324950664817,0.8365978580049155,2.309283777410593e-10
14,333,Seen,0.9845624585316783,0.8920918335671941,2.8744463701719874e-10
14,334,Seen,0.9857790382927358,0.9643387074124247,2.2901519050325193e-10
14,335,Seen,0.9887325614570115,0.8659154300000816,5.606314933958681e-11
14,337,Unseen,0.9805316600497432,0.7769156578718991,9.233215171686476e-11
14,338,Seen,0.9853595095437874,0.8784801037122958,5.662309535855115e-11
14,339,Seen,0.9887557374409229,0.9947033355502753,4.389423310649173e-11
14,341,Unseen,0.975553549089476,0.8973271142806167,6.184234117404235e-11
14,343,Seen,0.9865094106832248,0.8931388897098786,2.50794409056327e-10
14,344,Seen,0.9806192496054612,0.9224564617050447,2.0093998565870053e-10
14,345,Unseen,0.9839771825976014,0.8156567351512257,2.258503730026417e-10
14,346,Unseen,0.9810567594644849,0.9036094511367236,1.6721680911169102e-10
14,348,Unseen,0.9886496433992906,0.9140800125635687,1.2371669898402032e-10
14,349,Unseen,0.9822253543815322,0.9727151565539006,7.816788452401015e-11
14,350,Seen,0.9872881058055366,0.9789974934100077,4.657328254848212e-11
14,352,Unseen,0.9841053171512507,0.8816212721403492,2.2701118526554147e-10
14,354,Unseen,0.986201486672851,0.9151270687062533,5.558771760377787e-11
14,356,Unseen,0.9847437932605508,1.0062209531198048,4.013077943185785e-11
14,357,Unseen,0.9788785368248709,0.908844731850146,5.728345501788246e-11
14,358,Seen,0.9782649243245242,0.9831857179807456,5.723246436701976e-10
14,360,Unseen,0.9869350459880873,0.9224564617050446,3.99841131235026e-11
14,361,Seen,0.9867442511616036,0.8135626228658565,5.854588593527443e-11
14,362,Unseen,0.9820977258150848,0.7936685561548511,4.985464473433072e-11
14,363,Seen,0.9894148631859051,0.9507269775575262,3.775982479187785e-11
14,366,Seen,0.9868694156827149,0.9392093599879966,4.637557211339636e-11
14,367,Seen,0.9807043539195625,0.9507269775575262,5.686406912146128e-11
14,368,Seen,0.9825310593675457,0.9580563705563176,3.8965441929054426e-11
14,370,Unseen,0.9789775455141736,0.9339740792745742,5.009227618826916e-11
14,372,Seen,0.9854932831134803,0.9465387529867884,3.476674999855331e-11
14,373,Unseen,0.9805340359657332,0.877433047569611,5.227194474159529e-11
14,374,Seen,0.9873502288694638,0.9109388441355153,3.446666624884615e-11
14,376,Seen,0.9842030129434172,0.8952330019952477,4.508162484163692e-11
14,378,Unseen,0.9856778450586476,0.8345037457195466,5.268012321714121e-11
14,379,Seen,0.9766493642913633,0.9025623949940391,6.054689503180823e-11
14,380,Unseen,0.9787596490242075,0.8952330019952475,8.218126533128017e-11
14,382,Seen,0.9801162324381534,0.9130329564208843,2.555992534060675e-10
14,385,Unseen,0.9753234509286572,0.9088447318501461,2.619603187151222e-10
14,387,Seen,0.9792629863372297,0.8355508018622311,4.359283648023752e-11
14,388,Seen,0.9823217083812202,0.9140800125635687,2.0835379207699803e-10
14,389,Unseen,0.9731969893478499,0.9371152477026277,4.5039677987128496e-11
14,391,Seen,0.9739207173017925,0.8742918791415576,4.028767775421983e-10
14,392,Seen,0.9785122130079347,0.9287387985611516,4.076887506933728e-10
14,393,Unseen,0.9810440243062224,0.8973271142806165,3.091907850425111e-10
14,394,Seen,0.9775230717741749,0.822986128150017,3.9934614823508106e-10
14,397,Seen,0.9762996304030388,0.8784801037122955,2.668035404300005e-10
14,398,Unseen,0.9763667807372494,0.8428801948610227,3.0092909947943543e-10
14,399,Unseen,0.9703452177354639,0.7790097701572679,3.838641142496875e-10
14,401,Unseen,0.957936694708983,0.7873862192987441,3.207265782088277e-10
14,402,Seen,0.9678660059026124,0.8512566440024986,2.864114129089052e-10
14,404,Seen,0.964740167471614,0.7329392998791501,3.2887980471990363e-10
14,405,Seen,0.9699395581896819,0.8240331842927016,2.7996816307272145e-10
14,406,Unseen,0.9813640754020604,0.850209587859814,4.181665167620383e-11
14,408,Seen,0.9739263145104696,0.8638213177147126,3.9245656867141867e-10
14,409,Unseen,0.9842759838247401,0.9350211354172586,3.4295380185750375e-11
14,411,Seen,0.9700028366661201,0.8104214544378031,2.7274323026399784e-10
14,412,Unseen,0.9666460245100086,0.8899977212818251,3.6035419820817924e-10
14,415,Unseen,0.9763501371344185,0.7706333210157922,6.956729069801155e-11
14,416,Seen,0.9734386065733807,0.841833138718338,2.349097749108604e-10
14,417,Seen,0.9776455510570586,0.904656507279408,3.358193977406099e-10
14,419,Seen,0.968607324305055,0.619857236469224,2.5866129457007794e-10
14,420,Unseen,0.9710581315869738,0.6784923804595561,5.343016488080899e-10
14,421,Unseen,0.9811151627255368,0.8847624405684027,3.5196996934561364e-10
14,423,Seen,0.976627306978285,0.8659154300000818,1.8014009656731796e-10
14,425,Seen,0.9792887733359715,0.7580686473035779,3.264598530004001e-10
14,426,Unseen,0.977067332699721,0.804139117581696,5.3859086323354884e-11
14,428,Unseen,0.9843227306807015,0.904656507279408,4.4671603980624904e-10
14,430,Unseen,0.9830772526227409,0.9392093599879968,3.1745833027304966e-11
14,431,Seen,0.9838288632205522,0.7716803771584765,2.4318869592261703e-10
14,432,Unseen,0.9842299199678827,0.8868565528537716,2.5725560789784708e-11
14,433,Seen,0.9839157008846072,0.8858094967110871,1.7437867803524216e-10
14,435,Seen,0.9823315321320655,0.9454916968441036,2.7129871924432385e-10
14,436,Unseen,0.9856473072871162,0.877433047569611,2.9036641365153676e-11
14,438,Unseen,0.9782306528690304,0.9297858547038362,2.9268295719303887e-10
14,439,Unseen,0.9815846890569175,0.8910447774245097,4.219359441008438e-11
14,440,Seen,0.9866985110083821,0.8470684194317605,5.059589193765235e-11
14,443,Seen,0.9856339207427992,0.79576266844022,4.301379009575272e-11
14,444,Seen,0.9856630412640095,0.902562394994039,3.6979747374534716e-11
14,447,Seen,0.9860277111495558,0.7695862648731076,3.122632819927086e-10
14,448,Seen,0.975564922643472,0.8512566440024986,2.270222461884469e-10
14,449,Seen,0.9857744522675781,0.9297858547038362,4.626771614028464e-11
14,450,Unseen,0.9842977982687212,0.9266446862757827,6.05069994429036e-11
14,451,Unseen,0.980294953909303,0.8198449597219636,5.833106864143225e-11
14,452,Unseen,0.977196537593739,0.8774330475696112,4.6988854885521185e-11
14,455,Unseen,0.9829090730435316,0.869056598428135,3.002053191177685e-10
14,456,Seen,0.9790810564800297,0.8523037001451831,3.7279800345895606e-10
14,458,Unseen,0.9811227748467187,0.8208920158646482,2.21972377653141e-10
14,460,Unseen,0.9750819189168076,0.8617272054293437,2.9609066954419473e-10
14,461,Seen,0.980766161338657,0.8858094967110872,2.5062741121240155e-10
14,463,Unseen,0.9753830109574618,0.7444569174486796,1.9006572436904258e-10
14,464,Seen,0.9812389890414188,0.9350211354172587,2.5103800433941625e-10
14,465,Unseen,0.9657648924311358,0.8303155211488086,2.2949005865508778e-10
14,466,Unseen,0.9802966621552899,0.8837153844257181,4.164127932005431e-11
14,468,Unseen,0.976772446980313,0.9214094055623602,5.4626637425850054e-11
14,469,Seen,0.969727580048004,0.8920918335671941,3.2798533706073606e-10
14,470,Seen,0.9796969893310346,0.869056598428135,3.3650724599083715e-10
14,471,Unseen,0.9716773671839306,0.8449743071463915,2.692395012650482e-10
14,475,Seen,0.9801248648302721,0.8418331387183381,2.728830206319482e-10
14,476,Unseen,0.9829026493869015,0.8721977668561887,2.9301315875746736e-10
14,477,Unseen,0.9856380050043573,0.9193152932769911,3.7936083919077905e-11
14,479,Unseen,0.9836305987813226,0.8973271142806166,3.9621937664269505e-11
14,480,Unseen,0.9685053675153571,0.8627742615720281,5.383518865130914e-10
14,482,Unseen,0.9605718895314733,0.8324096334341776,4.803913794103133e-10
14,484,Unseen,0.9745288423341926,0.8481154755744451,4.76546645169631e-11
14,485,Unseen,0.9680944276244329,0.7465510297340485,5.7235525455907615e-11
14,486,Seen,0.9832416005214866,0.9580563705563176,2.4453571878996082e-11
14,487,Unseen,0.9675924148607236,0.8721977668561887,3.705881994576705e-10
14,489,Unseen,0.963291936809718,0.7287510753084121,6.286516442122684e-10
14,491,Unseen,0.9652020845401665,0.8449743071463914,7.847281763690719e-10
14,492,Seen,0.9783322807685225,0.8889506651391407,3.7992974456336227e-10
14,493,Seen,0.9791259468066077,0.8512566440024986,4.0205754039722677e-10
14,495,Unseen,0.9817610602130074,0.8407860825756536,5.2454082543378326e-11
14,496,Unseen,0.9809528392823919,0.9559622582709486,4.8588672083925486e-11
14,498,Seen,0.9807639224560675,0.8617272054293434,4.0303253789999454e-11
14,499,Unseen,0.9635440550826109,0.8219390720073324,2.656813792026015e-10
14,501,Seen,0.9762745297826224,0.9119859002781996,4.6528933165628504e-11
14,503,Unseen,0.9673937228461723,0.908844731850146,5.221880849566311e-11
14,504,Unseen,0.9595368715898266,0.9245505739904135,5.1805665653742124e-11
14,506,Unseen,0.9528545553113501,0.6889629418864012,4.0249886881953565e-10
14,508,Unseen,0.9662868717443565,0.8732448229988731,3.2535566080809404e-10
14,509,Seen,0.977283028971936,0.8596330931439745,1.842587830015115e-10
14,510,Seen,0.9823352279924928,0.8564919247159211,3.556560144250086e-11
14,511,Seen,0.9761849528585741,0.8983741704233011,3.727321617310918e-11
14,513,Unseen,0.9727973818740184,0.8617272054293434,3.381757892051347e-10
14,515,Unseen,0.9801599479169851,0.8763859914269266,4.9010138776590385e-11
14,517,Seen,0.9839657543621213,0.799950893010958,3.932721060541255e-11
14,518,Unseen,0.9755422833550756,0.8554448685732365,3.0115507291288e-10
14,519,Seen,0.9808332609618425,0.8533507562878675,4.2877491002910504e-11
14,520,Seen,0.9827360012692238,0.8449743071463915,4.324322997034336e-11
14,522,Unseen,0.9738395677085225,0.8868565528537716,2.8693658247429337e-10
14,525,Unseen,0.9746331922629283,0.9161741248489376,5.025043259963148e-11
14,526,Seen,0.9756851812037995,0.8051861737243806,4.885292479360284e-11
14,527,Seen,0.9699069898934048,0.6973393910278769,3.7177893630700487e-10
14,529,Seen,0.96145507342155,0.8261272965780707,4.0536728584509565e-11
14,530,Unseen,0.97485703367664,0.8962800581379321,4.068487855872574e-10
14,532,Seen,0.9740960784604072,0.8208920158646481,3.4141708702064356e-10
14,533,Seen,0.9700990756982176,0.833456689576862,3.025410431467954e-10
14,535,Seen,0.9743923325451618,0.9193152932769911,3.719265628040608e-11
14,536,Seen,0.9741858088792159,0.9025623949940391,3.418571912210355e-11
14,537,Unseen,0.9739768155422153,0.9025623949940391,3.3406977711111046e-11
14,539,Seen,0.962938908925939,0.8365978580049155,5.7101714878257267e-11
14,540,Unseen,0.9840783283428605,1.0240209075454412,1.0169579003326873e-10
14,542,Seen,0.9738992246674175,0.8983741704233011,3.9739775017603685e-11
14,543,Seen,0.973789083741885,0.8428801948610227,3.1102285099810493e-10
14,544,Unseen,0.9794093877767093,0.908844731850146,3.39385558632521e-11
14,546,Unseen,0.9811082686638831,0.7748215455865299,6.714818603526289e-11
14,547,Unseen,0.9786420568214876,0.860680149286659,4.22474422280069e-11
14,548,Seen,0.9721074680102145,0.8460213632890761,4.5025399004067175e-11
14,549,Seen,0.9718494091668342,0.8858094967110871,4.7363797639782735e-11
14,552,Seen,0.9748506083202494,0.9109388441355151,4.437160095408987e-11
14,553,Seen,0.9762149463983563,0.860680149286659,4.205241438198881e-11
14,554,Seen,0.9768926636951758,0.8114685105804875,4.727761471856823e-11
14,555,Unseen,0.9677689962232107,0.908844731850146,2.5133670947639985e-10
14,559,Seen,0.9792408020788027,0.9004682827086702,2.9738881438054573e-10
14,561,Seen,0.9833680552280625,0.9559622582709487,5.5735409331029105e-11
14,562,Unseen,0.9777413437506524,0.8680095422854506,6.958767942534637e-11
14,563,Unseen,0.9790112926408048,0.9905151109795373,5.1874478186790434e-11
14,565,Unseen,0.9788709884829571,0.8564919247159213,4.3985657076294445e-10
14,566,Seen,0.9799821087886829,0.9182682371343066,5.873747153872499e-11
14,567,Unseen,0.977517320867528,0.8585860370012902,3.903390374065845e-10
14,569,Seen,0.984892023306538,0.9224564617050446,5.585609382789214e-11
14,570,Unseen,0.978430530920386,0.8910447774245097,5.78603645797817e-11
14,571,Unseen,0.9831074465586309,0.9549152021282642,4.5017643246963476e-11
14,572,Seen,0.9861636118826845,0.9371152477026277,2.5829471790914433e-10
14,575,Unseen,0.9808798843493286,0.9800445495526923,4.605655129825041e-10
14,576,Unseen,0.979358687402576,0.8386919702902846,3.0374658188998117e-10
14,578,Seen,0.9844978639041615,0.9748092688392698,3.5340482047266035e-11
14,580,Unseen,0.9796421280911074,0.9224564617050446,3.154296550805925e-10
14,581,Unseen,0.9765344990723589,0.8742918791415576,2.4150388204170257e-10
14,582,Seen,0.9857376763657982,0.9570093144136331,4.08820156886254e-11
14,583,Unseen,0.9807725222937451,1.0219267952600724,4.863428904950791e-11
14,585,Unseen,0.9845655268518224,0.7926215000121667,5.639478168019018e-11
14,587,Seen,0.9815993452263948,0.8721977668561887,4.6230899907946075e-11
14,588,Seen,0.9835711477534097,1.0062209531198048,3.802348062994283e-11
14,589,Unseen,0.9737850340637619,0.9046565072794082,2.6878618754648485e-10
14,590,Unseen,0.9808015343673996,0.9140800125635687,3.660491872640099e-11
14,592,Unseen,0.9828843851733347,0.839739026432969,4.9038407327288405e-11
14,594,Unseen,0.9785972888869787,0.8784801037122957,4.223210598874932e-11
14,595,Unseen,0.9737747124894922,0.862774261572028,5.538685020180943e-10
14,598,Seen,0.9830032515614539,0.9371152477026278,4.5281714805139634e-11
14,599,Seen,0.979604755948605,0.9350211354172586,4.615169050896449e-11
15,0,Unseen,0.9716219233595856,0.7486451420194175,1.5127673945178154e-11
15,1,Seen,0.969273415069917,0.8156567351512255,1.4655272243014454e-11
15,2,Seen,0.9720217158607325,0.5507515310520473,1.5062060894272235e-10
15,3,Seen,0.9680600759634131,0.8826683282830335,1.0533554919561347e-11
15,6,Seen,0.9720086345617042,0.841833138718338,2.3608862133469707e-11
15,7,Seen,0.9670392574145696,0.7936685561548511,1.963825784680417e-11
15,10,Seen,0.9752537417732056,0.8030920614390114,8.360014376739068e-11
15,11,Seen,0.9673413895319286,0.5811161591898978,5.680920910417212e-11
15,12,Seen,0.9653905719460157,0.8983741704233011,1.6832950062252503e-11
15,14,Seen,0.9761781782446651,0.9057035634220926,1.941594824871238e-11
15,16,Seen,0.9618041073652973,0.822986128150017,1.514112650159433e-10
15,17,Seen,0.9710710742532469,0.7664450964450539,1.3548255341399064e-10
15,19,Seen,0.9650223551001054,0.8041391175816959,1.1740086266774165e-10
15,20,Seen,0.9682896817407526,0.8093743982951186,5.2747683709681034e-11
15,21,Seen,0.9784800026154978,0.9266446862757826,8.378533674572154e-11
15,23,Seen,0.965682512597914,0.9622445951270557,4.557150630623804e-11
15,24,Seen,0.9708187682829909,0.7507392543047865,1.843121824329877e-10
15,26,Seen,0.9705578145072299,0.860680149286659,7.945204172614142e-11
15,28,Unseen,0.9762711264606241,0.8072802860097495,3.0208230162937686e-11
15,29,Seen,0.9728714566264391,0.848115475574445,2.446605410850929e-11
15,30,Seen,0.9716238472899993,0.8062332298670652,2.5776915504173624e-11
15,31,Seen,0.9701344556410909,0.8491625317171296,2.1481543907928416e-11
15,33,Seen,0.9641130716316665,0.8219390720073325,2.8968961978224347e-11
15,35,Seen,0.9489173974091448,0.791574443869482,9.531861067876855e-11
15,37,Seen,0.9707218472719542,0.8062332298670651,1.0609777440350781e-10
15,38,Unseen,0.972437226641489,0.875338935284242,2.8538032823208007e-11
15,39,Seen,0.9736766414705343,0.8585860370012902,3.7470320779591514e-11
15,41,Seen,0.9668954654047114,0.8072802860097494,2.6490461408388253e-11
15,43,Seen,0.96982461364013,0.9036094511367235,2.1955186497800298e-10
15,45,Seen,0.979554954647692,0.8617272054293434,1.8215534639148112e-10
15,46,Seen,0.9684698801485314,0.7214216823096207,1.4227100313887756e-10
15,47,Seen,0.9718435963349566,0.8428801948610226,1.335044252364357e-10
15,49,Seen,0.9594540601496095,0.661739482176604,9.575321300502378e-11
15,50,Seen,0.9658062235760156,0.8041391175816961,1.0036884807401958e-10
15,51,Seen,0.958541975336495,0.7025746717412997,1.5002217853959645e-10
15,53,Seen,0.9674863822541383,0.8072802860097494,5.8041311589819295e-11
15,55,Unseen,0.9570885520937005,0.8187979035792791,4.907186406184583e-11
15,56,Seen,0.9642667311419284,0.7214216823096206,1.175313027363947e-10
15,58,Seen,0.9705063664550845,0.8114685105804874,1.0429208986442081e-10
15,59,Seen,0.9720541703860964,0.8784801037122955,2.431852841073641e-11
15,60,Seen,0.9843540823024062,0.8554448685732365,2.2896235058784144e-10
15,62,Seen,0.975379933892641,0.764350984159685,2.0020743700904446e-11
15,63,Seen,0.9777721338238735,0.8491625317171296,9.153314145207993e-11
15,64,Seen,0.9789246381713866,0.9308329108465206,1.5946921063435973e-10
15,66,Seen,0.975309878067696,0.8659154300000816,9.049757689703071e-11
15,67,Seen,0.9779000921007046,0.8334566895768621,6.511558639504348e-11
15,70,Seen,0.9721560301422392,0.8072802860097498,1.0348349617825052e-10
15,71,Unseen,0.9699127315728153,0.787386219298744,3.085748080020939e-11
15,72,Unseen,0.973976297715786,0.8376449141476001,2.6348829060543977e-11
15,73,Unseen,0.9805911473907446,0.8208920158646481,2.6270562048866433e-11
15,75,Seen,0.9716625355022114,0.9559622582709486,1.8224576426470893e-11
15,77,Seen,0.9736167865340742,0.8292684650061241,1.7317728632874682e-10
15,79,Seen,0.9665095923568281,0.892091833567194,2.603595051786021e-10
15,80,Unseen,0.9780297135812478,0.827174352720755,2.7684314824841615e-11
15,82,Seen,0.9663510665253713,0.7863391631560597,2.1274171872606487e-10
15,83,Seen,0.9670926746204054,0.8407860825756536,1.1063411921780613e-10
15,84,Seen,0.9737675453639723,0.9601504828416868,2.6319753054169104e-11
15,85,Seen,0.9734777674751132,0.797856780725589,1.5356762160468416e-10
15,86,Seen,0.9759167666758138,0.8030920614390117,7.410180086240023e-11
15,88,Seen,0.9849194619486167,0.9214094055623603,2.261730442854646e-10
15,90,Unseen,0.9639581635111881,0.730845187593781,2.8247985151608024e-11
15,93,Seen,0.9668733330554928,0.7821509385853216,9.043422566317266e-11
15,94,Seen,0.9629652125094047,0.7318922437364654,1.226853545776995e-10
15,95,Seen,0.9559225050635474,0.8303155211488085,8.510178887115686e-11
15,97,Unseen,0.9594893758241388,0.75388042273284,2.953611157240015e-11
15,98,Seen,0.9617212653502848,0.7339863560218345,1.0277663249641942e-10
15,99,Unseen,0.9637042102864352,0.7130452331681446,2.35905902284186e-10
15,101,Seen,0.9631838385305588,0.7989038368682736,1.361479382186594e-10
15,102,Unseen,0.9586421618023073,0.8470684194317605,2.1601248223235056e-11
15,104,Seen,0.9681668080502359,0.6732570997461336,1.0592952215447258e-10
15,105,Seen,0.9645643823862136,0.7936685561548511,1.2557371372977097e-10
15,106,Unseen,0.9681602113267515,0.8889506651391407,5.7399053127782376e-11
15,108,Seen,0.9730543104163494,0.8470684194317605,1.4204495416146293e-10
15,110,Unseen,0.9501062438158392,0.7025746717412994,1.6677301602782746e-10
15,111,Seen,0.9617383244960204,0.8386919702902846,2.157599943878069e-11
15,112,Unseen,0.9640397191768812,0.8198449597219635,2.468183113305841e-11
15,114,Seen,0.9689733445360353,0.835550801862231,1.1895939354681565e-10
15,115,Seen,0.9669527078828654,0.7989038368682735,9.102124898189797e-11
15,116,Unseen,0.9655396434819388,0.8910447774245095,2.2203869492163503e-11
15,118,Unseen,0.9710716722390954,0.9193152932769911,1.7291373955464477e-11
15,121,Unseen,0.955434055837784,0.7287510753084119,1.749947061708022e-11
15,123,Seen,0.9592887736551393,0.6261395733253312,3.432784486330766e-11
15,124,Seen,0.9639233905322951,0.7423628051633105,1.184216111280938e-10
15,125,Seen,0.9647202238221508,0.7915744438694821,1.0315389910892796e-10
15,126,Seen,0.9712384043999562,0.9255976301330981,1.0118552550916139e-11
15,128,Seen,0.9690442446330193,0.7842450508706904,1.79919860964208e-11
15,129,Seen,0.963807661492631,0.7339863560218346,1.052935866525567e-10
15,130,Seen,0.9613668981263482,0.7109511208827758,9.684865996548638e-11
15,132,Seen,0.9470459311172065,0.7224687384523051,1.8694748498004078e-10
15,134,Seen,0.9599843086180582,0.8376449141476,2.2393121668664946e-11
15,136,Seen,0.9661240441703227,0.781103882442637,1.349072209531979e-10
15,137,Unseen,0.9561121490648984,0.7779627140145835,3.016898632484852e-11
15,138,Seen,0.9719217563752507,0.7067628963120379,1.2904178401461664e-10
15,140,Seen,0.9683817207787427,0.7329392998791502,8.275502113264704e-11
15,142,Seen,0.976198000844469,0.7245628507376739,4.2025724433708653e-10
15,143,Seen,0.9690911156792723,0.8114685105804874,2.0490650827863094e-11
15,144,Unseen,0.9655812262903055,0.8104214544378031,2.1613811287406072e-11
15,147,Seen,0.9821042836589294,0.9266446862757827,5.241052317745633e-11
15,148,Seen,0.9806931306180197,0.8030920614390117,3.187087359445559e-10
15,149,Seen,0.975535455974271,0.8187979035792791,2.1836463042037477e-10
15,150,Unseen,0.9700483334059511,0.887903608996456,3.301758774476766e-11
15,151,Seen,0.9753578607408321,0.7957626684402199,1.7868326031290207e-10
15,154,Seen,0.9677499521316083,0.8460213632890758,2.2067168602568294e-11
15,155,Unseen,0.9694023951801481,0.7695862648731077,2.931079907698436e-11
15,157,Seen,0.9889696975883769,1.0481031988271847,1.457439303988034e-10
15,159,Seen,0.9759985437647184,0.9947033355502752,3.691215335972228e-11
15,160,Unseen,0.9770692516104013,0.8407860825756536,2.495706627752503e-11
15,161,Seen,0.9485886485261654,0.676398268174187,2.7429091441455804e-10
15,163,Seen,0.970658230735045,0.7612098157316316,2.7825944346327007e-11
15,164,Seen,0.9718014224248028,0.6900099980290857,1.397688203209834e-10
15,166,Unseen,0.972250198535802,0.822986128150017,2.0885170193229603e-11
15,167,Unseen,0.9737292636104526,0.8324096334341775,2.936060309521114e-11
15,169,Seen,0.9750926348679693,0.7360804683072036,1.3393072319026763e-10
15,170,Seen,0.9701023713640489,0.9088447318501461,2.3130181731974237e-11
15,171,Seen,0.9748667938690229,0.8701036545708196,2.6333064804189928e-11
15,172,Seen,0.9715209610082118,0.643939527750968,1.7283546527007308e-10
15,174,Seen,0.9702521797670138,0.835550801862231,3.3185765293057614e-11
15,177,Unseen,0.9746000027534737,0.8826683282830338,2.7156116050146077e-11
15,178,Seen,0.97415571297285,0.822986128150017,1.550267859571372e-10
15,179,Seen,0.9626054019941546,0.831362577291493,1.301468316858034e-10
15,181,Seen,0.9699724291721614,0.7507392543047866,2.0170445350085005e-10
15,182,Seen,0.9679479745952692,0.7538804227328402,1.3272249151777772e-10
15,184,Seen,0.9645353165269437,0.789480331584113,1.8045820135506452e-11
15,185,Seen,0.9642140105792576,0.6219513487545933,2.3317501564573005e-10
15,186,Seen,0.9585924303379042,0.8208920158646481,1.0105376831609767e-10
15,188,Unseen,0.9611959986895138,0.8397390264329692,2.4569715026452466e-11
15,189,Unseen,0.9679893325832218,0.7695862648731074,2.9209644053982165e-11
15,191,Seen,0.9614728389463115,0.7685392087304231,5.464264679752454e-11
15,192,Unseen,0.9600671757151048,0.7643509841596852,2.2836232910892717e-11
15,195,Seen,0.97065533589083,0.7067628963120377,3.373781682898593e-11
15,196,Unseen,0.967207192959031,0.8742918791415576,1.9321232375106162e-11
15,197,Seen,0.9298201151574694,0.7266569630230431,1.3202496789470792e-10
15,200,Unseen,0.9653796224030408,0.8805742159976647,2.100977385203744e-11
15,201,Seen,0.9686356576437537,0.7706333210157923,2.6486207684577517e-11
15,202,Unseen,0.9705284281242593,0.8428801948610226,1.3326281784614195e-10
15,203,Seen,0.9756917359241428,0.9067506195647771,1.0060264199827558e-10
15,206,Seen,0.9734496484340687,0.7706333210157921,2.509504384014284e-11
15,207,Seen,0.9509924703119067,0.7434098613059951,1.021928902937486e-10
15,208,Seen,0.9709576601714041,0.6921041103144545,1.2501998117749107e-10
15,209,Unseen,0.9660767578046464,0.7339863560218344,4.011782445011192e-11
15,210,Seen,0.9719466577195642,0.7486451420194177,9.319977307884824e-11
15,212,Seen,0.9744568084855401,0.804139117581696,9.24083021874506e-11
15,213,Seen,0.9636477726133038,0.8763859914269266,7.023300831661132e-11
15,214,Seen,0.9667788112463306,0.8460213632890761,2.5287804500883813e-11
15,216,Seen,0.9578023200760053,0.9109388441355152,2.1731405167920155e-11
15,217,Seen,0.9724445799695073,0.8931388897098786,7.80243721329439e-11
15,218,Seen,0.9682753413204315,0.7831979947280059,1.0444835597475599e-10
15,220,Seen,0.9704094473564628,0.8009979491536424,1.9167071334389937e-10
15,222,Seen,0.9759536035052813,0.789480331584113,9.868783268800718e-11
15,225,Seen,0.9704647568370119,0.7277040191657277,1.1347117926825806e-10
15,226,Seen,0.9704894889252894,0.8009979491536425,2.7485739185932604e-11
15,227,Unseen,0.9726723287914305,0.9433975845587347,2.241054009012233e-11
15,230,Unseen,0.9652798460805089,0.8386919702902846,1.2918520769184208e-10
15,231,Unseen,0.9680136865408786,0.8889506651391407,1.683286013972692e-10
15,232,Seen,0.9647645701453458,0.8114685105804874,1.879539722121314e-10
15,233,Unseen,0.9738570418846242,0.9496799214148417,2.0858346586440476e-11
15,234,Seen,0.9724842404961669,0.7612098157316317,1.5446876282676367e-10
15,235,Seen,0.9775743592016937,0.9036094511367236,2.1299496935378398e-10
15,236,Seen,0.9751181524877859,0.7130452331681446,1.647175396622377e-10
15,239,Seen,0.9668768357461568,0.885809496711087,2.5961040858455154e-11
15,240,Unseen,0.9711164428200438,0.8250802404353861,3.608007612082754e-11
15,241,Unseen,0.9633980382999036,0.7653980403023694,3.423980923423443e-10
15,243,Unseen,0.952209230471491,0.8156567351512256,3.2625082659589916e-11
15,244,Seen,0.9664108031718558,0.6826806050302943,2.688505923884305e-10
15,246,Seen,0.9734112265137848,0.7109511208827756,2.4690237678582332e-11
15,247,Seen,0.9590795346798158,0.7078099524547219,2.0950804980848634e-10
15,250,Seen,0.96979657097989,0.8187979035792791,1.195367407772422e-10
15,251,Unseen,0.9713978189977583,0.7109511208827756,3.452086820151335e-10
15,252,Unseen,0.9462852831354805,0.7507392543047864,2.0554852546822465e-10
15,253,Unseen,0.9716922886717966,0.793668556154851,2.5898988313785466e-11
15,254,Seen,0.9715266459412039,0.8135626228658566,1.2576046695199628e-10
15,256,Seen,0.9648242757755955,0.8240331842927016,2.6349797330255683e-11
15,258,Unseen,0.9666228072282429,0.8868565528537715,2.0660666028080597e-11
15,260,Seen,0.971150889772406,0.8701036545708195,2.372589546918295e-11
15,261,Seen,0.9742563167311123,0.7109511208827755,2.440239192028776e-10
15,262,Seen,0.957894510143484,0.8533507562878674,2.2265035700796844e-11
15,264,Unseen,0.9698996605273537,0.7475980858767329,1.7761387867502503e-10
15,265,Unseen,0.9692777154468728,0.7685392087304229,1.7355969966737256e-10
15,266,Seen,0.968342205696731,0.8973271142806167,1.8489761236424326e-11
15,267,Seen,0.9475537826877339,0.728751075308412,3.9520384458906264e-11
15,271,Unseen,0.9672896519787302,0.8596330931439744,2.2670279174486972e-11
15,272,Unseen,0.9506191987715811,0.8638213177147126,2.4625392074382745e-11
15,273,Unseen,0.9617460815400384,0.8365978580049155,2.5209814073030046e-11
15,274,Unseen,0.9709254457106664,0.852303700145183,1.9399574978772133e-10
15,276,Unseen,0.9911507453890451,1.0501973111125538,3.4630142276809504e-10
15,279,Unseen,0.977841962699654,0.7915744438694822,1.5308776708553412e-10
15,280,Unseen,0.983374284771835,0.7800568262999525,5.116130164180034e-10
15,281,Unseen,0.9784750208484226,0.9151270687062533,2.544440823692526e-11
15,282,Seen,0.9813787065741519,0.8386919702902845,3.883317676698894e-11
15,283,Seen,0.9804193901892263,0.8816212721403492,2.0982974905400772e-11
15,284,Unseen,0.9635943185784333,0.848115475574445,8.047569650729355e-11
15,286,Unseen,0.9727009898981677,0.8449743071463915,1.5617526772865054e-10
15,288,Unseen,0.9676313433459467,0.8470684194317605,1.9847145547417274e-11
15,289,Unseen,0.9744623096001441,0.7612098157316317,1.8894387757378534e-10
15,290,Unseen,0.9690411992348241,0.8470684194317606,1.7135165160658152e-11
15,293,Unseen,0.9838036100584271,0.9800445495526922,2.9932121299590675e-11
15,294,Unseen,0.9796684789504206,0.9214094055623601,2.5814276622298753e-10
15,297,Unseen,0.9673132876859606,0.8187979035792791,2.3782132706364774e-11
15,298,Unseen,0.9753808113550335,0.862774261572028,2.12768671338413e-11
15,299,Seen,0.9732846069590605,0.8575389808586057,1.93800048762081e-11
15,300,Unseen,0.9659994921711303,0.762256871874316,1.444755174548364e-11
15,302,Seen,0.9731984462923318,0.6868688296010322,2.07302220408192e-10
15,303,Unseen,0.9526761120621672,0.7381745805925725,2.613581693583958e-11
15,304,Unseen,0.9622201057167541,0.8324096334341776,1.5504083394225733e-11
15,306,Seen,0.966939758592341,0.841833138718338,1.3986201603496835e-11
15,308,Unseen,0.9881848845884661,0.9475858091294725,4.455735539502479e-10
15,309,Unseen,0.9722484587687226,0.8784801037122955,1.7470203856082103e-11
15,311,Unseen,0.9755476751523966,0.8585860370012901,1.3297836611841092e-11
15,312,Unseen,0.9724196374454045,0.8617272054293436,1.553133200018153e-11
15,313,Seen,0.9531602764348351,0.77482154558653,2.321030399435109e-11
15,314,Unseen,0.9668527946900751,0.860680149286659,1.976552173904014e-10
15,315,Seen,0.9678016519437815,0.7947156122975356,2.386113880714132e-10
15,319,Unseen,0.974758825849574,0.9255976301330981,1.5685939768737932e-11
15,321,Unseen,0.9614216804833764,0.7099040647400912,2.058596825939519e-10
15,322,Unseen,0.9716569991473483,0.9036094511367238,1.8016538714579545e-11
15,323,Unseen,0.9574112648080146,0.8837153844257181,1.6178567233509522e-11
15,324,Unseen,0.9717367417349251,0.7465510297340485,2.5604238639168648e-11
15,325,Unseen,0.9731387286240911,0.814609679008541,2.2026536973231338e-11
15,326,Seen,0.961938455775955,0.7423628051633107,1.3263470811761207e-10
15,328,Seen,0.9798074004501268,0.8041391175816961,4.048333273823339e-11
15,330,Unseen,0.9903226247061011,0.9988915601210132,1.2838234258354224e-10
15,331,Seen,0.9891861375932363,0.917221180991622,7.655141595053141e-11
15,332,Seen,0.9831678690670314,0.9276917424184671,6.741874275670907e-11
15,335,Unseen,0.9815507475178298,0.9444446407014191,2.498028204595394e-10
15,336,Unseen,0.984576963622901,1.0041268408344357,4.6853539729718276e-11
15,338,Unseen,0.9714002252643984,0.9025623949940391,1.0919071390692473e-10
15,339,Unseen,0.9875287371885932,1.0920795568199337,6.241319714376184e-11
15,340,Seen,0.9765019510162294,0.9413034722733656,1.205270400028265e-10
15,342,Unseen,0.973826813497375,0.7685392087304231,2.770074941357068e-11
15,343,Seen,0.9838377969686417,0.7800568262999525,5.295426122810928e-11
15,345,Unseen,0.9735934179305735,0.9235035178477291,2.015431950723265e-11
15,347,Unseen,0.9690255225362115,0.8973271142806166,2.0907326779760073e-11
15,348,Seen,0.9622263971550539,0.8051861737243807,2.286638667753614e-11
15,350,Unseen,0.9713202194665084,0.9276917424184672,1.564868275523289e-11
15,351,Unseen,0.9654200052817437,0.8627742615720281,2.3413470314077838e-11
15,353,Seen,0.9693279940310376,0.7538804227328402,4.2465966141098137e-11
15,356,Unseen,0.9623223323029328,0.8386919702902846,2.0945890580474103e-11
15,357,Unseen,0.954757773805683,0.8721977668561888,5.268725115259965e-11
15,358,Seen,0.9738675923896684,0.843927251003707,1.3133889592133961e-10
15,359,Unseen,0.9732894630860054,0.9224564617050447,1.662425342628099e-11
15,361,Unseen,0.9852280614601036,0.9245505739904136,2.6630361777728855e-11
15,362,Seen,0.9821504849864533,0.802045005296327,2.1611841357195296e-10
15,363,Unseen,0.9845295970467416,0.9088447318501461,2.600971401642777e-11
15,365,Seen,0.983162182861309,0.8418331387183381,9.33337481059878e-11
15,366,Seen,0.9837863488151435,0.8324096334341778,1.648942580569844e-10
15,367,Seen,0.9730555216369567,0.7685392087304229,1.3965379578733845e-10
15,370,Seen,0.9784457563625424,0.8868565528537716,1.7400429324652847e-11
15,371,Seen,0.9703517067819205,0.7434098613059951,1.0701084580830178e-10
15,372,Seen,0.9712606340069062,0.8627742615720281,7.466514687084471e-11
15,374,Seen,0.9846631550618098,0.9214094055623602,9.286691146240493e-11
15,375,Seen,0.9870718534747998,1.089985444534565,1.0159149609485839e-10
15,376,Seen,0.9796653807169458,0.8376449141476,1.4457966950676526e-10
15,378,Seen,0.9758183840532016,0.9036094511367236,1.0930784720008738e-10
15,380,Unseen,0.9835319294459957,0.9371152477026278,3.491909382173778e-11
15,382,Unseen,0.984840226419221,1.0491502549698692,6.176409090778948e-11
15,383,Seen,0.9711000811274336,0.8962800581379322,1.4374851711265193e-10
15,386,Seen,0.9891791064418621,0.9915621671222218,1.209968265543855e-10
15,387,Unseen,0.9805690297725542,0.8554448685732366,9.915413091716519e-11
15,388,Seen,0.9828936983565435,1.0114562338332274,1.0870565568669914e-10
15,389,Seen,0.9858358011948815,0.8721977668561884,1.6228781663000288e-10
15,390,Unseen,0.983580290317278,0.8784801037122956,7.162800568882825e-11
15,391,Seen,0.9871791916250027,0.9004682827086701,1.5265405756545851e-10
15,392,Seen,0.9808326607076158,0.9444446407014192,9.101867036340315e-11
15,395,Seen,0.9848889129195986,0.9873739425514837,4.2301369844343364e-11
15,396,Seen,0.9825380659210692,0.9203623494196755,1.2564284342845527e-10
15,398,Unseen,0.9723921309857348,0.9789974934100075,3.737707642390892e-11
15,399,Unseen,0.9756754415524356,0.9402564161306812,2.756097616353447e-11
15,401,Seen,0.9800207739640309,0.9255976301330981,1.0058093520583607e-10
15,403,Unseen,0.9844202630584902,1.0533384795406073,5.92632278936568e-11
15,404,Seen,0.9811477749910194,0.9591034266990022,7.18488727781225e-11
15,406,Seen,0.9850525496708716,0.9643387074124246,1.3540073199688492e-10
15,407,Seen,0.986635268311623,1.0554325918259764,3.013396448752568e-11
15,408,Seen,0.9867510025561698,1.07951488310772,8.432106561680637e-11
15,409,Unseen,0.9850599584310625,1.1035971743894633,3.0739471103649925e-11
15,411,Unseen,0.9764201856618858,0.9831857179807457,2.854663463874744e-11
15,412,Unseen,0.9728082165757722,0.881621272140349,2.9670043267692666e-11
15,415,Unseen,0.9684279392687448,0.9287387985611516,2.737984065900104e-11
15,417,Seen,0.972443563854147,0.9172211809916221,1.7458357418833147e-11
15,418,Unseen,0.9753976220244182,0.9643387074124247,2.8555493697106218e-11
15,419,Seen,0.9747197665059287,0.7999508930109581,5.6005886731690494e-11
15,420,Unseen,0.9814079287119418,0.841833138718338,2.7205312885055083e-11
15,421,Seen,0.975500368554981,0.789480331584113,1.0244420763850131e-10
15,423,Unseen,0.9603634406034032,0.8093743982951186,1.1042951702562246e-10
15,424,Seen,0.9813783145723198,0.8575389808586056,1.9925405118034101e-10
15,426,Unseen,0.9746320632412393,0.9214094055623601,3.274137205479801e-11
15,427,Unseen,0.9820676940349772,0.9664328196977937,2.2081474803663994e-11
15,428,Unseen,0.9823374545463336,0.9193152932769911,2.4728050042621706e-11
15,429,Unseen,0.9797716905448209,0.8250802404353861,2.948971726597004e-11
15,432,Unseen,0.980765058108,0.8732448229988732,5.819950059771473e-11
15,433,Seen,0.9781904658799033,0.9894680548368526,3.2693549431348e-11
15,434,Seen,0.9828159130188261,0.9821386618380612,8.971645870611623e-11
15,437,Seen,0.9770863709949276,0.9287387985611517,2.156888534218342e-11
15,439,Seen,0.9724220999673031,0.7790097701572679,1.507089876864762e-10
15,441,Unseen,0.9717922579982962,0.8564919247159212,2.2076872049886074e-11
15,442,Unseen,0.9705815292448635,0.8638213177147126,1.8980478817651913e-10
15,443,Unseen,0.9732310677913439,0.87952715985498,2.076392011767113e-11
15,444,Seen,0.9714489439789592,0.6638335944619731,1.6084018213579767e-10
15,445,Seen,0.9701613749279135,0.772727433301161,1.6724686184722688e-10
15,447,Seen,0.9617481599318735,0.8596330931439745,2.5327552816518946e-11
15,449,Unseen,0.9669587233284322,0.9067506195647771,1.7858407779941693e-11
15,450,Unseen,0.9692372871703974,0.9067506195647772,2.0105262666334047e-11
15,451,Seen,0.9726166235153186,0.8627742615720281,1.373604389329703e-10
15,452,Seen,0.9689784031016354,0.7695862648731074,1.3070555485533775e-10
15,455,Seen,0.9754709752306786,0.8083273421524342,1.3030809395583087e-10
15,456,Unseen,0.9790993595950218,0.9329270231318896,3.0068906076312085e-11
15,457,Unseen,0.9794464466553813,0.9203623494196757,2.427890101819244e-11
15,459,Unseen,0.9748274666825861,0.7674921525877385,1.1807383969085547e-10
15,461,Seen,0.9620817449532002,0.8313625772914931,1.0540350356134332e-10
15,462,Seen,0.9762805813069046,0.9245505739904135,7.840827526252266e-11
15,465,Seen,0.9727264810499454,0.8627742615720282,9.740958711690005e-11
15,466,Seen,0.9811537894334283,0.9716681004112162,1.1830558245278303e-10
15,467,Seen,0.9794789939296498,0.9255976301330981,1.0168869539411076e-10
15,469,Seen,0.9715072545627942,0.8533507562878675,1.0527469090482087e-10
15,470,Unseen,0.9883599375984616,1.0585737602540297,1.4043256124743787e-10
15,472,Seen,0.9872932201088028,0.980044549552692,8.420753622782561e-11
15,473,Seen,0.9886820400000458,0.8826683282830333,8.179049198490581e-11
15,476,Unseen,0.9839653436041145,0.9161741248489376,5.361654071267782e-11
15,477,Unseen,0.9838794411346872,0.9831857179807456,1.4922123687597542e-10
15,478,Unseen,0.9786367140363412,0.9433975845587346,4.936069528295954e-11
15,479,Unseen,0.9789484159073882,1.0323973566869171,3.196940510179674e-11
15,480,Seen,0.9702865030210782,0.7538804227328402,2.615003697755241e-10
15,481,Seen,0.9700501698087441,0.8533507562878676,2.1540399606877418e-10
15,482,Seen,0.9762367890298712,0.8324096334341775,2.1342138484590566e-11
15,484,Seen,0.9674858910736721,0.7392216367352569,2.879235789831425e-11
15,486,Seen,0.9720154351679937,0.7570215911608935,1.5606817961247968e-10
15,487,Seen,0.9775383005719859,0.902562394994039,1.3234060088166254e-10
15,489,Seen,0.9749817385440139,0.9381623038453122,1.550322546810287e-10
15,491,Seen,0.9677773913628037,0.726656963023043,2.545508396136861e-10
15,494,Seen,0.9875854718444541,1.0020327285490667,2.9763847465927045e-11
15,495,Seen,0.981618748167385,0.9486328652721571,2.4376450099904344e-10
15,496,Seen,0.9873704729063018,1.0481031988271847,9.984848743366746e-11
15,497,Unseen,0.9871083929783236,1.0271620759734947,1.9645252964397935e-10
15,498,Seen,0.9805315792638091,0.885809496711087,1.759761491017662e-10
15,499,Seen,0.9853839475318561,1.0732325462516126,1.4980246560876301e-10
15,500,Seen,0.9833931187710055,0.9653857635551091,1.2023100204617837e-10
15,502,Unseen,0.9866612025118504,0.9057035634220927,4.2652868157091315e-11
15,504,Seen,0.9773834323680795,0.8795271598549801,2.3904003623982903e-11
15,505,Seen,0.9856347378865153,1.0344914689722862,1.7868756823631482e-10
15,506,Unseen,0.9903658417405882,1.0323973566869171,7.356940780902521e-11
15,507,Seen,0.9918524560352147,1.1381500270980516,3.704500619685489e-10
15,510,Seen,0.9842392995286207,0.9423505284160503,2.180435881633009e-10
15,511,Seen,0.9865088662049477,0.8962800581379321,1.124635781373822e-10
15,512,Seen,0.9853325588292962,0.9842327741234302,1.3682490473976694e-10
15,513,Unseen,0.9888013503520261,1.0878913322491954,5.024030168694712e-11
15,516,Unseen,0.9870274330681423,0.9601504828416867,1.6534093489757035e-10
15,518,Seen,0.9823271797964851,0.980044549552692,1.6602753737390798e-10
15,519,Seen,0.9833957155349115,0.9905151109795373,1.331519635202262e-10
15,520,Seen,0.9822856091833045,1.0554325918259764,2.033197007472643e-10
15,522,Unseen,0.9876499625757433,1.0669502093955059,1.7839730557053854e-10
15,523,Seen,0.9798948429233237,0.9203623494196757,1.7040634821359964e-10
15,525,Unseen,0.9868803771972173,1.0135503461185964,2.1178725007392687e-10
15,527,Seen,0.982534370848097,0.9915621671222218,1.8024740141867797e-10
15,529,Unseen,0.9887018023450191,1.0627619848247678,9.1115410071306e-11
15,530,Unseen,0.981737819505978,1.0282091321161793,1.4594473708473584e-10
15,531,Seen,0.9859069204186467,0.9978445039783287,1.0226380598859985e-10
15,533,Seen,0.9729623642462782,0.7297981314510965,1.996658860694456e-10
15,535,Unseen,0.9796684145528376,0.9706210442685318,4.56187664009755e-11
15,536,Unseen,0.9727465804682335,0.7517863104474711,2.954000997675996e-10
15,538,Unseen,0.978006213683541,0.9905151109795373,4.536717420798731e-11
15,539,Seen,0.9739404744329003,0.9967974478356441,2.1434842430030218e-11
15,540,Unseen,0.988851390396272,1.0700913778235592,5.783531853200232e-11
15,541,Seen,0.9852480004422721,0.881621272140349,2.0867127170723348e-10
15,543,Seen,0.9836681139477185,0.8491625317171296,1.692765503917071e-10
15,544,Seen,0.9659122662558801,0.7989038368682734,1.4019244773653993e-10
15,546,Seen,0.9855681518865242,1.053338479540607,1.5572862701747073e-10
15,549,Unseen,0.9870893987480451,1.0606678725393988,4.839879368350728e-10
15,550,Seen,0.9865989415085776,1.0250679636881257,1.8756213183584716e-10
15,551,Unseen,0.9893216375387549,1.1213971288150995,4.898269164681912e-10
15,553,Seen,0.9785335437581906,0.9036094511367238,1.9759419185854622e-10
15,555,Seen,0.9853188676948839,0.9255976301330983,1.3975033718370874e-10
15,556,Unseen,0.9852901278485986,0.9842327741234304,8.524296555955274e-11
15,557,Unseen,0.9798756362733542,0.9329270231318897,3.02536576514377e-11
15,560,Seen,0.9814827910493914,0.8931388897098786,1.1243872893443232e-10
15,561,Unseen,0.9885180500120941,1.0250679636881257,1.7943161109521273e-10
15,562,Seen,0.9821417837237852,0.8282214088634396,1.9753679141083932e-10
15,563,Seen,0.9793467334298341,0.875338935284242,1.2120789999544e-10
15,564,Seen,0.9728347811710535,0.915127068706253,2.798374080714582e-10
15,566,Unseen,0.9807996718028622,0.9580563705563175,2.9255755583105156e-11
15,567,Unseen,0.9871130316240934,0.9507269775575261,2.3969573502665454e-10
15,569,Seen,0.9836375647943535,0.9591034266990022,1.938689905572519e-10
15,570,Unseen,0.9835466798949358,0.9339740792745741,1.6245147922249176e-10
15,571,Unseen,0.9876284704521286,0.961197538984371,1.2236855375903496e-10
15,573,Unseen,0.9777291403314572,0.8345037457195464,2.298275773593212e-10
15,575,Unseen,0.9754998466253579,0.8648683738573971,2.767850563955317e-11
15,577,Seen,0.9723581396022946,0.9947033355502752,7.911502998422212e-11
15,578,Seen,0.980644558313741,0.915127068706253,1.7510938309422685e-10
15,580,Unseen,0.988110473530143,0.9601504828416867,2.1843358451148464e-10
15,581,Unseen,0.9850989122462694,1.0198326829747033,4.8121348003670996e-11
15,582,Seen,0.9799021882477178,0.8847624405684027,1.9800089169967413e-10
15,583,Seen,0.9789798251784196,0.8585860370012901,1.4434817151673948e-10
15,585,Seen,0.986824662680304,0.9140800125635687,1.6582519118660598e-10
15,587,Seen,0.983046970248689,1.0208797391173878,7.05937120670852e-11
15,589,Unseen,0.9822094886120896,0.9308329108465208,4.893701718807077e-11
15,590,Seen,0.9804515210503519,0.852303700145183,3.993600775685518e-11
15,592,Seen,0.9808196717586478,0.9015153388513546,3.54830077281544e-11
15,593,Seen,0.9872557809901507,0.9894680548368527,2.858327988080208e-10
15,595,Unseen,0.985977442031104,0.9486328652721571,1.205684130630897e-10
15,596,Unseen,0.9859708840000843,0.894185945852563,2.158436562529906e-10
15,597,Seen,0.9803224397310351,0.9632916512697399,3.119753357525207e-11
15,599,Unseen,0.9835293051372583,0.9046565072794082,4.005489203648399e-11
16,1,Seen,0.9691755780339203,0.9413034722733656,2.3135467875651093e-11
16,3,Unseen,0.9700143526913693,0.8742918791415576,2.8710601892180657e-11
16,4,Unseen,0.9681810456911903,0.9371152477026276,2.6557218796358884e-11
16,5,Unseen,0.968170953764349,0.8313625772914931,2.922481715940518e-11
16,7,Unseen,0.9744341294153112,0.9517740337002106,2.3442659575548094e-11
16,9,Unseen,0.9608436566685223,0.9077976757074616,9.492100474682899e-11
16,10,Unseen,0.9638644657151191,0.7905273877267975,3.950482104775868e-10
16,11,Unseen,0.9651774864668916,0.9287387985611516,3.06584645048998e-11
16,13,Unseen,0.9555046593844202,0.8680095422854506,2.9964773740457855e-11
16,14,Unseen,0.9722275559315683,0.9224564617050447,3.5476718665497294e-11
16,16,Unseen,0.9613355305190723,0.8784801037122957,3.325717236483345e-11
16,17,Unseen,0.9708098223427339,0.8826683282830337,2.6906254903921786e-11
16,19,Unseen,0.9733414488776557,0.9067506195647771,7.476834426045482e-11
16,20,Unseen,0.9666978010085994,0.9067506195647772,4.8674885449526316e-11
16,21,Unseen,0.9726226451402374,0.7811038824426371,5.7166103453339185e-11
16,22,Unseen,0.9719606112655486,0.9057035634220927,2.5293602463074298e-11
16,24,Unseen,0.9520308477748167,0.9015153388513546,3.4672997903027245e-10
16,25,Unseen,0.967469194113249,0.925597630133098,2.4335671264839692e-11
16,26,Unseen,0.973300424142974,0.758068647303578,4.5574761214017874e-11
16,28,Unseen,0.9682272537370425,0.9643387074124246,2.25186842635039e-11
16,30,Unseen,0.9716378993689547,0.8282214088634395,4.4107366364494544e-10
16,31,Unseen,0.9644207791370853,0.8784801037122956,3.0932092019831974e-11
16,33,Unseen,0.9742328299774885,0.8564919247159211,1.8930654910408228e-10
16,35,Unseen,0.9566587736330248,0.8386919702902846,3.8587588897335684e-10
16,36,Unseen,0.9714186357007292,0.8072802860097494,2.3768953143873143e-10
16,38,Unseen,0.9617911166959048,0.877433047569611,3.6898797131179504e-11
16,39,Unseen,0.9759916080420437,0.8449743071463915,2.878880344473091e-11
16,41,Unseen,0.9682862099556822,0.8941859458525631,2.5161286909680705e-11
16,42,Unseen,0.9741964299116186,0.8868565528537716,3.0376739498048666e-11
16,45,Seen,0.9768694463135207,0.9591034266990022,2.5448033072019212e-11
16,46,Seen,0.9758073934212592,0.9538681459855796,2.985452180390045e-11
16,47,Unseen,0.9637675666189677,0.8240331842927017,2.502536987777468e-10
16,48,Unseen,0.9604438158005341,0.877433047569611,2.887995705529942e-10
16,51,Seen,0.9720548588473826,0.843927251003707,3.451637549859667e-10
16,52,Unseen,0.9636795461321794,0.7800568262999524,3.2557059519193274e-10
16,53,Unseen,0.9608952570364591,0.8795271598549801,3.0002288118245406e-11
16,56,Unseen,0.9686795382304473,0.9203623494196757,2.61256241833911e-11
16,57,Seen,0.9585775530597945,0.8512566440024983,1.6478480997893434e-10
16,58,Unseen,0.9580603660535983,0.8962800581379321,3.135500430614258e-11
16,59,Unseen,0.9551319740610048,0.9371152477026277,2.664283867591312e-11
16,61,Unseen,0.9649863335119462,0.8575389808586056,2.8665458419050895e-11
16,63,Seen,0.969706560662424,0.8219390720073325,2.934000417193965e-11
16,64,Unseen,0.9665567555228018,0.8617272054293436,9.743338148583484e-11
16,65,Unseen,0.9500560562011725,0.8701036545708196,3.191434304483137e-11
16,67,Unseen,0.9664299511081292,0.8072802860097497,3.868432352798271e-11
16,68,Unseen,0.9662255625092773,0.8753389352842423,2.6003433902322997e-11
16,70,Unseen,0.9805386576638967,0.8784801037122957,2.6227126996294685e-11
16,71,Unseen,0.9540729283781838,0.8701036545708195,3.775046000645634e-11
16,73,Unseen,0.9590233075301666,0.8648683738573972,2.5653584001303146e-11
16,74,Unseen,0.9719721758649107,0.925597630133098,2.3283787190867297e-11
16,75,Seen,0.9693998160065178,0.9004682827086702,2.7643496373334334e-11
16,77,Unseen,0.96843363239928,0.8680095422854506,2.476813809191488e-10
16,78,Unseen,0.9709201892046285,0.9611975389843712,2.2650757892816452e-11
16,80,Unseen,0.9545286935706293,0.8784801037122956,4.5892194472252736e-11
16,82,Unseen,0.9680434685673879,0.843927251003707,3.734920115433077e-10
16,83,Unseen,0.9526240650226253,0.8669624861427659,2.877250939751652e-11
16,84,Unseen,0.9582691667158949,0.7873862192987441,2.445310264840925e-10
16,86,Unseen,0.9618168154079156,0.8774330475696112,2.638056101382717e-11
16,88,Unseen,0.9532900405522314,0.8219390720073325,3.718557270644297e-11
16,89,Unseen,0.9615776577919332,0.7947156122975357,3.989809371915612e-11
16,90,Unseen,0.9488958704344379,0.9109388441355151,2.6454814916246745e-11
16,93,Unseen,0.9556961892354674,0.852303700145183,5.1628567606379476e-11
16,94,Unseen,0.9546912966736547,0.9235035178477291,2.3153256007924456e-11
16,95,Unseen,0.955437910624732,0.8502095878598142,9.995206911039321e-11
16,96,Unseen,0.9546043564464164,0.7821509385853215,4.105641171618131e-11
16,97,Seen,0.9674963260170406,0.8596330931439745,2.463661095377522e-10
16,98,Unseen,0.9565183248256202,0.8742918791415576,3.7653107146262804e-11
16,101,Unseen,0.9635384121826542,0.8721977668561887,1.1165574878164312e-10
16,102,Unseen,0.967860294848384,0.8355508018622311,8.303071089430008e-11
16,103,Unseen,0.9644321713954956,0.7842450508706904,3.5778605221947306e-11
16,104,Unseen,0.949573822246967,0.8753389352842421,2.8417378665276143e-11
16,107,Unseen,0.9563979733100677,0.8732448229988732,2.8851259283789767e-11
16,108,Unseen,0.9623095180975586,0.8669624861427662,3.2175050756347e-11
16,109,Unseen,0.9648939484226026,0.8721977668561885,2.4206559680388037e-10
16,110,Unseen,0.9491890987106167,0.8879036089964562,3.05313046194446e-11
16,113,Unseen,0.9319896119482562,0.8491625317171297,3.5385170923589796e-11
16,115,Unseen,0.9621372303073751,0.8742918791415577,1.868066677584766e-10
16,116,Unseen,0.9513659921309996,0.8931388897098788,3.340277405980981e-11
16,117,Unseen,0.9639553304153682,0.9193152932769911,2.453527903125674e-11
16,119,Unseen,0.9611568983482511,0.8701036545708195,2.6146195713852283e-11
16,120,Unseen,0.967255288868426,0.9318799669892052,3.706757168439333e-11
16,121,Unseen,0.9835498160071002,0.8899977212818251,3.814534544661725e-11
16,123,Unseen,0.9789277759901583,1.0020327285490667,2.224804287857087e-11
16,124,Unseen,0.9776384332522129,0.871150710713504,2.985157655496084e-11
16,127,Unseen,0.9721072101213994,0.9329270231318896,3.051666541075017e-11
16,128,Unseen,0.9652884248376605,0.8680095422854506,4.1138424225318746e-11
16,129,Unseen,0.9689745789145984,0.8962800581379321,5.635951729555169e-11
16,130,Unseen,0.9705943961763568,0.9350211354172587,3.0599641471467845e-11
16,132,Unseen,0.9747920235243173,0.9088447318501461,3.205350572729073e-11
16,133,Unseen,0.9696175159490406,0.9329270231318896,4.629403531666683e-11
16,136,Unseen,0.966791254998006,0.8690565984281351,3.2640931352924335e-11
16,137,Unseen,0.9640469307267729,0.9915621671222218,2.9585685786283706e-11
16,138,Unseen,0.9670307760891312,0.9255976301330981,2.8320183648465257e-11
16,139,Unseen,0.961315696872628,0.9098917879928307,3.6562926298523043e-11
16,141,Unseen,0.9569195460972365,0.9685269319831628,3.9567047159324505e-11
16,142,Unseen,0.9604290839421982,0.7580686473035779,1.3100819626025463e-10
16,144,Unseen,0.9533059583878711,0.8899977212818252,3.790302188020634e-11
16,145,Unseen,0.9698641860890462,0.919315293276991,1.6114318416083692e-10
16,147,Seen,0.9503089746782286,0.8523037001451831,4.167341830882212e-11
16,148,Unseen,0.9699369651707259,0.8177508474365945,3.355934874576372e-11
16,150,Unseen,0.9618019096927928,0.8669624861427662,1.1135283868104248e-10
16,151,Unseen,0.9649478407965363,0.9287387985611518,3.143639013586885e-11
16,152,Unseen,0.9781973926683692,0.9727151565539007,9.394289570562987e-11
16,154,Unseen,0.9698052002448546,0.7989038368682736,3.8163356621975914e-11
16,156,Unseen,0.9770191972791186,0.8187979035792791,3.579291007040367e-11
16,157,Unseen,0.9622990903739359,0.8879036089964562,1.2381232566808754e-10
16,158,Unseen,0.9703999183246239,0.9486328652721572,3.4205948367610403e-11
16,159,Unseen,0.9731018795870203,0.9957503916929598,2.802985402157323e-11
16,162,Unseen,0.9643146846269032,0.8219390720073324,3.764744280052185e-11
16,163,Unseen,0.9640393148417016,0.8690565984281351,3.627553440153669e-11
16,164,Unseen,0.9562676979449785,0.860680149286659,4.362010328362371e-10
16,166,Unseen,0.97171166438462,0.9454916968441037,2.439218106295011e-11
16,168,Unseen,0.9591848860557036,0.9454916968441036,2.7410186048879188e-11
16,169,Unseen,0.9564051521636462,0.9067506195647771,2.6727468815965135e-11
16,171,Unseen,0.9661235395264204,0.7748215455865302,4.335393431596272e-11
16,172,Unseen,0.9612383210614249,0.7549274788755246,4.7785215766922593e-11
16,174,Unseen,0.9589486940173678,0.7989038368682736,2.840985763342338e-10
16,175,Seen,0.9645961194629227,0.9015153388513546,2.7369782872770777e-11
16,176,Unseen,0.967553652943939,0.8899977212818252,3.140747639958625e-11
16,178,Seen,0.953115924594268,0.7968097245829046,1.690952377657846e-10
16,180,Unseen,0.9592270416739688,0.925597630133098,3.5016756121950954e-11
16,182,Unseen,0.9759219072529541,0.8805742159976647,2.666219096034033e-11
16,183,Unseen,0.9621516763306905,0.7329392998791501,5.150797948546574e-11
16,184,Unseen,0.9497699440867666,0.8250802404353861,4.328568441699388e-11
16,186,Seen,0.9624136652700153,0.9360681915599431,1.050441439109159e-10
16,187,Unseen,0.9882624894198379,1.1015030621040942,1.0059765020712896e-09
16,190,Unseen,0.9573134660335858,0.7633039280170005,9.603941391921908e-11
16,191,Unseen,0.9553428731740516,0.8502095878598142,3.158141947934444e-11
16,192,Unseen,0.9537729138510201,0.7968097245829046,7.225744214697649e-11
16,193,Unseen,0.9342296639164852,0.8617272054293434,2.892694656980101e-11
16,196,Unseen,0.9655940354843028,0.7643509841596848,3.140687563871397e-11
16,197,Unseen,0.9589615074477631,0.8104214544378029,3.75687440917551e-11
16,198,Unseen,0.965029243205157,0.8617272054293434,2.600367951042675e-11
16,200,Seen,0.9604934033035545,0.846021363289076,1.3512535051300953e-10
16,202,Seen,0.9451938393687886,0.8554448685732366,3.526142699954821e-11
16,203,Unseen,0.9703615288698562,0.8973271142806167,2.6756478366820903e-11
16,204,Unseen,0.961443442506815,0.856491924715921,2.5560212976336877e-11
16,206,Seen,0.9496194622475593,0.875338935284242,3.3804347168938435e-11
16,207,Unseen,0.960710027671595,0.8345037457195467,3.364697674942766e-11
16,209,Unseen,0.9447322001157045,0.7622568718743159,1.2662199449098975e-10
16,210,Unseen,0.9659043140941558,0.9287387985611517,2.116423473692317e-11
16,212,Unseen,0.9652164856854839,0.755974535018209,1.291019872661353e-10
16,213,Unseen,0.9658738247115696,0.9182682371343066,2.801492286585735e-11
16,214,Unseen,0.9688657029750148,0.9685269319831628,1.909607851224886e-11
16,216,Unseen,0.9535846052142971,0.8345037457195467,3.373993481966428e-11
16,217,Unseen,0.9691090961986094,0.806233229867065,2.2475210177047872e-10
16,218,Unseen,0.9608784631643108,0.8826683282830335,2.891763509793557e-11
16,220,Unseen,0.9596328745008431,0.9465387529867881,2.1856232659386937e-11
16,222,Unseen,0.9584373418409982,0.827174352720755,2.9334617050628475e-11
16,223,Unseen,0.958816725741715,0.8470684194317605,1.2893442460413225e-10
16,224,Unseen,0.9528729441377916,0.9444446407014192,2.5349050243650262e-11
16,226,Unseen,0.9555126377748687,0.9287387985611517,2.1761545068082452e-11
16,228,Unseen,0.9611492981001676,0.860680149286659,1.4998992639742013e-10
16,231,Unseen,0.951651510153296,0.806233229867065,4.181437267832676e-11
16,232,Seen,0.9623973738369306,0.8523037001451831,2.943533580868792e-11
16,233,Unseen,0.9699666811166229,0.9025623949940391,2.4319537346427687e-11
16,236,Unseen,0.9593206576562464,0.8418331387183382,3.7401790825787305e-11
16,237,Unseen,0.9582758072026039,0.8659154300000815,1.0477748950604143e-10
16,238,Unseen,0.9673295561225396,1.0009856724063821,2.21642513657123e-11
16,239,Unseen,0.931632600475283,0.8324096334341776,9.679036055504548e-11
16,241,Seen,0.9755060500643197,0.96329165126974,2.636192937046303e-11
16,242,Unseen,0.9790157950867561,0.8198449597219636,2.0545482414863346e-11
16,244,Seen,0.968125888639201,0.8847624405684025,1.9774854234806384e-11
16,245,Unseen,0.9677493001674718,0.9559622582709485,1.559820189421913e-11
16,248,Seen,0.9692976928344904,0.8889506651391406,2.1079306307674036e-11
16,249,Seen,0.97301986337924,0.7685392087304231,1.6680146636296718e-10
16,250,Seen,0.9640826680963719,0.9067506195647771,5.306213146420772e-11
16,251,Seen,0.9690796174479145,0.915127068706253,2.0668854229518867e-11
16,252,Unseen,0.9642572321368915,0.8481154755744451,2.3481829982792377e-11
16,255,Seen,0.9708218998027818,0.743409861305995,4.04572451724547e-10
16,256,Seen,0.9684940108124163,0.9266446862757827,1.9817977888989762e-11
16,257,Seen,0.9693044735354797,0.8386919702902846,2.5438818036280427e-11
16,259,Seen,0.9669043851110993,0.9402564161306811,2.895817359154228e-11
16,261,Seen,0.9593601701749873,0.8292684650061241,3.196650804119521e-11
16,262,Unseen,0.9498459504945844,0.7633039280170008,6.88119153596419e-11
16,263,Unseen,0.9416559745155091,0.7455039735913642,2.3082845240324213e-10
16,264,Unseen,0.951518515880011,0.8365978580049155,3.435798380609279e-11
16,265,Seen,0.962583958674411,0.9779504372673233,2.8967600386582942e-11
16,268,Seen,0.9486030341354315,0.864868373857397,2.876178475180974e-11
16,269,Unseen,0.9559570942504236,0.8062332298670651,1.9937590306904826e-10
16,271,Unseen,0.9689645565823188,0.6732570997461336,2.1821335657915117e-10
16,272,Unseen,0.9557433568704602,0.9266446862757826,2.54056082229706e-11
16,273,Seen,0.9515113697587056,0.7873862192987439,3.463567493512134e-11
16,275,Seen,0.9663636209888019,0.923503517847729,1.9034587873363298e-11
16,277,Unseen,0.9399881598917773,0.8135626228658565,9.878069339529118e-11
16,278,Seen,0.9625307494134004,0.9088447318501461,2.574059251972534e-11
16,279,Unseen,0.9808254144374444,0.8952330019952476,2.4375600507025863e-11
16,280,Unseen,0.9670823577279952,0.8324096334341776,2.8388316104569493e-11
16,284,Seen,0.9657088209633242,0.7706333210157921,7.986438670889081e-11
16,285,Unseen,0.9616630044226387,0.8177508474365947,3.160227806900344e-11
16,286,Unseen,0.9498408367001874,0.9465387529867882,2.2189723518301117e-11
16,287,Unseen,0.9637919761379686,0.8135626228658565,2.5769375363616102e-11
16,289,Unseen,0.9493632108843394,0.8826683282830337,8.58409485593684e-11
16,291,Unseen,0.9746568600450155,0.8910447774245095,3.252536306487632e-11
16,292,Unseen,0.9581499581499495,0.8648683738573972,4.2015618241928885e-11
16,293,Unseen,0.970678617542381,0.9496799214148415,2.339628546330003e-11
16,295,Seen,0.9712090247749579,0.8669624861427662,2.661688664586858e-11
16,296,Seen,0.9469409960806201,0.808327342152434,3.835456140131431e-11
16,297,Unseen,0.96111969028147,0.7465510297340485,1.859215164104795e-10
16,299,Unseen,0.9270626532718016,0.892091833567194,4.3250819363488946e-11
16,300,Unseen,0.9796910495072038,0.9538681459855797,4.4210421995654775e-11
16,302,Unseen,0.9736318254645527,0.783197994728006,3.7531153929494346e-10
16,303,Unseen,0.9663222740795423,0.8837153844257181,2.3024333482546398e-11
16,305,Unseen,0.936474776018063,0.8250802404353861,2.0649920349035217e-10
16,306,Seen,0.9733534215000513,0.8732448229988732,1.8785135204251554e-10
16,307,Seen,0.9647157509388431,0.8355508018622311,1.7796395300479617e-10
16,309,Unseen,0.950709495512082,0.9088447318501461,2.3037885520809017e-11
16,311,Seen,0.9544377283728414,0.7695862648731074,4.122155964477292e-11
16,313,Seen,0.953646190720015,0.8407860825756537,6.491199002328136e-11
16,314,Unseen,0.9578524487219083,0.8418331387183381,3.1877691431119086e-11
16,315,Unseen,0.9547410695596009,0.7926215000121665,1.6811100659962405e-10
16,316,Unseen,0.9695665029763075,0.9057035634220927,2.095358764882554e-11
16,318,Unseen,0.9539674120751352,0.8659154300000816,3.258103372083772e-11
16,321,Seen,0.979276799873858,0.8973271142806166,8.70331761593188e-11
16,322,Unseen,0.9630405702308176,0.8428801948610226,1.594445724356454e-10
16,323,Unseen,0.965958166619479,0.9015153388513546,2.4924252602911028e-11
16,324,Unseen,0.9376286967502934,0.8093743982951186,1.391888458227324e-10
16,325,Unseen,0.9598366279652699,0.7235157945949895,8.366111985043282e-11
16,326,Unseen,0.9529403935597969,0.8198449597219635,1.444275268796902e-10
16,327,Unseen,0.9776386887073382,0.5894926083313738,4.799238001417317e-10
16,332,Unseen,0.9576425679410261,0.8418331387183381,1.0515753171155393e-10
16,333,Unseen,0.9691295530106524,0.9329270231318897,2.5009666907607045e-11
16,334,Unseen,0.9465311397433092,0.6900099980290855,2.0051722160136513e-10
16,335,Unseen,0.9451379279432119,0.8030920614390115,4.2769141148743915e-11
16,336,Unseen,0.9439056659122481,0.8816212721403491,3.776651936097914e-11
16,337,Unseen,0.9356246151363959,0.8428801948610226,8.598038864560815e-11
16,338,Unseen,0.9457525627954787,0.7790097701572681,1.5266754829059685e-10
16,340,Seen,0.9607931428203705,0.781103882442637,1.7306387498266983e-10
16,342,Unseen,0.9677284152190239,0.8889506651391406,2.751146043334194e-11
16,344,Seen,0.958511134951854,0.8910447774245097,1.3147616899394636e-10
16,345,Seen,0.9568401040535494,0.8994212265659856,2.615567466704728e-11
16,346,Unseen,0.9345259890294535,0.7978567807255891,1.1960965197381704e-10
16,348,Seen,0.9666239601377583,0.8701036545708196,2.9363653031857573e-11
16,350,Unseen,0.9544849365647521,0.75388042273284,2.0660740133793532e-10
16,352,Unseen,0.9645214538608103,0.8386919702902845,5.7188237992302777e-11
16,353,Unseen,0.9517119640043125,0.9601504828416867,2.4700638938768546e-11
16,354,Unseen,0.9395511423354841,0.8114685105804875,1.0548132215208425e-10
16,355,Unseen,0.9545069199296217,0.8030920614390115,3.557569164507918e-11
16,356,Unseen,0.957922826779022,0.9182682371343066,1.1469025910155871e-10
16,358,Unseen,0.9353579884858508,0.7779627140145834,4.7685487915322644e-11
16,360,Unseen,0.9607308250162232,0.9528210898428952,3.642882952350322e-11
16,361,Seen,0.9682434250590346,0.8407860825756536,1.5781941172780006e-10
16,362,Seen,0.9716406316039403,0.8303155211488085,1.229906570222856e-10
16,365,Seen,0.9679451455219925,0.8198449597219635,1.3789799648134717e-10
16,366,Seen,0.9658564850448828,0.8868565528537716,1.2070812758566776e-10
16,367,Unseen,0.9655019792373979,0.81670379129391,1.7872809069656087e-10
16,368,Seen,0.960302083954724,0.8669624861427659,7.798333853010982e-11
16,371,Seen,0.9630983263190048,0.8177508474365945,1.655018401061432e-10
16,372,Seen,0.9793175818881185,0.9517740337002106,2.274716916716895e-11
16,375,Seen,0.9679706650202758,0.8072802860097495,9.507644601811679e-11
16,376,Seen,0.9693480422870946,0.7444569174486798,3.830430839301065e-11
16,377,Seen,0.9632959528279984,0.9025623949940392,2.5511852650552537e-11
16,379,Unseen,0.970741401321231,0.9517740337002106,2.5109631168766304e-11
16,380,Unseen,0.9737149212128424,0.9873739425514836,2.0271439990972305e-11
16,381,Seen,0.9701485905460588,0.9276917424184671,2.935646137573828e-11
16,382,Unseen,0.9736690874884399,0.8753389352842421,2.8245112931133846e-11
16,384,Unseen,0.9671969073104776,0.827174352720755,3.2997533660127475e-11
16,385,Unseen,0.9753671419219845,0.9140800125635686,2.4855727699960855e-11
16,386,Unseen,0.9751542706895263,0.8983741704233011,8.198156461207018e-11
16,389,Unseen,0.9598564380218689,0.9318799669892052,2.6080951947825087e-11
16,390,Unseen,0.9571936229718513,0.8502095878598142,3.292834585641048e-11
16,391,Unseen,0.9598261131845627,0.8805742159976647,2.977212971112363e-11
16,393,Seen,0.9646360565462632,0.8941859458525632,2.812946455231166e-11
16,394,Unseen,0.9634319061551432,0.9088447318501459,2.5403741831922825e-11
16,396,Seen,0.9703429041682278,0.9371152477026277,2.849381176850614e-11
16,398,Unseen,0.9562833371030838,0.8470684194317606,6.729815810537962e-11
16,399,Unseen,0.9559669585173364,0.7873862192987441,1.612492436231693e-10
16,401,Seen,0.9630793668925082,0.7989038368682736,2.1752003811332584e-10
16,402,Seen,0.9662860626099702,0.9193152932769912,6.70161853504834e-11
16,403,Seen,0.9633707741770229,0.885809496711087,1.7892878783167523e-10
16,405,Seen,0.9657702356662666,0.9224564617050447,3.911889446046516e-11
16,406,Unseen,0.9499598873372287,0.7884332754414285,3.991485111444736e-11
16,408,Seen,0.9699629452521071,0.871150710713504,1.4533862908746935e-10
16,411,Unseen,0.9683440888821738,0.8093743982951186,1.3039901899694697e-10
16,412,Seen,0.9732374968444117,0.8983741704233011,2.0374115505925725e-11
16,413,Unseen,0.967463969887861,0.6889629418864012,3.1258045084099904e-10
16,414,Unseen,0.9593148111050416,0.79576266844022,3.380110910214828e-11
16,416,Unseen,0.9387865602147377,0.8219390720073325,1.1804539846429422e-10
16,417,Seen,0.9391125102672887,0.7947156122975356,9.123547527855408e-11
16,418,Seen,0.9328730283243013,0.8187979035792791,8.733896914827318e-11
16,420,Unseen,0.9687204869742168,0.9842327741234302,4.6683906388477794e-11
16,423,Seen,0.9477875630897232,0.8072802860097497,6.961627584398546e-11
16,424,Seen,0.9653152684748848,0.8376449141476001,4.243559764329117e-11
16,425,Seen,0.959932335255022,0.8428801948610226,7.486029649814863e-11
16,426,Seen,0.9636905981203117,0.8669624861427662,1.124496174832397e-10
16,427,Seen,0.9660415057247613,0.8899977212818251,1.2360153399569702e-10
16,429,Seen,0.9615577026080898,0.8271743527207549,3.6860346989744766e-11
16,431,Seen,0.9595154881476076,0.848115475574445,1.3991429051818747e-10
16,432,Unseen,0.9646102833646247,0.8795271598549801,1.2324633400685963e-10
16,433,Seen,0.9592721789106932,0.852303700145183,8.025781564044354e-11
16,436,Seen,0.975465080655794,0.8784801037122956,2.826319180125753e-11
16,438,Unseen,0.9665789784525024,0.9360681915599431,2.8287444161941622e-11
16,439,Seen,0.9654322693656952,0.7538804227328401,3.920716310391072e-11
16,440,Seen,0.9732398323292294,0.8795271598549801,4.44740771351399e-11
16,442,Unseen,0.9600193823628034,0.7706333210157922,4.668947715666616e-11
16,443,Seen,0.9742120667546214,0.850209587859814,9.623249656271145e-11
16,445,Seen,0.9699873340632653,0.9653857635551092,2.3266225508042548e-11
16,446,Unseen,0.9512678361667526,0.8596330931439745,6.246994706912045e-11
16,447,Unseen,0.9570813179857095,0.9119859002781997,9.563872708652339e-11
16,449,Seen,0.9774497051351039,0.883715384425718,1.20956890646574e-10
16,450,Seen,0.9741066644242494,0.720374626166936,1.9784071947021332e-10
16,452,Unseen,0.9632174562250697,0.8784801037122958,6.869951683060077e-11
16,453,Unseen,0.9744374344356788,0.8125155667231722,1.21019625895739e-10
16,455,Unseen,0.9674286678852387,0.7737744894438455,1.949190818515508e-10
16,457,Unseen,0.9753387557428675,0.8742918791415576,1.4573168346471293e-10
16,458,Seen,0.9713685251157027,0.8721977668561887,1.355184269029523e-10
16,459,Seen,0.9735231923271069,0.8250802404353861,2.437809945204731e-10
16,461,Seen,0.9679127450895678,0.8701036545708196,1.0129817651390928e-10
16,462,Unseen,0.9642254364571532,0.8481154755744451,1.6037437811865626e-10
16,463,Unseen,0.9666370988447752,0.8564919247159212,5.6017863009948945e-11
16,467,Unseen,0.976742575063627,0.9214094055623603,2.4970627269790045e-11
16,468,Unseen,0.9743791449799634,0.8816212721403491,6.825767979810475e-11
16,469,Unseen,0.9748333378147033,0.9360681915599431,2.710097713971784e-11
16,470,Unseen,0.9750326749177932,0.9465387529867882,2.6941664225463124e-11
16,472,Unseen,0.9711102961661381,0.9046565072794082,2.958350292985663e-11
16,473,Unseen,0.9781816046362954,0.8386919702902846,1.6250590032678122e-10
16,475,Unseen,0.9649504874782764,0.8146096790085411,1.8139051886467964e-10
16,476,Seen,0.9702766172594481,0.8889506651391406,1.512719576075983e-10
16,477,Unseen,0.9720568208092433,0.8899977212818252,2.915003835876383e-11
16,479,Unseen,0.9577958696071305,0.8659154300000816,3.0625831917029526e-11
16,481,Seen,0.9648506954335069,0.8104214544378031,1.0190310088691679e-10
16,482,Seen,0.9669839520616724,0.7926215000121666,1.32236821332443e-10
16,484,Seen,0.9657032028058297,0.9287387985611516,2.1968985072230424e-11
16,485,Seen,0.9671250706972513,0.933974079274574,2.6043400771185347e-11
16,486,Unseen,0.9615761854657502,0.8292684650061241,2.945161642071623e-11
16,487,Seen,0.9664794376297707,0.8491625317171296,1.2990679273634833e-10
16,489,Seen,0.9381095906834166,0.8523037001451831,4.4857300028053565e-11
16,490,Seen,0.9715115619458036,0.6711629874607645,2.1620247971079563e-10
16,491,Seen,0.969872659354551,0.839739026432969,1.222381542889786e-10
16,493,Seen,0.9652321501751958,0.8784801037122956,1.7361184455495251e-10
16,496,Seen,0.9807993648120729,0.8418331387183382,4.242573697245437e-11
16,497,Seen,0.9735422186297165,0.8784801037122957,1.209708306584261e-10
16,499,Seen,0.9667668027555025,0.877433047569611,8.239144321696049e-11
16,500,Seen,0.9744736846005592,0.9276917424184671,4.474670874891672e-11
16,501,Seen,0.9724281577780801,0.9381623038453122,2.286117863710568e-11
16,502,Seen,0.9774421432025628,0.8690565984281351,1.2095695878177375e-10
16,503,Seen,0.9676649079331401,0.8229861281500169,9.362523290625936e-11
16,506,Seen,0.972333798669177,0.7643509841596849,3.3844258721559515e-11
16,507,Seen,0.9627316824984335,0.7685392087304231,1.533879100277121e-10
16,508,Seen,0.9765409372198328,0.8826683282830337,2.6050266384798366e-10
16,509,Seen,0.9529215380702235,0.7905273877267974,9.030586207774895e-11
16,511,Unseen,0.9656187282441536,0.8711507107135041,2.4283395298776155e-11
16,513,Unseen,0.9656077506436573,0.8858094967110872,2.551862061526023e-11
16,516,Seen,0.9641440801907324,0.7758686017292147,1.227430024164417e-10
16,517,Unseen,0.9680119842858154,0.9266446862757826,2.876006805785347e-11
16,518,Seen,0.9675416067221121,0.8187979035792791,1.5800561603059225e-10
16,519,Seen,0.9716135003014479,0.8774330475696112,1.1270553189984682e-10
16,521,Seen,0.9635421166497045,0.9402564161306812,2.4429164537755052e-11
16,522,Seen,0.957653730855967,0.7591157034462626,2.1975248090784078e-10
16,524,Seen,0.9644884249842659,0.7957626684402201,8.412270587090801e-11
16,525,Seen,0.9594281597725668,0.7926215000121664,1.4224522279737052e-10
16,526,Seen,0.9682973397642081,0.7559745350182089,1.3786368527869088e-10
16,527,Unseen,0.9599030424825832,0.852303700145183,1.6854665977089854e-10
16,529,Seen,0.9604590230961964,0.755974535018209,1.7115989787958979e-10
16,531,Seen,0.9634772944799129,0.8093743982951185,1.252421618921126e-10
16,532,Seen,0.95656890331606,0.804139117581696,8.576083128356218e-11
16,535,Seen,0.9728928260014601,0.8732448229988731,1.0110766883024219e-10
16,536,Seen,0.9662144652795915,0.8753389352842419,9.145854167864453e-11
16,537,Unseen,0.9922815355394906,1.165373486807849,1.0957157331537938e-09
16,539,Unseen,0.9858135272636018,0.9214094055623602,2.0048878581602224e-10
16,540,Seen,0.9852493007816873,1.0166915145466497,4.523139715762533e-11
16,542,Seen,0.9725606836186605,0.9465387529867881,7.467769287619229e-11
16,544,Seen,0.9845564695394651,0.9203623494196755,4.4327159355244894e-11
16,546,Seen,0.9845000499561162,0.9161741248489377,6.232005860394551e-11
16,547,Seen,0.9827796283198397,0.9769033811246387,5.02094142658331e-11
16,548,Seen,0.9832414006730713,0.9936562794075908,1.1501438043615294e-10
16,550,Unseen,0.9781527529661594,0.9360681915599431,1.2057840450675558e-10
16,551,Unseen,0.9769130812593575,0.8439272510037072,1.044659561800158e-10
16,552,Seen,0.979032836191119,0.9413034722733657,2.0177822006987314e-10
16,554,Seen,0.979482948892397,0.9360681915599431,1.116576380826122e-10
16,555,Seen,0.9822263114527353,0.8428801948610224,1.2537862908008754e-10
16,557,Seen,0.9797374844449457,0.8994212265659856,1.3807752351654953e-10
16,559,Seen,0.9691498266579204,0.8020450052963273,1.4118202147538692e-10
16,560,Seen,0.977351623915349,0.822986128150017,1.7063871903778655e-10
16,561,Seen,0.9728860888116727,0.9067506195647771,1.367858472764636e-10
16,563,Unseen,0.9598941457213154,0.8470684194317605,8.866975094363685e-11
16,565,Seen,0.9798450207525211,0.8198449597219637,1.0694303150585128e-10
16,566,Seen,0.9775090608466752,0.9371152477026278,8.361369241691891e-11
16,567,Seen,0.9751851763167865,0.8428801948610226,8.759311264986883e-11
16,568,Seen,0.9744155812133691,0.9098917879928307,7.175216167494244e-11
16,571,Unseen,0.9659102784892588,0.9308329108465208,3.54200017801392e-11
16,572,Unseen,0.9750680559944136,0.8784801037122956,2.0752871435306664e-10
16,574,Seen,0.9609943279345976,0.7277040191657275,1.9833724836222851e-10
16,575,Seen,0.9607124042669336,0.7968097245829044,1.3279043671226525e-10
16,576,Seen,0.9453993325867671,0.8156567351512255,1.302111668406641e-10
16,578,Seen,0.9679406492381893,0.7936685561548512,7.775804151532794e-11
16,579,Seen,0.9727062372826565,0.8941859458525631,1.8279981506774468e-10
16,580,Seen,0.966936318370083,0.9119859002781996,1.4361712382264357e-10
16,583,Seen,0.9659011214113341,0.8303155211488086,1.2374864278875062e-10
16,584,Seen,0.9650824254739737,0.8303155211488086,1.5666318794214054e-10
16,585,Seen,0.9818079364275288,0.8889506651391407,2.947276576913523e-11
16,586,Seen,0.9654806846991904,0.8669624861427662,1.7328660254854086e-10
16,587,Seen,0.9549361290027297,0.8135626228658565,1.6005887048413307e-10
16,588,Seen,0.9682536542426675,0.7842450508706906,1.5318106752699342e-10
16,591,Seen,0.9610054975946204,0.822986128150017,1.4879772553473858e-10
16,593,Seen,0.9649370200564122,0.686868829601032,2.3104453157143454e-10
16,594,Seen,0.9752450054346297,0.9046565072794082,2.7217995133521023e-11
16,596,Seen,0.9805027888146333,0.785292107013375,1.1473761848887496e-10
19,0,Unseen,0.9694329477260589,0.8847624405684026,4.5800781010566106e-11
19,1,Unseen,0.9730848867568928,0.9413034722733656,4.01440522303206e-11
19,3,Seen,0.9694907027421696,0.9308329108465208,4.337563154954548e-11
19,5,Unseen,0.9776443648120692,0.9413034722733656,3.3201316820721776e-11
19,6,Unseen,0.9725814345204025,0.7947156122975357,3.9444919930407364e-10
19,8,Unseen,0.9773773737841186,0.9308329108465206,3.115680804345015e-11
19,9,Unseen,0.9721804830111181,0.87952715985498,4.001322644929455e-11
19,10,Unseen,0.9748418514394368,0.9496799214148416,3.6999501143800197e-11
19,12,Unseen,0.9777111928619707,0.9297858547038362,4.543818978597577e-11
19,15,Seen,0.9789144817634253,0.8994212265659856,8.012250850985058e-11
19,16,Unseen,0.970315103245478,0.9748092688392697,4.2841899479311275e-11
19,17,Unseen,0.9743694372457756,0.8994212265659856,7.161079280906107e-11
19,19,Unseen,0.9721395972091365,1.0145974022612807,4.757427081833124e-11
19,20,Unseen,0.9789449646817343,0.9894680548368526,3.725444591037274e-11
19,21,Unseen,0.9642509591479741,0.7989038368682734,2.4638837200034047e-10
19,23,Unseen,0.9745205590939474,0.9454916968441037,5.582445525702908e-11
19,24,Unseen,0.9684442449031927,0.8983741704233011,7.526057195914648e-11
19,26,Unseen,0.9724515974551394,0.9779504372673232,1.830238382260486e-10
19,28,Unseen,0.9800701685848636,1.0250679636881257,7.468177709730948e-11
19,29,Unseen,0.9708829862590697,0.9004682827086701,5.250861136672952e-11
19,31,Unseen,0.9768690713755716,1.0198326829747033,4.1707792585009874e-11
19,33,Unseen,0.97719097127978,0.9402564161306811,6.969216360554586e-11
19,34,Unseen,0.9790022777584163,0.9549152021282642,7.997197317608047e-11
19,36,Unseen,0.9622625736900586,0.9580563705563175,5.6836336677863893e-11
19,37,Unseen,0.9835378880009471,1.0282091321161793,1.321949075136367e-10
19,38,Unseen,0.9871569049214076,1.0030797846917512,9.967318852232415e-11
19,39,Unseen,0.9687808971795854,0.9119859002781997,2.945111524409033e-10
19,41,Unseen,0.9761440028470678,0.9674798758404781,5.717849817246653e-11
19,42,Unseen,0.9829327361494198,0.9402564161306811,6.551877707887098e-11
19,45,Unseen,0.9744676254247637,0.9475858091294725,8.252397354927594e-11
19,46,Unseen,0.9784502658749341,0.9245505739904136,6.94521555929216e-11
19,48,Unseen,0.9756323034261339,0.9915621671222218,7.10118333620094e-11
19,49,Unseen,0.967651619184681,0.9507269775575261,6.17768536787459e-11
19,51,Unseen,0.9599994167077734,0.9873739425514837,6.005153943111315e-11
19,52,Unseen,0.97714222402503,0.9978445039783287,6.963210586598865e-11
19,55,Unseen,0.9701224181005973,0.9810916056953767,3.8490948066181964e-11
19,56,Unseen,0.9661119422031245,0.9507269775575261,4.863040141992463e-11
19,57,Unseen,0.9732761120156064,0.9685269319831626,1.7112439909124961e-10
19,58,Unseen,0.9786936163751631,0.8784801037122957,7.064109372322033e-11
19,59,Unseen,0.9867105420169019,1.0135503461185962,6.958263211458632e-11
19,60,Unseen,0.9784838427779071,0.9758563249819541,3.5704051881989706e-11
19,62,Unseen,0.9854761104144576,0.9810916056953767,4.896410114511988e-11
19,63,Unseen,0.9822184823760852,0.9486328652721572,5.3536781243251193e-11
19,65,Unseen,0.9814404332746448,0.9947033355502752,4.497458570954987e-11
19,66,Unseen,0.9686140898637781,0.9727151565539006,3.2151883896672813e-11
19,69,Unseen,0.9691851262378357,0.9685269319831628,3.579108298869759e-11
19,70,Unseen,0.9772650403615427,0.9559622582709486,3.7053743608889865e-11
19,72,Unseen,0.9759740872744878,0.9570093144136331,3.596911724417313e-11
19,74,Seen,0.9798708777872914,0.9308329108465208,4.523107922265885e-11
19,75,Unseen,0.9737368136204387,0.9486328652721572,4.414036369986791e-11
19,76,Unseen,0.9844836866081127,1.009362121547858,4.18245033628962e-11
19,77,Unseen,0.9768599942632717,0.8931388897098786,7.04381777661376e-11
19,78,Unseen,0.9824520626400198,1.0093621215478583,6.73610609297194e-11
19,80,Unseen,0.9791522066790106,0.9779504372673232,6.822505607891626e-11
19,81,Unseen,0.9710373889511089,0.9402564161306811,4.601947353078498e-11
19,84,Unseen,0.9785092202139081,1.0313503005442326,7.910820499675531e-11
19,85,Unseen,0.9848118263336293,1.0219267952600724,1.4838558292314332e-10
19,86,Unseen,0.9821073254068965,1.0009856724063824,1.1721921078682948e-10
19,88,Unseen,0.9851010064469112,1.0198326829747033,1.0998653118546651e-10
19,91,Seen,0.9890319777889475,0.9559622582709486,2.512903086970112e-10
19,92,Unseen,0.975979044985598,0.9507269775575261,1.7630607430143276e-10
19,93,Seen,0.9820533125400615,0.9957503916929595,6.094443149123397e-11
19,94,Unseen,0.9810004129536609,0.9821386618380612,1.1469238562719908e-10
19,95,Seen,0.9807235043433183,0.9810916056953768,8.574103972347065e-11
19,97,Unseen,0.9782140237359802,0.9360681915599431,8.507820885953978e-11
19,98,Unseen,0.9794961516591899,0.9643387074124247,8.680397371812856e-11
19,99,Unseen,0.9787991425031942,0.8386919702902845,2.3845592201982285e-10
19,103,Seen,0.9721278989492225,0.9182682371343066,1.1998761352991039e-10
19,104,Unseen,0.9686151083475785,0.8910447774245097,7.472851221287714e-11
19,105,Unseen,0.991879393555939,1.0292561882588638,2.169129028424121e-10
19,106,Unseen,0.97398215568484,1.0104091776905426,7.709236350936513e-11
19,108,Unseen,0.974514569353375,0.9004682827086701,1.1140038575536489e-10
19,109,Unseen,0.9778079686332504,0.9737622126965851,1.1793718141272836e-10
19,111,Unseen,0.9806575798567669,1.0051738969771202,9.498030661271647e-11
19,112,Unseen,0.9878247212846277,1.03763263740034,1.0790929275214235e-10
19,114,Unseen,0.9753441143516667,0.9664328196977937,9.00829655767227e-11
19,115,Seen,0.9798101681492536,0.8114685105804876,1.1412442433016132e-10
19,116,Unseen,0.9823224858361334,1.014597402261281,1.0644888732540688e-10
19,118,Unseen,0.9794009311001385,0.9549152021282643,1.0235360266225832e-10
19,119,Unseen,0.978787934730945,0.9664328196977937,6.475193788136721e-11
19,120,Unseen,0.9785732529816079,0.9978445039783286,5.054140232095374e-11
19,121,Seen,0.9796521373724565,0.9905151109795372,2.1846613221028827e-10
19,124,Seen,0.9769793376670749,0.8879036089964562,4.296242907642506e-10
19,126,Unseen,0.9755608105817994,0.9905151109795372,3.6888455642455835e-11
19,128,Unseen,0.9666131392508027,0.9831857179807457,3.7144235394483244e-10
19,129,Unseen,0.9840341851544586,1.0732325462516128,1.4668690988897812e-10
19,130,Seen,0.9811323805245215,1.0344914689722862,5.847025854192863e-10
19,131,Unseen,0.981413819416661,1.0344914689722864,5.908928787792676e-11
19,132,Unseen,0.9767122062057448,1.0617149286820833,5.1691410806834526e-11
19,134,Seen,0.9823231639930192,1.0083150654051736,6.0099498385495e-10
19,136,Seen,0.9771995807638839,0.9214094055623602,5.503879818249661e-10
19,137,Seen,0.9903249713725447,0.9706210442685318,9.805791972935193e-11
19,138,Unseen,0.9781765072773382,0.9067506195647772,4.331995551884829e-11
19,139,Seen,0.9842383336070442,0.9203623494196757,5.002861987798495e-10
19,140,Unseen,0.9797096975229733,0.9873739425514837,3.897821741274274e-11
19,142,Unseen,0.9721406122303923,1.0104091776905428,4.9545205752707116e-11
19,144,Unseen,0.9800396934535845,1.0428679181137623,5.5022898435772544e-11
19,145,Unseen,0.9706717730006991,0.9161741248489377,6.016661704553225e-11
19,147,Unseen,0.9747839076168211,0.9015153388513546,9.719932430839107e-11
19,148,Unseen,0.9799530296524006,0.9486328652721572,1.0621247325014978e-10
19,149,Seen,0.9752062434790024,0.9172211809916221,5.908861098715405e-11
19,150,Seen,0.9818448278852827,0.9496799214148417,4.844147531222999e-11
19,153,Seen,0.983406227552256,0.94235052841605,5.856218901048184e-11
19,155,Unseen,0.9826617634260968,0.9737622126965852,1.0146085952124965e-10
19,156,Unseen,0.9804786932580847,1.0564796479686607,1.0384767194707171e-10
19,157,Unseen,0.9877534975490492,1.07951488310772,9.849309331130491e-11
19,158,Seen,0.9845351514963615,0.9831857179807457,6.875909213659211e-11
19,160,Seen,0.9859020942706361,1.070091377823559,7.499068975567246e-11
19,161,Unseen,0.981429796211437,1.0606678725393988,7.799082822562683e-11
19,163,Unseen,0.9838148233883321,1.0009856724063821,8.172864378085075e-11
19,165,Unseen,0.9899537247455625,1.0648560971101366,7.846674709622633e-11
19,166,Unseen,0.9847618958924355,1.0606678725393988,1.0968911285577603e-10
19,169,Unseen,0.9800245190901107,0.9779504372673232,1.0715528466031671e-10
19,170,Unseen,0.9681747813065165,0.8774330475696112,5.4296268525516574e-11
20,0,Unseen,0.9801156139917735,0.8774330475696112,2.830768473870462e-11
20,1,Seen,0.9839118897282799,0.8282214088634396,2.221673744101424e-11
20,3,Seen,0.9833551484575699,1.0376326374003397,1.4756015103533192e-11
20,5,Seen,0.983086317758251,0.9475858091294725,3.056672326278377e-11
20,6,Seen,0.9819919984823106,1.0135503461185962,2.080939105263161e-11
20,7,Seen,0.9826445338608273,0.9947033355502752,2.7538099456813282e-11
20,9,Seen,0.9767489741418066,0.9716681004112161,2.5038070629012e-11
20,11,Seen,0.9752381750444539,0.6428924716082834,4.130851383931323e-10
20,12,Seen,0.9777056086653519,0.9088447318501461,2.885043597330935e-11
20,13,Seen,0.9698469503170254,0.8805742159976646,1.5682667146666448e-10
20,14,Seen,0.9706416711420206,0.9580563705563176,3.118460999701321e-11
20,15,Seen,0.9859125296800714,0.9664328196977936,3.1816491170059794e-11
20,18,Seen,0.980577625826862,0.7203746261669364,5.035289384274092e-10
20,21,Unseen,0.9761787503352676,1.0261150198308102,2.8560471339287396e-11
20,22,Unseen,0.9779790323371331,0.9454916968441036,2.7974244337254088e-11
20,23,Unseen,0.9825403787936761,0.9863268864087993,2.9227105815550875e-11
20,24,Seen,0.983907427521796,0.9957503916929596,3.236372744140907e-11
20,25,Seen,0.9816373045497165,1.0407738058283933,3.093385980913256e-11
20,26,Unseen,0.9865643044639447,1.0208797391173876,2.800892476864719e-11
20,27,Unseen,0.9827518822354026,0.7235157945949898,5.165583200306669e-10
20,30,Seen,0.9776977022637466,0.8449743071463917,1.8425155863000003e-10
20,33,Seen,0.9747570732805376,0.7130452331681447,4.2741744526813484e-10
20,34,Seen,0.9743898883317847,0.7413157490206261,1.9366132613590705e-10
20,35,Seen,0.9852488561140764,0.7067628963120377,3.319843681645926e-10
20,36,Seen,0.9724557764861959,0.5287633520556727,5.896591122866435e-10
20,37,Seen,0.9745780460407109,0.9538681459855797,3.178757380396883e-11
20,39,Seen,0.9833227620636705,0.948632865272157,4.016967652812081e-11
20,40,Unseen,0.9851408316972754,0.8491625317171295,2.5391022669365026e-10
20,42,Unseen,0.984379243199219,1.0564796479686607,3.1485344007153044e-11
20,43,Seen,0.9750240046149224,0.7538804227328402,3.5043090746614087e-10
20,45,Seen,0.9812755488564823,0.7706333210157923,4.350049920769933e-10
20,47,Seen,0.9812675429037679,0.5748338223337907,1.0374541243433071e-09
20,49,Unseen,0.9831861145032236,0.9308329108465204,2.632005640473252e-10
20,50,Seen,0.9878409601627077,1.0313503005442326,2.702002271809747e-11
20,51,Seen,0.9821135081292206,0.9580563705563176,5.960588636298805e-11
20,53,Seen,0.9876794829765061,1.0700913778235592,2.49948344218849e-11
20,55,Unseen,0.9825373833033654,0.9706210442685317,7.603429324537832e-11
20,57,Seen,0.9783204223838479,0.8355508018622311,2.3368816282327964e-10
20,58,Seen,0.97873664841362,0.6722100436034493,5.372302703013388e-10
20,59,Seen,0.9873248822248171,1.0805619392504042,2.5405204587460705e-11
20,62,Seen,0.9868442989411065,1.080561939250404,2.7699623520252927e-11
20,63,Seen,0.9738462066510434,0.7884332754414285,7.673999876952452e-10
20,64,Seen,0.9792201606952312,0.8135626228658569,2.7120301330040626e-10
20,65,Seen,0.9857882931670648,1.0093621215478583,3.123398170006815e-11
20,67,Unseen,0.9897093283821953,1.0114562338332271,3.429440151875105e-11
20,68,Seen,0.9822666598236386,1.0554325918259764,3.52002442040939e-11
20,70,Seen,0.9850862374497366,0.9140800125635686,2.1808712631279326e-10
20,71,Seen,0.9858251251568146,1.0020327285490667,9.483220992498093e-11
20,73,Seen,0.9918492433933145,1.0920795568199337,3.184582185308802e-11
20,74,Seen,0.9878322404452095,0.8460213632890761,1.7397911190576312e-10
20,75,Seen,0.9816545719608216,0.7297981314510967,3.1470684570317916e-10
20,76,Seen,0.9854558117868245,0.7873862192987441,2.1304698422700725e-10
20,78,Unseen,0.9749466041080036,1.0135503461185962,4.2028019019102595e-11
20,79,Unseen,0.983473379827076,1.0439149742564466,3.244995054781378e-11
20,81,Unseen,0.9817148501732501,0.8261272965780706,4.516060324388673e-10
20,82,Unseen,0.9821353573808785,0.9392093599879966,3.493160934027204e-10
20,84,Seen,0.9828431027307857,0.827174352720755,1.9396745603755073e-10
20,86,Unseen,0.9875363825280176,1.0397267496857088,3.354783993758823e-11
20,88,Unseen,0.9830883999967941,1.0166915145466497,5.11402304190614e-11
20,89,Unseen,0.9781513053334767,1.0323973566869173,3.83329236816165e-11
20,90,Unseen,0.987554048784303,0.9067506195647771,5.1825155351179443e-11
20,91,Unseen,0.9844344461091894,1.0690443216808745,3.3994789879632816e-11
20,92,Unseen,0.9830984667067162,1.063809040967452,3.865901567355835e-11
20,94,Seen,0.978674381740664,0.5308574643410416,8.156547021864191e-10
20,96,Seen,0.984433953697262,0.9978445039783286,1.2841171710935354e-10
20,97,Unseen,0.9835331135162755,1.0187856268320186,2.7972824058670257e-11
20,98,Unseen,0.9806598222292187,0.9884209986941681,4.3562178714741583e-11
20,99,Unseen,0.9843887650005966,1.0543855356832919,3.132715183610879e-11
20,103,Unseen,0.9637081837006228,0.94235052841605,5.512580275585579e-10
20,104,Seen,0.9833877460465591,0.9287387985611517,5.019718971457509e-11
20,105,Unseen,0.9808702343263286,1.0575267041113454,4.4200470593542763e-11
20,106,Seen,0.9838323354500793,0.6219513487545933,8.100782622788422e-10
20,109,Unseen,0.9879588958720746,0.9433975845587346,4.070645900911143e-11
20,111,Unseen,0.9820929747515763,0.5737867661911062,5.934941254147131e-10
20,112,Seen,0.974775369492498,0.6732570997461337,8.510000232977687e-10
20,113,Seen,0.9787617567494628,0.7968097245829046,2.5469975272013834e-10
20,114,Unseen,0.9749036773641888,0.7339863560218346,1.4129542881087566e-10
20,115,Unseen,0.9795426489967151,0.7350334121645192,3.1821927228105995e-10
20,116,Unseen,0.9849054088356913,1.0491502549698692,3.191385529471987e-11
20,117,Unseen,0.9850799390450657,1.0020327285490667,3.0802344165532995e-11
20,122,Unseen,0.9797329959282648,0.8868565528537716,7.872208384324406e-10
20,123,Seen,0.9859984205815306,0.9622445951270557,2.545855594632581e-11
20,124,Seen,0.9809666332245093,0.5078222292019826,1.0239231143026196e-09
20,125,Seen,0.9833565275584557,1.0187856268320188,3.955896493946327e-11
20,127,Seen,0.9830555049293904,0.6219513487545933,8.435101255606159e-10
20,128,Seen,0.9846482260953342,0.7769156578718992,6.324526019903069e-10
20,129,Seen,0.9794990575693596,0.8805742159976646,4.168317571641256e-10
20,131,Seen,0.9829435521546597,0.814609679008541,4.956214885681883e-10
20,133,Unseen,0.985118728063005,1.0994089498187252,3.6026468508118355e-11
20,134,Seen,0.9789903736047216,0.7706333210157922,4.695580457431555e-10
20,135,Seen,0.983617814846661,1.0020327285490667,5.887835398062189e-11
20,137,Seen,0.9817704798578176,0.7622568718743162,3.7395914143739895e-10
20,138,Seen,0.9795332793781232,1.0104091776905426,3.951115369459841e-11
20,140,Unseen,0.9877145624844011,1.051244367255238,3.627015888329814e-11
20,141,Seen,0.9868012920641236,0.8083273421524341,3.403219526566467e-10
20,143,Seen,0.9817697565863873,0.8879036089964562,5.101212418640647e-11
20,145,Seen,0.9842530131496383,1.0083150654051736,1.6225927105733754e-10
20,147,Unseen,0.985500711864918,0.9297858547038362,4.822297285946211e-11
20,148,Unseen,0.9805726654476615,1.0365855812576552,4.5258246212310454e-11
20,149,Seen,0.9833421540920101,1.0344914689722862,4.1594856938507356e-11
20,152,Seen,0.981024297051273,0.5622691486215767,5.358150617579254e-10
20,153,Seen,0.9797632139112106,0.6345160224668074,5.398945546036443e-10
20,154,Unseen,0.986825012259769,1.0564796479686607,4.389035218910458e-11
20,155,Seen,0.9781728788324637,0.8386919702902845,2.337837317715914e-10
20,157,Seen,0.9745429252980814,0.8439272510037071,2.470841884699399e-10
20,158,Unseen,0.9797339577751355,0.8240331842927016,2.976560893128098e-10
20,160,Seen,0.9818495153817668,0.6544100891778127,7.193857901233145e-10
20,161,Seen,0.9765275577913973,0.7224687384523051,5.533046248190354e-10
20,162,Unseen,0.9723981435935526,0.917221180991622,6.214059230155163e-10
20,165,Unseen,0.9835584300703659,0.8742918791415577,4.365780217208856e-11
20,166,Unseen,0.9810515653928003,0.6858217734583477,7.451947648709009e-10
20,167,Unseen,0.979370827825021,0.9465387529867882,5.733394381210077e-10
20,169,Unseen,0.9825496545483323,0.7947156122975356,3.5714576232711413e-10
20,170,Unseen,0.9836108610333344,1.0627619848247678,4.3511530255628896e-11
20,171,Seen,0.9775983044803997,0.9224564617050446,3.640385329605652e-10
20,173,Unseen,0.9821520484934774,0.8858094967110871,5.569910141603857e-10
20,174,Unseen,0.9871760108921497,1.0365855812576554,4.526773760341142e-11
20,177,Seen,0.982515641795308,0.7517863104474711,4.612264714433165e-10
20,178,Seen,0.9772100196375609,0.8910447774245097,2.891322599662428e-10
20,179,Unseen,0.9893352426207513,1.0407738058283933,3.911360184703863e-11
20,181,Seen,0.9848513439588346,0.7769156578718991,7.8028563070993e-10
20,182,Seen,0.9773894123575022,0.5884455521886892,8.591759493219401e-10
20,183,Seen,0.9829218805073678,0.6962923348851927,6.174070548386046e-10
20,184,Seen,0.9822176071841779,0.5779749907618442,8.541195554618177e-10
20,186,Seen,0.9804785400375848,0.7570215911608936,5.183610696866993e-10
20,188,Seen,0.9797500155901568,0.8198449597219635,3.9024404024000784e-10
20,189,Seen,0.9773650609486215,0.701527615598615,6.841622869768548e-10
20,190,Seen,0.9796038729191537,0.7968097245829047,3.438427071796972e-10
20,192,Seen,0.982823093425011,0.789480331584113,3.687801307854358e-10
20,193,Unseen,0.9869647307226198,1.0083150654051736,3.5897587008762146e-11
20,195,Seen,0.979294544767016,1.0282091321161793,3.9120707383365454e-11
20,197,Seen,0.9838801556246808,0.9664328196977936,3.974013446736498e-11
20,198,Seen,0.9705800323632806,0.5905396644740584,9.051319824472152e-10
20,199,Seen,0.9825133537596786,0.5235280713422502,8.544506237930848e-10
20,202,Seen,0.9696476229980365,0.7360804683072038,5.71767390648363e-10
20,203,Seen,0.965558962473188,0.7496921981621021,3.6511632810861375e-10
20,204,Unseen,0.9868545100865886,1.0522914233979228,2.922099776904248e-11
20,205,Seen,0.9784070426572372,0.957009314413633,4.6096406358855714e-11
20,206,Seen,0.9785893402408431,0.68163354888761,6.933575172530526e-10
20,208,Seen,0.9748855483228411,0.7695862648731077,3.1453575461776423e-10
20,210,Unseen,0.984954450692575,1.0104091776905426,4.084008567813081e-11
20,211,Unseen,0.9844218347856258,1.035538525114971,4.112678246182579e-11
20,212,Unseen,0.9828751006302336,0.9266446862757827,3.937177727885579e-11
20,215,Seen,0.974739666851408,0.8156567351512256,2.9382233109881443e-10
20,216,Unseen,0.9752555950433537,1.015644458403965,2.654673971955755e-11
20,217,Seen,0.973042273720133,0.8219390720073325,2.261731200071039e-10
20,219,Seen,0.9743299166967542,0.6062455066143256,8.541799545802142e-10
20,221,Seen,0.9716572901679847,0.6805864927449251,5.767152389553329e-10
20,222,Seen,0.9692011364093418,0.7559745350182091,3.2152291323552356e-10
20,224,Unseen,0.9820034092948705,0.9591034266990022,3.098854321050309e-11
20,226,Seen,0.9842924864820468,0.6072925627570103,6.228326285339028e-10
20,227,Unseen,0.9785604352078456,0.8512566440024985,1.482916683947226e-10
20,229,Seen,0.9714852008196255,0.6313748540387538,7.692480673014338e-10
20,231,Seen,0.9720971032352197,0.820892015864648,5.597991623158307e-10
20,232,Seen,0.971755828861931,0.6669747628900269,5.233509177301643e-10
20,233,Seen,0.9843994898984995,0.9800445495526922,3.676308412968443e-11
20,234,Seen,0.9744192467621313,0.6229984048972779,1.0099926501607983e-09
20,235,Unseen,0.9866640738378881,0.9601504828416866,3.8057075907742667e-11
20,236,Unseen,0.9727165810508945,0.9926092232649062,1.0736992407780476e-10
20,239,Seen,0.986167961759155,0.9465387529867882,3.8780932058058537e-11
20,241,Seen,0.9809201107755012,0.8083273421524343,2.725234124502577e-10
20,242,Seen,0.9776537507856142,0.7392216367352572,5.176853931546945e-10
20,243,Seen,0.9846625256389383,1.0365855812576552,1.995554054227539e-11
20,244,Seen,0.9707769271479055,0.6523159768924435,4.492807525632096e-10
20,246,Seen,0.9721306550222863,0.6303277978960692,5.191823285702068e-10
20,247,Seen,0.9720472883207639,0.7811038824426371,3.0688213420813005e-10
20,248,Seen,0.9842122185633276,0.9957503916929596,2.0851464833237755e-11
20,251,Seen,0.9807517558326984,0.7915744438694823,5.434904318270369e-10
20,254,Seen,0.9655579830246965,0.7214216823096208,4.3139808584518774e-10
20,255,Seen,0.9674764013536544,0.7591157034462628,2.8647912950338897e-10
20,256,Seen,0.9846159628430796,0.6973393910278771,5.843279326930834e-10
20,257,Seen,0.9807239255651998,0.7528333665901557,3.287736131644201e-10
20,258,Seen,0.9821408908307281,0.5863514399033203,9.747393076152459e-10
20,259,Seen,0.9794279473042365,0.9392093599879964,2.4562849485079215e-10
20,261,Unseen,0.9843790137065089,1.0009856724063821,2.5148685540735542e-11
20,263,Seen,0.980314786545436,0.7968097245829047,3.0947427234093526e-10
20,264,Unseen,0.980929629268064,1.0240209075454412,2.3175705419794904e-11
20,265,Seen,0.9792684765301063,0.9727151565539007,4.070890577272888e-11
20,267,Seen,0.9846142645345173,0.772727433301161,3.2180818776163634e-10
20,269,Unseen,0.9870909170380717,1.050197311112554,3.099254226943178e-11
20,271,Seen,0.9809892062094999,0.6334689663241229,8.116468271571387e-10
20,273,Unseen,0.9866232635395655,1.0166915145466495,4.6465706299570714e-11
20,274,Unseen,0.9835013650667535,0.9769033811246387,1.9236457470367137e-10
20,275,Seen,0.9788544641748729,0.8187979035792791,2.9915153036583566e-10
20,278,Unseen,0.978568541217583,0.7758686017292145,5.74115669424599e-10
20,279,Unseen,0.981557468101536,0.8931388897098786,3.296369677207371e-11
20,280,Unseen,0.983793297760253,0.8596330931439745,3.747547729273706e-11
20,281,Unseen,0.9828729082375566,1.0564796479686607,4.5936413072019704e-11
20,282,Seen,0.9887592503386955,1.0564796479686607,3.7346512401743744e-11
20,284,Seen,0.9747467881066372,0.7737744894438454,3.8040976205602364e-10
20,285,Unseen,0.9856700039099772,1.0439149742564469,4.298452876533981e-11
20,287,Unseen,0.9769370956138433,0.923503517847729,3.3090362344637555e-10
20,288,Unseen,0.9813143182182192,1.0156444584039652,3.02732814202543e-11
20,290,Seen,0.9742827027204286,0.5434221380532558,8.95140073659587e-10
20,291,Unseen,0.9791422928247374,0.822986128150017,5.2294702118278124e-11
20,293,Seen,0.9795673832875278,0.9496799214148417,4.9981664225781464e-11
20,294,Unseen,0.9810683272678423,0.9769033811246387,3.4315333216224913e-11
20,295,Unseen,0.9733480491984424,0.8753389352842419,8.05392160095738e-11
20,297,Seen,0.971219124596095,0.7465510297340486,4.5395983523786286e-10
20,298,Seen,0.9785047983436372,0.739221636735257,5.099468086455807e-10
20,300,Unseen,0.978887557627758,1.0009856724063821,3.949318045280072e-11
20,301,Seen,0.9758454539664561,0.4879281624909771,1.2689199866541243e-09
20,302,Seen,0.9789138636053907,0.6816335488876097,7.143720074638846e-10
20,303,Seen,0.9818551096135725,0.7224687384523053,7.310515886453216e-10
20,306,Unseen,0.9794324246079155,0.45965764663849557,1.5448084716091601e-09
20,307,Seen,0.9796060630359131,0.852303700145183,7.89613239342833e-10
20,308,Seen,0.9807354136744476,0.6512689207497594,8.682257676118988e-10
20,311,Seen,0.98163102781728,0.8428801948610227,2.510115576371483e-10
20,313,Seen,0.9821349937226721,0.952821089842895,1.2670009202478687e-10
20,314,Unseen,0.986559959261169,0.9727151565539006,3.729559364684939e-11
20,315,Seen,0.9828592999284224,0.6826806050302943,6.680622429234274e-10
20,316,Seen,0.97638732759482,0.6962923348851926,6.760652912464667e-10
20,318,Seen,0.9770491315433993,0.5549397556227852,8.247262242000024e-10
20,320,Unseen,0.9700070756232487,0.508869285344667,9.986675606569348e-10
20,321,Seen,0.9758428349222942,0.881621272140349,3.8379280498470487e-10
20,322,Seen,0.9767912649706364,0.8355508018622312,3.656172810206378e-10
20,324,Seen,0.9751852140190783,0.8491625317171296,2.9840572241186114e-10
20,325,Unseen,0.9856342394759193,1.0439149742564466,3.7779378074820607e-11
20,326,Seen,0.9481222831963196,0.7287510753084123,5.656919403288095e-10
20,327,Unseen,0.9794774998081653,1.0125032899759117,2.5228634174978917e-11
20,330,Seen,0.9824697867763984,0.7151393454535139,5.333152432477803e-10
20,331,Seen,0.9741834207480861,0.5821632153325823,1.1540768921516171e-09
20,333,Seen,0.9707215890360248,0.7716803771584764,4.096904622838371e-10
20,334,Unseen,0.977833620314235,0.9465387529867881,2.9823698327525765e-11
20,336,Seen,0.9781309800009726,0.5549397556227852,6.667572430856847e-10
20,337,Seen,0.9729475472746882,0.5612220924788923,1.093003964751214e-09
20,340,Unseen,0.9846782955403205,0.9999386162636976,3.185223962100143e-11
20,341,Seen,0.9782377239367318,0.8009979491536426,3.9312730542804726e-10
20,344,Unseen,0.9764453985902848,0.6135748996131173,1.0965303441666955e-09
20,345,Seen,0.9792120374739279,0.8365978580049157,2.0139123958935868e-10
20,346,Unseen,0.9758653924894765,0.8554448685732365,2.3454940795069895e-10
20,347,Unseen,0.9793833700004807,1.0271620759734947,3.8602919231495897e-11
20,349,Seen,0.9791797296393976,0.6565042014631816,6.187582845854903e-10
20,351,Seen,0.977828955616827,0.5748338223337907,8.391065348080179e-10
20,352,Unseen,0.9837324335395459,0.8899977212818251,4.274837842259797e-11
20,353,Unseen,0.9768527793161433,0.6209042926119086,2.87050876752226e-10
20,356,Seen,0.967582881131938,0.718280513881567,3.9909554982396643e-10
20,357,Unseen,0.98442244729895,0.8062332298670651,1.8721462901496757e-10
20,358,Unseen,0.9825396325334356,0.7392216367352573,5.204324281392177e-10
20,359,Unseen,0.9711743185929537,0.6973393910278772,1.2825430158572777e-10
20,360,Unseen,0.9779338359685953,1.0313503005442326,1.8862392226597294e-10
20,361,Seen,0.9756622006415349,0.48478699406292364,1.3203676680183114e-09
20,364,Seen,0.9775868006822218,0.6439395277509676,1.1058959473391298e-09
20,365,Seen,0.9790147981915228,0.7633039280170005,3.6125662993865074e-10
20,366,Seen,0.9739225263451035,0.7769156578718992,2.849163699720282e-10
20,367,Seen,0.9741902487496961,0.6334689663241228,8.092228509859624e-10
20,368,Unseen,0.9866885801036082,1.0941736691053028,2.2623415829105858e-11
20,371,Unseen,0.9831474210043384,0.9978445039783286,9.270232717179818e-11
20,373,Unseen,0.9838758637146947,1.119303016529731,3.607097144641033e-11
20,374,Unseen,0.9800244737580097,1.0051738969771202,3.950187018291861e-11
20,376,Unseen,0.9826783787393961,1.0837031076784578,4.056787643586203e-11
20,377,Unseen,0.9889210818804421,1.0983618936760409,3.766717191511683e-11
20,378,Unseen,0.9796468408052604,1.0428679181137623,3.982883700581689e-11
20,380,Unseen,0.9828039548858611,1.049150254969869,4.297267551280575e-11
20,381,Unseen,0.9811986778676607,1.1151147919589925,5.6188884245929854e-11
20,383,Seen,0.9821259130337961,0.7737744894438455,6.478076602382822e-10
20,385,Unseen,0.98815560009916,1.0983618936760409,4.5505439868830575e-11
20,386,Seen,0.987514084936475,1.081608995393089,4.785034555342389e-11
20,387,Seen,0.9892065932884647,1.053338479540607,5.130048386228211e-11
20,389,Seen,0.9778329174826231,0.7245628507376741,1.087475051794371e-09
20,391,Unseen,0.9827834059287837,0.9873739425514837,3.0396049115646435e-11
20,393,Seen,0.983214045744899,1.0857972199638268,2.613122072186944e-11
20,394,Unseen,0.9817125879583036,0.8994212265659856,3.498886614392132e-11
20,395,Unseen,0.9799261372246059,0.9350211354172586,3.5537874940210147e-11
20,396,Unseen,0.9782816740530377,0.9381623038453122,3.8102920898162585e-11
20,397,Seen,0.9773671069006508,0.9706210442685317,3.4327332026377986e-11
20,399,Unseen,0.9844659368942301,0.9842327741234301,3.669303926275944e-11
20,401,Unseen,0.9814485986710622,1.0816089953930887,2.5955587438030406e-11
20,404,Unseen,0.9699570367307753,0.4334812430713831,1.230795890209889e-09
20,405,Seen,0.9792901102868115,0.5298104081983571,9.817143113599491e-10
20,406,Seen,0.9844435856675509,0.8261272965780707,3.5228485103101e-10
20,407,Seen,0.9727487780498172,0.6282336856107,6.647431413448258e-10
20,408,Seen,0.9616461615314296,0.7915744438694821,3.1003494658506765e-10
20,410,Seen,0.9751226196531559,0.7507392543047868,3.192456355905305e-10
20,411,Seen,0.9766219316757296,0.7612098157316315,4.147154574051545e-10
20,413,Seen,0.9893748089431647,0.9392093599879965,7.358392599496241e-10
20,414,Unseen,0.9824640073488929,1.0125032899759117,1.4845540178136182e-11
20,415,Seen,0.9720007545285557,0.49002227477634613,8.815226967893433e-10
20,416,Seen,0.9724372532767983,0.7224687384523053,2.437209784841002e-10
20,419,Unseen,0.9726412659649588,0.8596330931439745,6.933924284369949e-11
20,420,Seen,0.9835007541626475,0.9591034266990022,2.597617693005407e-11
20,421,Seen,0.9717900256763032,0.6167160680411707,7.174813425303255e-10
20,424,Seen,0.9735009244012888,0.5737867661911061,1.0512796529822e-09
20,426,Unseen,0.9858704907530196,0.8114685105804875,3.093207805516422e-11
20,427,Seen,0.9774242134243739,0.4502341413543352,1.1701613132054906e-09
20,428,Seen,0.964432409400662,0.7706333210157923,4.587353467262675e-10
20,429,Seen,0.9670102762158195,0.6020572820435875,7.915792478467954e-10
20,431,Seen,0.9725303492591983,0.8847624405684024,3.4698142884926725e-11
20,432,Unseen,0.9836799564917776,1.0313503005442326,2.989236882757829e-11
20,433,Seen,0.9813577331666717,0.9769033811246387,2.3910665268866874e-11
20,435,Seen,0.9745851793377017,0.6606924260339196,5.374539444391212e-10
20,437,Seen,0.9831904956772298,0.8784801037122956,2.6515671889516405e-11
20,438,Seen,0.9781755244119055,0.822986128150017,3.936520684106773e-11
20,440,Seen,0.9681917439176705,0.7392216367352573,3.5669283373629276e-10
20,441,Unseen,0.9855836373436366,0.9611975389843711,2.2985745219512854e-11
20,443,Seen,0.9719115526331993,0.6502218646070747,8.86277691599955e-10
20,444,Unseen,0.9830950813736367,1.0878913322491954,3.832253248693774e-11
20,446,Unseen,0.9805920123606536,1.0156444584039652,2.306144514988198e-11
20,448,Seen,0.9809912576575696,1.0585737602540297,3.3518212491461554e-11
20,449,Seen,0.9839745884190307,1.0261150198308102,1.807919459586347e-10
20,450,Unseen,0.9837120171330827,0.8041391175816961,3.278594825769538e-10
20,451,Seen,0.9830573421171109,0.7549274788755247,3.437608053129982e-10
20,454,Unseen,0.98211908602341,1.0554325918259762,3.1131098430060494e-11
20,455,Unseen,0.9763512829366787,0.48059876949218555,1.4217584618239155e-09
20,457,Seen,0.9824524223254606,0.8418331387183382,3.5262410759401897e-10
20,459,Unseen,0.9842420222333048,1.063809040967452,3.46247909724331e-11
20,460,Seen,0.9768939245607943,1.0522914233979228,3.3443504847735944e-11
20,461,Unseen,0.9811380412197336,0.850209587859814,7.132924348113786e-11
20,462,Unseen,0.9776324410669841,1.0114562338332271,3.2694171888496806e-11
20,464,Unseen,0.9725300151435954,0.6816335488876096,8.611805610280734e-10
20,465,Unseen,0.9793697151592377,0.9978445039783286,3.3213473178043275e-11
20,467,Unseen,0.9806688313359498,0.9664328196977937,3.344818216560546e-11
20,468,Unseen,0.9792102963561482,0.8847624405684026,3.9459663796273055e-10
20,469,Seen,0.9810495624933172,0.724562850737674,7.619305938406729e-10
20,470,Unseen,0.9805905879124348,0.4481400290689661,1.1735215584271856e-09
20,473,Seen,0.9800939870517263,0.6690688751753956,9.248205950717379e-10
20,474,Seen,0.9790635358222873,1.0543855356832919,3.678234591436693e-11
20,475,Unseen,0.9772139125840777,1.0470561426845004,4.0415497389022764e-11
20,477,Unseen,0.9842712104884295,0.9884209986941681,3.740081016723566e-11
20,479,Unseen,0.9836834074460798,0.9057035634220926,2.2900187554612417e-11
20,480,Seen,0.981342096143826,0.797856780725589,3.25685259615162e-11
20,481,Unseen,0.9878829762803607,0.9915621671222217,2.0925248355014567e-11
20,482,Seen,0.9760354903958984,0.680586492744925,9.02982786652145e-10
20,485,Unseen,0.9783381379745131,0.9255976301330981,3.5259171101300185e-11
20,488,Seen,0.985134026278987,0.8229861281500171,5.2211159674294316e-11
20,489,Unseen,0.9800712510301867,1.0187856268320188,1.5712161620195956e-10
20,490,Unseen,0.9815913453671864,1.0428679181137623,2.5547353622773467e-11
20,492,Unseen,0.9833297248026147,0.9810916056953766,4.437260822115658e-11
20,493,Seen,0.9755544662887773,0.48164582563487,1.1690084873852186e-09
20,495,Seen,0.9700996526241064,0.6983864471705616,4.025990876930992e-10
20,496,Seen,0.9741591982645496,0.7318922437364654,5.970088399740525e-10
20,497,Seen,0.9753263773688401,0.7350334121645192,5.442591535606006e-10
20,499,Unseen,0.9773156238211742,1.0365855812576552,3.419806113430367e-11
20,500,Unseen,0.9744021518066043,0.8941859458525631,3.0345164398665335e-10
20,502,Unseen,0.9804871474155377,1.0208797391173876,3.297264360498157e-11
20,504,Unseen,0.9839789498122065,0.7737744894438457,4.912199719313832e-10
20,505,Unseen,0.9813370896303764,0.9894680548368526,3.727528323473083e-11
20,506,Unseen,0.9781464637470356,1.0386796935430243,3.663106774549869e-11
20,507,Unseen,0.9878122886965253,0.9863268864087993,3.277441200949896e-10
20,509,Seen,0.9841497332876631,0.9392093599879965,6.293217293925597e-10
20,510,Unseen,0.9845861789386933,1.0522914233979228,6.188434415815018e-11
20,511,Unseen,0.98893964136658,1.0617149286820833,3.9991140947341484e-11
20,512,Unseen,0.9880518889643596,1.0554325918259764,4.467635071934229e-11
20,515,Seen,0.9812266706205186,0.5413280257678867,8.995127868750091e-10
20,517,Unseen,0.9821812502765519,1.0554325918259764,3.387422136966677e-11
20,519,Seen,0.9839723004675689,0.8072802860097497,6.379062388593326e-10
20,520,Seen,0.9833737736784882,1.0481031988271847,7.180641257840036e-11
20,523,Unseen,0.9841595410670815,0.9727151565539006,5.7944284024569436e-11
20,524,Seen,0.9824270817418352,0.9287387985611516,6.972848567038676e-10
20,525,Seen,0.9643541254703651,0.7402686928779416,5.09948711364737e-10
20,526,Seen,0.9821001085845489,0.764350984159685,7.140814324659734e-10
20,527,Seen,0.9746955926617962,0.6910570541717699,6.845555183518145e-10
20,528,Seen,0.9670825795845296,0.4093989517896396,1.3517511032728203e-09
20,529,Seen,0.9802389350189585,0.9821386618380611,2.5479824461397204e-11
20,531,Unseen,0.9789186155133291,0.9947033355502752,5.213820524044766e-10
20,534,Seen,0.9837127430716047,0.7926215000121666,4.7477042407666e-10
20,535,Seen,0.981393046378751,0.8470684194317607,3.7850246702918536e-10
20,536,Seen,0.9754077708324796,0.8187979035792791,4.307850224140227e-10
20,537,Seen,0.9742385543312546,0.9727151565539007,4.731725677081971e-11
20,539,Unseen,0.9859655445158527,1.0679972655381904,3.4228586705940245e-11
20,540,Seen,0.9675077208053745,0.6690688751753957,8.133991398546434e-10
20,542,Seen,0.9796325698627836,0.7528333665901554,5.787260849390503e-10
20,543,Seen,0.9819377874741357,0.6313748540387538,3.992690042214728e-10
20,546,Unseen,0.9803169698262149,1.054385535683292,3.8269537335592214e-11
20,547,Seen,0.980641556189045,0.6868688296010321,5.849701356325458e-10
20,548,Seen,0.9812917205070276,0.7873862192987441,4.463335430522003e-10
20,549,Seen,0.9682695116017634,0.7235157945949896,6.139388316792295e-10
20,551,Seen,0.9847182437832308,0.7057158401693532,3.0661910005265935e-10
20,554,Seen,0.9809043768046656,0.4963046116324531,8.784676676973196e-10
20,555,Seen,0.9861412568508602,1.050197311112554,3.0467796383124294e-11
20,556,Seen,0.9882056041200126,1.0428679181137623,3.741361949748614e-11
20,557,Seen,0.9787489256034502,1.0365855812576552,3.004195207675627e-11
20,558,Unseen,0.982881104312528,0.9036094511367235,4.706056004581973e-11
20,560,Seen,0.9868439333182382,0.9151270687062529,3.7321513264791844e-11
20,562,Seen,0.9820558809087946,0.7402686928779415,4.580081258682509e-10
20,563,Seen,0.9783008898974993,0.7015276155986152,6.669297380289557e-10
20,564,Seen,0.9764625039883432,0.8355508018622309,3.4884907513115233e-10
20,565,Seen,0.9807531985580578,1.0041268408344357,9.890527815500586e-11
20,567,Seen,0.9828549593712677,1.0564796479686607,3.43024189420894e-11
20,569,Seen,0.9793089069461213,0.749692198162102,5.976433671472524e-10
20,571,Unseen,0.9848971666047928,1.0240209075454412,3.680505603680514e-11
20,573,Unseen,0.9828346224791888,1.0219267952600724,3.819440828457388e-11
20,574,Seen,0.9766892317433112,1.0229738514027567,7.263404974776775e-11
20,575,Seen,0.9840884477220985,1.0219267952600721,4.898326747575663e-11
20,577,Seen,0.9824843989038736,0.6795394366022407,7.522496878785637e-10
20,578,Unseen,0.9845177055767623,0.9088447318501461,5.041252499880398e-10
20,580,Unseen,0.9826048397709571,0.8470684194317607,3.3022717351447754e-10
20,581,Seen,0.9858504410250106,1.052291423397923,3.386704726980561e-11
20,582,Unseen,0.9831809600524999,0.9130329564208842,1.2346604514305417e-10
20,583,Unseen,0.9874170730593408,0.9276917424184671,1.6894131641018258e-10
20,585,Seen,0.9842824066984228,1.1004560059614097,4.149633600859313e-11
20,587,Seen,0.9844179385475533,0.6491748084643902,4.594065652730768e-10
20,589,Seen,0.9781963520382301,0.7905273877267975,2.5180615531610466e-10
20,591,Unseen,0.9844838583106255,1.0229738514027567,4.788409590078526e-11
20,592,Seen,0.9831485561776304,0.9863268864087993,5.103429491393982e-11
20,594,Seen,0.9807087346597213,0.8125155667231719,3.695547266291986e-10
20,595,Unseen,0.9885453941211624,1.0931266129626185,8.713560939996717e-11
20,596,Unseen,0.9834256741550823,0.9769033811246388,2.625260655058161e-11
20,598,Unseen,0.9773947361273988,0.923503517847729,3.940134640087669e-10
21,0,Unseen,0.9703104905884596,0.8114685105804874,1.4419863712493274e-10
21,2,Unseen,0.967317607510855,0.7434098613059953,2.743367209123482e-10
21,3,Unseen,0.9635641076463541,0.7130452331681446,2.40670744384065e-10
21,5,Seen,0.9716574984149622,0.7873862192987441,1.5874473737846142e-10
21,7,Unseen,0.9694725697758811,0.7716803771584765,1.5364105942205474e-10
21,8,Unseen,0.9691561542098867,0.6784923804595561,1.9237793428892188e-10
21,9,Unseen,0.974438668962045,0.8051861737243807,4.904433022442707e-11
21,10,Seen,0.9748462941644103,0.8910447774245095,4.713733248681967e-11
21,13,Seen,0.972565142259595,0.7486451420194176,2.482283443743431e-10
21,15,Unseen,0.9697757497187082,0.7277040191657276,1.5959613606268536e-10
21,16,Seen,0.9714827599088337,0.7025746717412996,1.8145421315632103e-10
21,17,Seen,0.9695426959067216,0.8282214088634396,2.242984251031375e-10
21,19,Seen,0.9748676836574148,0.8030920614390117,1.1056571670016416e-10
21,20,Unseen,0.9720952334906665,0.789480331584113,1.4576346276655511e-10
21,21,Seen,0.9704569758836579,0.8324096334341775,1.5770014889544128e-10
21,22,Unseen,0.9654991135167518,0.806233229867065,1.4274825961086382e-10
21,24,Seen,0.9702600718627319,0.7538804227328403,1.487698732249755e-10
21,25,Seen,0.9708018719093758,0.6722100436034493,1.6894380829244176e-10
21,27,Seen,0.9662356417557354,0.8585860370012901,1.1074584129278947e-10
21,28,Seen,0.9686733516854873,0.7528333665901554,1.6443871534759465e-10
21,30,Seen,0.970276116406106,0.8177508474365945,1.1499840501563554e-10
21,31,Seen,0.9628773074756434,0.7214216823096206,1.5049427133160231e-10
21,33,Seen,0.969924949609747,0.8030920614390115,1.384286278996055e-10
21,35,Seen,0.9700324572881958,0.7769156578718991,1.516664350828338e-10
21,36,Unseen,0.9675185300834106,0.797856780725589,1.5349522535729225e-10
21,37,Unseen,0.9649020666772395,0.7109511208827758,2.0026680650902477e-10
21,40,Unseen,0.9762519284127488,0.843927251003707,1.4129415942567334e-10
21,41,Seen,0.9696940649872717,0.8041391175816961,1.3164822346975568e-10
21,43,Seen,0.9676762965766875,0.7716803771584765,1.6350952984380758e-10
21,44,Unseen,0.9642164708267421,0.6627865383192887,3.409045239554342e-10
21,45,Unseen,0.9647084589969412,0.7109511208827757,1.5716694889554428e-10
21,47,Seen,0.969842809991822,0.8009979491536426,1.4406535646344338e-10
21,49,Seen,0.9688180281604131,0.8219390720073327,1.4512696158207368e-10
21,51,Seen,0.9735572573060153,0.8146096790085411,1.2839579054174556e-10
21,52,Seen,0.9672638083852794,0.806233229867065,1.6299424078892712e-10
21,53,Unseen,0.9683285618941488,0.7015276155986152,2.378989858730188e-10
21,54,Unseen,0.9613970210755683,0.9214094055623602,1.4315613541471238e-10
21,55,Unseen,0.9695305629530734,0.802045005296327,1.8895550681118458e-10
21,57,Seen,0.9723966557491531,0.7182805138815671,1.5007881031112782e-10
21,59,Seen,0.9643582171122653,0.789480331584113,1.823886073120225e-10
21,62,Unseen,0.9684256015548214,0.8261272965780707,4.345403126894587e-11
21,63,Unseen,0.9688632856137549,0.820892015864648,1.8062137091790112e-10
21,64,Unseen,0.965593898114501,0.8135626228658565,9.235004625073102e-11
21,65,Seen,0.9667213480819002,0.6931511664571391,1.8188567213400374e-10
21,66,Seen,0.9647730792976407,0.7339863560218346,1.8238226776343372e-10
21,68,Seen,0.9637236298277848,0.7245628507376739,1.4414828329557998e-10
21,69,Unseen,0.9686124927015615,0.6826806050302939,2.1802915324624732e-10
21,71,Seen,0.9654504408825092,0.8072802860097495,1.3736420687090992e-10
21,72,Seen,0.9687967496880548,0.7622568718743161,1.2335657912280752e-10
21,74,Unseen,0.9611290527738011,0.6554571453204971,2.1708805081744503e-10
21,75,Unseen,0.9750275231227725,0.9098917879928307,3.364861086927019e-11
21,76,Seen,0.9711874651640148,0.77482154558653,1.1719168602111595e-10
21,78,Seen,0.9678405064716011,0.6994335033132464,1.5075610775084039e-10
21,80,Seen,0.937885875524128,0.6983864471705614,1.966219907443321e-10
21,81,Unseen,0.961818337428777,0.7057158401693531,1.631194863081055e-10
21,83,Seen,0.9583913976851044,0.7015276155986152,1.5571352604717114e-10
21,84,Seen,0.96372266298815,0.7413157490206261,1.3645960502695488e-10
21,86,Unseen,0.9645873017228408,0.741315749020626,1.1544055538117145e-10
21,87,Seen,0.9640296114973882,0.7088570085974067,1.7618508264784375e-10
21,88,Unseen,0.9543706162014131,0.7151393454535134,1.3069451085686256e-10
21,90,Unseen,0.9660801353407128,0.6554571453204971,2.0086122932273545e-10
21,91,Seen,0.9642055231845404,0.7758686017292146,1.2389571632679098e-10
21,92,Seen,0.9615882514467397,0.7790097701572679,1.3881759033925488e-10
21,95,Unseen,0.9717999220620652,0.6565042014631816,1.2654581375960435e-10
21,98,Seen,0.9756516900506053,0.7873862192987441,7.977878047802791e-11
21,99,Seen,0.9694131186548673,0.7099040647400909,1.4101049843901425e-10
21,100,Unseen,0.9654780254995459,0.630327797896069,1.8151122293817072e-10
21,101,Unseen,0.9642689547942058,0.7036217278839839,1.2975455886231394e-10
21,102,Seen,0.9641964565173827,0.7402686928779415,1.3830528899319913e-10
21,103,Seen,0.9674584766635087,0.7947156122975356,1.3904685987773464e-10
21,104,Unseen,0.9627304952816147,0.6282336856106999,2.1509801228443748e-10
21,106,Unseen,0.9672124554191568,0.6041513943289565,1.852606798635336e-10
21,110,Seen,0.9660517033427786,0.73293929987915,1.49059738942135e-10
21,111,Unseen,0.9493672871253415,0.7863391631560596,1.4894775744883764e-10
21,112,Unseen,0.9549374620755667,0.5832102714752667,2.338978388836573e-10
21,113,Seen,0.9636521218012113,0.6313748540387537,2.8144267293116554e-10
21,114,Unseen,0.9718257217325752,0.8282214088634396,5.051641214599609e-11
21,116,Unseen,0.9658248390455687,0.743409861305995,1.5765346045865754e-10
21,118,Unseen,0.9670174629440011,0.8899977212818252,3.8517216540810156e-11
21,119,Unseen,0.9650599242765596,0.860680149286659,3.532422604312045e-11
21,121,Unseen,0.9711047584591059,0.7455039735913641,1.9975305788046051e-10
21,123,Seen,0.9741485725890434,0.827174352720755,1.5987409710845332e-10
21,124,Seen,0.9669558433733075,0.7297981314510967,2.0429923514304947e-10
21,125,Seen,0.9729349027020732,0.8753389352842421,1.1040328342876306e-10
21,127,Seen,0.9749568833052169,0.7067628963120375,2.460896116379219e-10
21,128,Seen,0.9768034409277623,0.8250802404353861,1.8629905155137706e-10
21,129,Unseen,0.9714113814886678,0.6125278434704328,2.2813813025030808e-10
21,131,Unseen,0.9710898486246656,0.7779627140145836,2.145902029360573e-10
21,132,Unseen,0.9686969454343071,0.7622568718743162,1.3520105470891497e-10
21,133,Seen,0.969382642542831,0.8261272965780705,1.5795600259417456e-10
21,135,Seen,0.9689685758074945,0.7842450508706906,1.7342348729163624e-10
21,136,Seen,0.967954326849402,0.7381745805925726,2.455258614332798e-10
21,139,Seen,0.9640897472413763,0.7151393454535134,2.2772441386513026e-10
21,141,Seen,0.9723854598324617,0.833456689576862,1.4919146643012085e-10
21,142,Seen,0.9704769017835196,0.8376449141476,1.6364583031323813e-10
21,143,Seen,0.9656900994737955,0.7496921981621019,2.1023839578571984e-10
21,144,Unseen,0.9613338231376694,0.7130452331681445,2.3065481820973656e-10
21,145,Unseen,0.9696894549361256,0.7716803771584765,1.754770464665589e-10
21,146,Unseen,0.9669300279788968,0.7653980403023695,1.8160795550358766e-10
21,148,Unseen,0.9666693145376608,0.7863391631560596,2.1933651214274115e-10
21,150,Seen,0.9636551130589212,0.7182805138815672,2.47007281140582e-10
21,151,Unseen,0.9655883321977423,0.6418454154655986,2.7843213260132066e-10
21,152,Unseen,0.9713006521846171,0.7894803315841131,1.3633545253110494e-10
21,154,Unseen,0.9699590366287179,0.728751075308412,2.229872021700238e-10
21,158,Unseen,0.9797658062350131,0.9810916056953766,1.1682400556606184e-10
21,159,Unseen,0.979665452908514,0.7716803771584767,2.329121031489396e-10
21,160,Unseen,0.9767633500487226,0.8690565984281351,1.5606795263623366e-10
21,161,Unseen,0.9772169237091041,0.772727433301161,1.786531713597716e-10
21,162,Seen,0.9708198758884545,0.8407860825756535,1.2228937725930462e-10
21,163,Unseen,0.9728980014529687,0.8240331842927014,1.0252477340919332e-10
21,165,Seen,0.9731329164988781,0.7549274788755247,1.594908665961475e-10
21,167,Unseen,0.9762962417227358,0.766445096445054,1.2653467567635627e-10
21,169,Unseen,0.9553841930120047,0.8093743982951186,1.2723484556979616e-10
21,171,Unseen,0.9707485645621735,0.8114685105804875,1.746653025001685e-10
21,172,Unseen,0.9659559205979101,0.7863391631560597,2.234106350155527e-10
21,173,Seen,0.9751588313997859,0.7612098157316315,3.046381830038065e-10
21,174,Seen,0.975444716101743,0.6470806961790212,2.5861363181097256e-10
21,176,Seen,0.9728762445736313,0.7936685561548511,1.693302244608087e-10
21,177,Unseen,0.9652583787688352,0.7612098157316316,1.9470460999617943e-10
21,178,Unseen,0.9727739275636493,0.7643509841596852,1.6069345246521242e-10
21,180,Unseen,0.9802415839897497,0.9727151565539006,4.107874511964047e-11
21,182,Unseen,0.9786033273524904,0.8313625772914931,1.152024762437802e-10
21,183,Unseen,0.9788394196544453,0.9622445951270557,4.289683345553587e-11
21,185,Unseen,0.9678462541062772,0.8617272054293436,1.1390865504562895e-10
21,186,Unseen,0.9755985785444979,0.8701036545708195,1.6846596283724822e-10
21,188,Unseen,0.9726822894179016,0.749692198162102,1.9890129633653683e-10
21,189,Unseen,0.9708524263050048,0.7612098157316316,1.7848348509024042e-10
21,190,Seen,0.9740847347450674,0.6606924260339196,2.120245332213236e-10
21,192,Unseen,0.9719919812688267,0.7737744894438455,2.0471251922632706e-10
21,193,Unseen,0.977560172228147,0.7915744438694822,1.6610341365040203e-10
21,196,Unseen,0.9726635866414335,0.9444446407014192,1.3951448542967935e-10
21,197,Seen,0.97582415302512,0.7507392543047864,1.7594693785849318e-10
21,199,Unseen,0.9701380864700254,0.7570215911608934,1.6938851056432712e-10
21,200,Unseen,0.9739947886046082,0.8062332298670651,1.6345420406972177e-10
21,202,Unseen,0.9760785999028704,0.7716803771584764,1.7821433044341772e-10
21,203,Unseen,0.9648542046941173,0.7496921981621021,1.6576263113307245e-10
21,204,Unseen,0.964215147498057,0.735033412164519,2.7147512363882433e-10
21,205,Unseen,0.9754091868749251,0.87952715985498,1.7368196100156614e-10
21,206,Seen,0.9828770483100278,0.9884209986941681,8.73189513241956e-11
21,209,Seen,0.9733465408317439,0.6460336400363367,2.8389409313136175e-10
21,210,Unseen,0.9724326994202037,0.7580686473035781,1.5301133867208637e-10
21,211,Unseen,0.9799776944921507,0.8051861737243805,1.394203103327881e-10
21,212,Unseen,0.9630182433939951,0.716186401596198,1.5771267444098867e-10
21,215,Unseen,0.9775982411871061,0.6994335033132463,2.517410664410851e-10
21,216,Unseen,0.9727687270240146,0.9297858547038361,7.629777472556858e-11
21,217,Seen,0.977117113886561,0.81670379129391,1.9400431221478508e-10
21,219,Unseen,0.968643562789479,0.7067628963120376,2.184227543384433e-10
21,220,Seen,0.9725753550331295,0.751786310447471,1.9408171054648805e-10
21,222,Unseen,0.961835605423841,0.7088570085974067,1.6928588447397795e-10
21,224,Seen,0.9666050044260506,0.791574443869482,2.1480276540330027e-10
21,226,Unseen,0.9711259784586311,0.7695862648731076,1.6829626519879007e-10
21,227,Unseen,0.9675479112691797,0.7538804227328401,2.356552270100381e-10
21,229,Unseen,0.975052291987393,0.6753512120315027,2.03076654344991e-10
21,230,Unseen,0.9738387156849948,0.7926215000121666,2.1698577243659764e-10
21,231,Unseen,0.9761992540436165,0.8910447774245095,4.190638420555785e-11
21,232,Unseen,0.9632059635154903,0.741315749020626,2.0239202683110174e-10
21,234,Unseen,0.9709937708119385,0.7109511208827756,2.1505024254473325e-10
21,236,Seen,0.973697588019874,0.6743041558888181,1.7363460368221995e-10
21,237,Unseen,0.9705227588100154,0.5999631697582186,2.657792805807204e-10
21,239,Unseen,0.9633575660933071,0.8680095422854507,1.0853505205768739e-10
21,240,Unseen,0.9718756917921204,0.9852798302661147,1.5706819861312963e-10
21,241,Unseen,0.9754045336844155,0.8669624861427659,1.413871076305717e-10
21,242,Unseen,0.9737908799394791,0.9297858547038362,1.3209143463824059e-10
21,243,Unseen,0.9693973872622331,0.7057158401693533,2.7387620345408555e-10
21,246,Unseen,0.9742900748637747,0.8271743527207549,1.2697817386439142e-10
21,247,Unseen,0.9730622314287226,0.8292684650061241,1.5403272363195225e-10
21,249,Unseen,0.9795262695088593,0.9831857179807457,4.851673841900852e-11
21,250,Unseen,0.9780940383282478,0.8208920158646481,1.3231244353184177e-10
21,252,Unseen,0.9647898032348342,0.7947156122975357,2.0237476762893133e-10
21,253,Unseen,0.9721426016896717,0.7685392087304231,2.0614944217049054e-10
21,256,Seen,0.9714805606425417,0.7381745805925726,2.3989811567221566e-10
21,257,Unseen,0.9666932428051462,0.7580686473035781,2.655897033910625e-10
21,259,Unseen,0.9687744540693962,0.7727274333011609,2.4176753246153946e-10
21,260,Unseen,0.9735090824674868,0.781103882442637,1.6139920083895696e-10
21,261,Unseen,0.9699624975977462,0.8418331387183381,1.494485469124689e-10
21,262,Unseen,0.9754491344555779,0.8271743527207552,1.7072303913517114e-10
21,264,Unseen,0.973628363709968,0.8041391175816959,2.447321437538905e-10
21,266,Unseen,0.973222799059582,0.707809952454722,2.536918694408859e-10
21,268,Unseen,0.9739630192575671,0.6879158857437168,3.577318073988178e-10
21,269,Seen,0.9662698276873829,0.776915657871899,2.2860531708862682e-10
21,271,Seen,0.9678431441733081,0.6858217734583474,3.1404836622538063e-10
21,272,Unseen,0.971010752323624,0.762256871874316,2.4454297388546763e-10
21,273,Unseen,0.9684794838404708,0.7455039735913641,2.1442014415508765e-10
21,275,Unseen,0.963918183658432,0.7507392543047865,1.882332166057707e-10
21,276,Unseen,0.9555102021508038,0.7088570085974065,1.913968319545164e-10
21,277,Unseen,0.9710932325004775,0.8899977212818252,4.769177297466258e-11
21,278,Unseen,0.9699682005386207,0.8313625772914931,2.1215499964019575e-10
21,279,Unseen,0.9675128810949997,0.7444569174486796,1.9052204275214908e-10
21,282,Seen,0.9702625671416063,0.6439395277509675,2.4157466230194164e-10
21,284,Unseen,0.9675753528505997,0.7402686928779414,1.6469616566568943e-10
21,285,Unseen,0.9666277710122152,0.7277040191657275,2.782288119076284e-10
21,287,Unseen,0.9656449338308701,0.7413157490206259,2.0344407918735815e-10
21,288,Unseen,0.972022944572739,0.802045005296327,1.7379172479419564e-10
21,290,Unseen,0.9707846360499494,0.799950893010958,1.766023769410641e-10
21,292,Unseen,0.9631760202393261,0.7214216823096206,1.7582769209717388e-10
21,293,Unseen,0.9678598251235556,0.7423628051633104,2.620600514352636e-10
21,295,Unseen,0.968704510456139,0.7528333665901555,1.7357259661392598e-10
21,296,Seen,0.9738880267181192,0.7507392543047865,1.8360431041213872e-10
21,298,Unseen,0.9616609100110778,0.755974535018209,1.6305760908669151e-10
21,299,Unseen,0.9705260001984302,0.7580686473035779,2.3355690550356934e-10
21,300,Unseen,0.9831555078005861,0.7402686928779415,3.83565146729354e-10
21,303,Unseen,0.9786340144395206,0.7769156578718991,1.6871378037152304e-10
21,304,Unseen,0.9681988711824717,0.7151393454535134,2.484290357509892e-10
21,305,Unseen,0.9752247273964038,0.6952452787425082,1.5914496773923245e-10
21,306,Unseen,0.9632870305352962,0.7193275700242516,1.4167013252526867e-10
21,308,Unseen,0.9628905952335244,0.7235157945949896,1.5834832135931302e-10
21,309,Seen,0.9717539142008297,0.6585983137485506,2.6260160515547797e-10
21,311,Unseen,0.9677313016363429,0.636610134752176,2.1976399503716343e-10
21,313,Seen,0.9701808664369712,0.6795394366022405,1.5616627781826888e-10
21,314,Seen,0.9719548696888363,0.6470806961790212,1.5912860204369936e-10
21,315,Unseen,0.9661306080735155,0.7004805594559306,1.4463905396238778e-10
21,316,Unseen,0.9583678863777823,0.644986583893652,1.8023940290829187e-10
21,319,Unseen,0.9623520351226509,0.7580686473035779,1.5216959804944166e-10
21,320,Seen,0.9683315661094501,0.7057158401693532,1.5524032201186124e-10
21,322,Unseen,0.9772405072471825,0.8397390264329692,1.1361631742594123e-10
21,323,Unseen,0.9650894109267142,0.8198449597219636,1.3018900730159359e-10
21,324,Unseen,0.9705754041264342,0.7968097245829046,1.3485209423938678e-10
21,325,Unseen,0.974518815729923,0.741315749020626,1.3380569585586652e-10
21,326,Seen,0.9750220846385519,0.8187979035792792,1.1912566277755432e-10
21,327,Unseen,0.9779477770695303,0.7716803771584765,1.296376710959754e-10
21,330,Unseen,0.9640725231878441,0.7004805594559306,6.702427455621063e-11
21,331,Unseen,0.9644022654348213,0.822986128150017,1.473492897376093e-10
21,332,Unseen,0.9609319466164418,0.7455039735913641,1.8778468509099135e-10
21,335,Unseen,0.9744258800478997,0.8585860370012901,5.335967943052508e-11
21,336,Unseen,0.9718746822801295,0.8701036545708196,4.072088778858944e-11
21,337,Unseen,0.9676920434341103,0.8261272965780706,1.259802073069489e-10
21,338,Unseen,0.9643689404143289,0.7423628051633105,1.4668334620296446e-10
21,341,Unseen,0.9631880727312073,0.7580686473035779,1.377571870131395e-10
21,344,Unseen,0.9759486280165585,0.9580563705563176,3.80616704721146e-11
21,345,Unseen,0.9589525669286908,0.8177508474365947,1.3250237516431544e-10
21,346,Unseen,0.9628560889374115,0.7863391631560596,1.5001710953995124e-10
21,347,Unseen,0.9787649207543757,0.739221636735257,1.8483923363234274e-10
21,349,Unseen,0.9742731742977412,0.7706333210157922,1.2215029822105264e-10
21,351,Unseen,0.9650541343360027,0.7339863560218345,1.3033841507875045e-10
21,352,Unseen,0.9649047664141952,0.7004805594559306,1.737945790992574e-10
21,353,Unseen,0.9697200799254887,0.7486451420194175,1.9184472940515685e-10
21,355,Unseen,0.970941997949235,0.7957626684402199,1.3995214955157477e-10
21,356,Unseen,0.9649702232501445,0.680586492744925,1.701849887684025e-10
21,358,Unseen,0.9683559240666433,0.7779627140145836,1.952636917888952e-10
21,359,Unseen,0.9677546763129266,0.772727433301161,1.7153889334256254e-10
21,360,Unseen,0.9621484165713163,0.6816335488876095,2.558522738321594e-10
21,361,Unseen,0.9668855104997035,0.7507392543047866,1.986233333009576e-10
21,362,Unseen,0.9687586353994893,0.651268920749759,2.0848169759916094e-10
21,365,Unseen,0.969927487578809,0.6554571453204971,2.1603176222574237e-10
21,367,Unseen,0.9609199376542795,0.6879158857437164,2.505741849949032e-10
21,369,Seen,0.969789719967147,0.7758686017292145,2.5341971028592795e-10
21,370,Unseen,0.9659188091290017,0.7214216823096206,2.6224998430708195e-10
21,371,Unseen,0.9692862316847298,0.7402686928779416,2.1196944277436e-10
21,372,Unseen,0.9705267915507518,0.5402809696252021,2.2048442699157188e-10
21,375,Unseen,0.9649156811423011,0.6701159313180799,2.1516202306554085e-10
21,376,Seen,0.9585332410176124,0.5758808784764751,3.032753485628853e-10
21,377,Unseen,0.9681872431691398,0.6994335033132464,2.1766163249709942e-10
21,378,Unseen,0.970135093017845,0.6439395277509676,2.374854204514205e-10
21,379,Seen,0.9734786034820958,0.8009979491536425,1.705573997085882e-10
21,380,Unseen,0.9682489242853429,0.4805987694921856,3.3205300861076694e-10
21,382,Unseen,0.9594184697272684,0.6732570997461336,2.0143559913790588e-10
21,384,Unseen,0.9696039090220842,0.7434098613059951,1.8508011971324356e-10
21,386,Unseen,0.9634046863424804,0.6910570541717701,2.1534035946089075e-10
21,387,Unseen,0.9612118506580514,0.678492380459556,2.0792123758792048e-10
21,389,Unseen,0.9673286341246873,0.7214216823096207,1.837342338175091e-10
21,390,Unseen,0.9773617884153017,0.8554448685732365,4.420150303693061e-11
21,391,Unseen,0.964984912968358,0.7455039735913642,1.8250605904944454e-10
21,392,Unseen,0.9751467298112435,0.7999508930109581,1.405484171206038e-10
21,393,Unseen,0.9700457326457824,0.8994212265659856,1.0214655448658994e-10
21,396,Unseen,0.9712066630444626,0.9109388441355151,4.197041964353328e-11
21,397,Unseen,0.9741712261446115,0.9507269775575261,3.593980871865083e-11
21,398,Unseen,0.9756776537337727,0.7203746261669359,2.0425267420541846e-10
21,401,Unseen,0.9653113816453084,0.7444569174486794,1.7947471383432689e-10
21,403,Unseen,0.9820196423512231,0.9287387985611517,4.803099009003235e-11
21,404,Unseen,0.9716947225857722,0.8386919702902846,1.7884269402692482e-10
21,405,Unseen,0.9721129866849728,0.8062332298670651,1.9916516600482723e-10
21,406,Unseen,0.9654023900842944,0.728751075308412,2.288976082623893e-10
21,408,Unseen,0.9690726518679572,0.7475980858767328,1.8352446367007847e-10
21,409,Unseen,0.9688908626097887,0.7968097245829043,2.0688458768141457e-10
21,410,Unseen,0.9619825971451086,0.6732570997461336,1.9450842568046653e-10
21,413,Unseen,0.9652596014588726,0.812515566723172,1.3674787539749569e-10
21,414,Unseen,0.9571032311672926,0.7339863560218346,2.7002840454731623e-10
21,416,Unseen,0.9697755357796528,0.8261272965780706,1.6931827091339128e-10
21,417,Unseen,0.9707535884858121,0.8030920614390117,1.7676391440619298e-10
21,418,Unseen,0.9769875484376065,0.7591157034462624,1.8746922815007144e-10
21,421,Unseen,0.9738003670689751,0.8407860825756537,2.8449490465882145e-10
21,423,Unseen,0.9822966123413472,0.8701036545708197,3.169700526858295e-10
21,424,Unseen,0.9774091318217747,0.7989038368682736,1.4091028664317687e-10
21,425,Unseen,0.9736081700050693,0.7140922893108292,1.791669813178072e-10
21,427,Unseen,0.9762386814898482,0.766445096445054,2.3092340821926376e-10
21,429,Unseen,0.9686404059942781,0.7025746717412997,2.6745613585617714e-10
21,430,Unseen,0.9715755632492727,0.7465510297340485,2.149542678687693e-10
21,431,Unseen,0.9749457113591897,0.9318799669892052,4.7142872486195867e-11
21,432,Unseen,0.974999418128259,0.7591157034462624,2.578622653988932e-10
21,433,Unseen,0.973632601492717,0.8135626228658565,1.479541959116581e-10
21,435,Unseen,0.9789971661838547,0.8345037457195467,8.32903224569489e-11
21,436,Seen,0.9732511348187498,0.7947156122975356,1.9544325918926135e-10
21,438,Unseen,0.9759067562505983,0.8659154300000815,1.703046324326893e-10
21,439,Seen,0.9728158412227128,0.8805742159976645,1.6561475445902026e-10
21,441,Seen,0.9649187840811263,0.7633039280170004,2.366126563325768e-10
21,442,Unseen,0.9703273556355002,0.8701036545708196,1.2482460961335792e-10
21,444,Unseen,0.9709957991085032,0.8334566895768621,1.474794462528225e-10
21,445,Unseen,0.9739005199159453,0.8512566440024986,1.6381033754881452e-10
21,447,Unseen,0.9658726172594786,0.7821509385853215,1.8845303208533275e-10
21,448,Seen,0.9699858727265691,0.7245628507376741,2.3517876169545423e-10
21,450,Seen,0.9752450171749343,0.7203746261669361,1.9850041371198626e-10
21,451,Unseen,0.9798099186513688,0.7695862648731074,2.3028163513590857e-10
21,452,Unseen,0.9671851624825032,0.7308451875937808,2.344218104619533e-10
21,454,Unseen,0.9774363772655622,0.7381745805925726,2.4819490853792234e-10
21,458,Unseen,0.9731506013343314,0.7423628051633105,2.5789716514652977e-10
21,459,Unseen,0.9782201173099933,0.7277040191657276,2.1356764165750296e-10
21,460,Unseen,0.9782620230055581,0.9140800125635685,5.4602675119895866e-11
21,461,Seen,0.9789222362118974,0.7884332754414285,1.9774278121134778e-10
21,462,Unseen,0.97365391776468,0.9674798758404782,1.9330739793165527e-10
21,463,Unseen,0.974738144749407,0.8973271142806166,5.4388786165331984e-11
21,464,Unseen,0.9655622859900209,0.768539208730423,2.538458753124275e-10
21,467,Unseen,0.98271934199501,0.8973271142806166,1.0864620672075094e-10
21,468,Unseen,0.9624190288898637,0.71199817702546,2.1639537976040478e-10
21,469,Unseen,0.9764320169368044,0.8690565984281352,1.1930762239862047e-10
21,472,Unseen,0.9776083618079813,0.7968097245829044,1.7795337182176925e-10
21,473,Unseen,0.9723986804586867,0.8208920158646481,2.1404342379121341e-10
21,475,Seen,0.9768623272731238,0.8554448685732365,1.665211445037324e-10
21,477,Unseen,0.9707612004785756,0.8083273421524342,1.8718484906636526e-10
21,478,Unseen,0.9719550359389295,0.8606801492866591,1.8314932170104102e-10
21,479,Unseen,0.9736027071036525,0.871150710713504,1.5574577239958096e-10
21,482,Seen,0.9707485368062184,0.8795271598549802,1.784369590005049e-10
21,483,Unseen,0.965623805792992,0.7947156122975355,1.6322390618648058e-10
21,484,Unseen,0.9690724806979379,0.783197994728006,2.3853273049992983e-10
21,485,Unseen,0.9651802243478845,0.7371275244498882,2.0660071593068543e-10
21,486,Unseen,0.9686076760572315,0.7737744894438456,2.5844944190837723e-10
21,487,Unseen,0.9761106435803645,0.789480331584113,1.9719720030142683e-10
21,488,Unseen,0.9665068990292992,0.7947156122975356,2.2182319478282405e-10
21,489,Unseen,0.9727014263159909,0.7318922437364656,2.196458039084091e-10
21,492,Seen,0.9749447473756335,0.783197994728006,1.8858133062903962e-10
21,494,Unseen,0.9705986399598949,0.8282214088634394,2.2945816240719686e-10
21,496,Unseen,0.96972412059302,0.7685392087304229,2.2957948243929734e-10
21,497,Unseen,0.9717950490671354,0.789480331584113,1.6005482125227633e-10
21,498,Unseen,0.976436628259747,0.9570093144136331,5.6155019286431925e-11
21,500,Seen,0.9741839866326616,0.8575389808586058,1.42415330038611e-10
21,502,Unseen,0.9717961439729819,0.820892015864648,2.469437410531327e-10
21,503,Unseen,0.9720659269876782,0.7392216367352569,2.2068421500202335e-10
21,505,Unseen,0.9655189251236348,0.9077976757074616,6.203514357407913e-11
21,506,Unseen,0.9683704930862748,0.760162759588947,2.762304861878202e-10
21,507,Unseen,0.9675823833622446,0.8847624405684025,1.8907511230423662e-10
21,508,Unseen,0.9697490057735411,0.7653980403023695,2.659268918524278e-10
21,510,Unseen,0.9802197592974582,0.8847624405684026,1.7275628430012807e-10
21,511,Unseen,0.9704248662446356,0.7538804227328401,2.8023232826607285e-10
21,513,Unseen,0.9770604116147287,0.8282214088634394,2.045569978977396e-10
21,515,Unseen,0.9638438805760181,0.7402686928779414,2.8539551133660736e-10
21,516,Unseen,0.9670419740842547,0.8072802860097495,2.727741381413616e-10
21,517,Unseen,0.9555358035264746,0.793668556154851,2.6542044385164725e-10
21,519,Unseen,0.9727826225343242,0.9308329108465208,2.1374613120419567e-10
21,521,Unseen,0.9701022238593617,0.8680095422854505,1.8411862677402826e-10
21,524,Seen,0.9772206190786968,0.7769156578718992,2.159209887433763e-10
21,525,Seen,0.9704449512021489,0.5989161136155341,3.633225698910527e-10
21,526,Seen,0.9703585489800981,0.7894803315841129,3.588569712783345e-10
21,527,Seen,0.9763987786965269,0.8261272965780707,1.9763199355542562e-10
21,528,Unseen,0.9755255985872145,0.7193275700242514,2.5285547517403135e-10
21,529,Unseen,0.9655831506436591,0.7057158401693532,3.4216821370686485e-10
21,531,Unseen,0.9724965449538344,0.7318922437364654,3.5917617342442547e-10
21,533,Unseen,0.9721463086940585,0.8345037457195467,1.9976281393542896e-10
21,534,Unseen,0.9721485947229268,0.8125155667231719,2.1677042303412674e-10
21,535,Seen,0.9623495543397715,0.682680605030294,2.93073856384608e-10
21,536,Unseen,0.9692236690315104,0.8009979491536425,2.2810677755990234e-10
21,538,Unseen,0.969606384516218,0.7905273877267976,2.5563404000802575e-10
21,540,Unseen,0.9675261333704853,0.758068647303578,4.5536411248457007e-10
21,542,Unseen,0.9726174347177853,0.751786310447471,2.7000367063729196e-10
21,543,Unseen,0.9677618635750205,0.7800568262999524,6.226830620639013e-10
21,545,Unseen,0.9671483277814933,0.6910570541717701,3.020383531315225e-10
21,546,Unseen,0.9654838117466517,0.6669747628900266,3.4837073736767456e-10
21,549,Seen,0.9665715569029895,0.8742918791415576,6.018746898893931e-10
21,550,Unseen,0.9710335723006849,0.8104214544378032,3.3411052292433104e-10
21,551,Seen,0.9677053757892098,0.7067628963120377,3.235681066219353e-10
21,552,Unseen,0.9755599031172176,0.8837153844257181,1.4611264848688526e-10
21,553,Unseen,0.9741582728544257,0.9716681004112161,9.06577610357529e-11
21,554,Unseen,0.9733567960351988,0.7873862192987441,3.1429836883388603e-10
21,555,Unseen,0.971755890671178,0.747598085876733,2.867942934069448e-10
21,558,Unseen,0.9695277378312906,0.7612098157316315,1.991353004061809e-10
21,559,Seen,0.9441267903360131,0.7151393454535133,8.846707584056894e-10
21,560,Seen,0.972163062203857,0.7172334577388825,3.1469160988704023e-10
21,562,Unseen,0.9743018375139688,0.7486451420194175,2.77592446812457e-10
21,564,Unseen,0.9733963319558891,0.831362577291493,2.829864996413639e-10
21,566,Unseen,0.973085679039459,0.7266569630230432,3.107142394835219e-10
21,568,Unseen,0.9614203574025016,0.7402686928779415,2.837357507474498e-10
21,569,Unseen,0.968776607057343,0.822986128150017,2.1235058350972147e-10
21,570,Unseen,0.9658145389780363,0.6659277067473421,2.7286012278546753e-10
21,571,Unseen,0.964661483511961,0.7172334577388824,2.41458157216471e-10
21,574,Unseen,0.9652059932803752,0.6554571453204971,3.1017108757637603e-10
21,575,Seen,0.9768225300992925,0.73293929987915,2.2917550961384157e-10
21,577,Unseen,0.966410433303958,0.8669624861427662,4.211825494978676e-11
21,579,Unseen,0.9701944486945675,0.737127524449888,2.223103403905605e-10
21,580,Unseen,0.9663302994193709,0.686868829601032,2.0486864276125855e-10
21,581,Unseen,0.9616676977498712,0.7434098613059951,2.3020496151918827e-10
21,582,Unseen,0.9658855203443976,0.77482154558653,2.338068674926231e-10
21,583,Unseen,0.9743189502768579,0.7245628507376739,2.5136453195032864e-10
21,585,Unseen,0.9678670667266748,0.8680095422854506,3.588718954503613e-11
21,586,Unseen,0.9693201236138204,0.7140922893108291,2.3893597531079793e-10
21,588,Unseen,0.9699083832683282,0.8303155211488085,1.9499786358390334e-10
21,591,Unseen,0.9719387330595705,0.6606924260339198,2.7225394083572393e-10
21,592,Unseen,0.9737603028894805,0.6334689663241226,3.6872900339494597e-10
21,593,Unseen,0.969921335870385,0.7193275700242515,2.5787847059491915e-10
21,595,Unseen,0.9619184927097775,0.709904064740091,2.744440476300939e-10
21,596,Seen,0.9630414582279943,0.6355630786094913,3.8969727234857126e-10
21,597,Seen,0.9697975122050031,0.6910570541717701,2.595678498819722e-10
21,599,Unseen,0.9766859656455359,0.7318922437364656,2.6595109973964623e-10
22,1,Unseen,0.951866325548914,0.6858217734583476,3.8213512294322133e-11
22,2,Unseen,0.9610701843451392,0.781103882442637,4.2101771133045223e-10
22,4,Seen,0.973429433048612,0.8763859914269265,1.0540398762687961e-11
22,5,Unseen,0.9645319682678308,0.7528333665901555,3.02001051729911e-10
22,6,Seen,0.9523628481523778,0.7538804227328402,1.5405920107067502e-10
22,7,Seen,0.9547086169752304,0.7235157945949895,3.0269655417047604e-10
22,10,Unseen,0.9639249850822137,0.7015276155986151,1.2813757450961922e-10
22,11,Unseen,0.9397375991094891,0.7235157945949895,2.6317712066708006e-11
22,12,Seen,0.928577059443059,0.5559868117654696,3.5879417908511313e-10
22,13,Unseen,0.968641931351384,0.7528333665901555,1.7042332888779947e-11
22,16,Seen,0.9747112357287411,0.7811038824426371,1.345176352074548e-11
22,17,Seen,0.9590327280287256,0.7496921981621021,2.0165645515425878e-11
22,18,Unseen,0.9545768412352865,0.7423628051633105,2.2228521549428265e-11
22,19,Seen,0.9597688419783147,0.7748215455865302,1.9330612737617e-11
22,20,Unseen,0.9577333596421603,0.703621727883984,2.1272604399782017e-11
22,22,Unseen,0.9611055579684596,0.7507392543047865,2.5337794918447494e-11
22,25,Unseen,0.9479475225257197,0.7151393454535137,2.4447628111333668e-11
22,26,Unseen,0.9642284763566594,0.7790097701572681,1.6222796265416954e-11
22,27,Seen,0.9671670064968102,0.8167037912939101,1.5397781282278985e-11
22,29,Unseen,0.972828700073805,0.7936685561548511,1.4330288308905713e-11
22,30,Seen,0.9688798617767654,0.735033412164519,2.322599993231826e-11
22,31,Unseen,0.9188252961143916,0.6711629874607646,4.088233046852135e-11
22,33,Seen,0.9572114855345853,0.7591157034462626,2.509540833887228e-11
22,35,Seen,0.9570614616960031,0.7381745805925728,2.9708666959505987e-11
22,36,Unseen,0.9575523975421175,0.6763982681741869,3.759905534443636e-11
22,38,Seen,0.9613383796842179,0.7769156578718991,2.131970468459596e-11
22,39,Seen,0.9391803249908521,0.701527615598615,3.027639262639081e-11
22,40,Seen,0.9689934000247737,0.6617394821766043,2.1171289202312846e-11
22,42,Unseen,0.965672035094067,0.7287510753084122,2.2371603979238773e-11
22,43,Seen,0.9565027735313252,0.8554448685732368,1.843009917466463e-11
22,45,Seen,0.9554302616916285,0.7277040191657276,2.636016623847258e-11
22,47,Unseen,0.9518825309709185,0.7130452331681445,3.0636016596309125e-11
22,48,Seen,0.9438653141978934,0.730845187593781,6.417998903450628e-11
22,49,Unseen,0.9508829104687938,0.7475980858767329,2.382355700043382e-11
22,50,Unseen,0.9371842035711181,0.6313748540387536,6.170085994080722e-10
22,51,Seen,0.9435310440745478,0.7130452331681446,2.6347318014166047e-11
22,55,Seen,0.9671521837266154,0.697339391027877,2.5406717640570593e-11
22,56,Seen,0.9323088415784377,0.7004805594559306,3.533758562192074e-11
22,58,Seen,0.9620219283876202,0.7004805594559305,2.4929905561237223e-11
22,59,Seen,0.9470644038145754,0.709904064740091,2.56172115578604e-11
22,60,Unseen,0.9666656493429975,0.8051861737243805,4.834622015403206e-10
22,61,Unseen,0.9540336883033873,0.7831979947280061,2.3308669490692466e-11
22,62,Unseen,0.9545136036578825,0.7758686017292145,1.957787407374781e-11
22,63,Unseen,0.9521874323307079,0.7674921525877386,5.697672190317768e-11
22,68,Unseen,0.9519377443601768,0.783197994728006,2.847852270164347e-11
22,69,Seen,0.9622980524413978,0.7287510753084121,2.5925482716843257e-10
22,70,Unseen,0.9424362679010932,0.7277040191657275,2.4247925542695507e-11
22,71,Unseen,0.9323507018562405,0.697339391027877,4.310601803426569e-11
22,72,Seen,0.9596470615942502,0.6983864471705615,2.5064535826430495e-11
22,73,Unseen,0.9238511693300595,0.7172334577388824,2.0317912881542395e-10
22,76,Unseen,0.9353499733109658,0.7245628507376739,2.569012149846604e-10
22,77,Unseen,0.8990221662483432,0.5832102714752667,9.240597973198848e-11
22,79,Seen,0.9497246359797027,0.6072925627570102,2.520910913593106e-10
22,80,Seen,0.9663967289333273,0.730845187593781,2.232226710367936e-10
22,81,Seen,0.9506352045900042,0.751786310447471,2.1150507942460265e-11
22,82,Seen,0.9472498500686716,0.6763982681741871,2.6641825612028655e-11
22,84,Seen,0.9668081838669821,0.8114685105804875,1.507697179301579e-11
22,87,Seen,0.9616156737829458,0.697339391027877,7.570524316111976e-11
22,88,Seen,0.9338802360107332,0.6900099980290855,3.1035808121437326e-11
22,89,Seen,0.9541696721857164,0.7486451420194175,2.2048877015506588e-11
22,92,Seen,0.9633612209134189,0.6010102259009032,2.913103502536501e-10
22,93,Unseen,0.9540587084744132,0.755974535018209,3.890255602779028e-11
22,94,Unseen,0.9417157564913584,0.6962923348851926,2.6796358148941648e-11
22,95,Unseen,0.9400729738837259,0.6491748084643901,3.628805119057926e-10
22,97,Seen,0.95099056589142,0.6994335033132459,2.594261359852172e-10
22,98,Seen,0.9488719048181045,0.7465510297340485,2.5921271572172313e-11
22,100,Seen,0.9499679419981695,0.772727433301161,1.9330036396370022e-11
22,101,Seen,0.9673182389142885,0.7507392543047865,2.1157195377819127e-11
22,102,Seen,0.9564529050213331,0.741315749020626,2.7340775582172886e-11
22,104,Seen,0.9488922358247863,0.7046687840266684,2.8925194447453312e-11
22,105,Seen,0.9502305645969548,0.5842573276179511,2.569290439231042e-10
22,107,Seen,0.9551217910894824,0.7297981314510965,4.963152720689367e-11
22,110,Unseen,0.9576563400581324,0.6491748084643902,2.9611430802677114e-10
22,111,Unseen,0.9650696109147889,0.8365978580049156,1.4374417961034537e-11
22,112,Unseen,0.92695135877682,0.6711629874607644,4.264680416247867e-10
22,113,Seen,0.9327984857455183,0.6523159768924434,3.660405076690103e-10
22,114,Seen,0.9357383563873982,0.7371275244498882,3.034587895117819e-11
22,116,Seen,0.9424317766064839,0.6931511664571389,3.445496363365443e-11
22,118,Seen,0.9620859721588781,0.5863514399033201,3.3139912563268237e-10
22,119,Seen,0.9452830177382919,0.7737744894438456,2.8598099014699502e-11
22,120,Unseen,0.9659883044748067,0.739221636735257,2.077004034331056e-11
22,123,Seen,0.963445400797339,0.624045461039962,2.581261839569819e-10
22,124,Seen,0.9603853958185495,0.6355630786094913,2.3342619942005893e-11
22,125,Seen,0.9646635621982945,0.693151166457139,1.589761788788184e-11
22,127,Seen,0.9567436107446899,0.7643509841596849,1.3549327326965954e-11
22,129,Unseen,0.9509198073791673,0.6711629874607645,2.1334489947260866e-10
22,130,Seen,0.9616811589951271,0.7496921981621021,1.6331041477503825e-11
22,131,Seen,0.9521358787923656,0.6627865383192885,1.7606842034770923e-10
22,133,Seen,0.9489541003552341,0.7444569174486796,2.13845216038398e-11
22,134,Unseen,0.9351943357750792,0.6669747628900266,3.127628428625766e-11
22,135,Seen,0.9560513625597941,0.7538804227328401,1.9951881642658767e-11
22,137,Seen,0.9301143196696867,0.7444569174486796,2.402366084022878e-11
22,139,Unseen,0.9322690204419913,0.6271866294680156,6.937014674886325e-11
22,140,Seen,0.962096589685502,0.843927251003707,1.3705708911704415e-11
22,141,Unseen,0.9613980373065656,0.6669747628900269,1.0628195079383498e-10
22,142,Seen,0.9561233404505346,0.6491748084643902,2.262521025433425e-11
22,144,Unseen,0.9536571874970706,0.737127524449888,3.701472711401573e-11
22,146,Seen,0.9460390888945843,0.6418454154655987,3.222268232991804e-11
22,147,Unseen,0.909102670008019,0.6010102259009028,7.420994797728904e-11
22,149,Unseen,0.9599222320857801,0.6921041103144544,3.0939398420643624e-11
22,151,Seen,0.9554685059913516,0.8009979491536426,6.200360432926554e-11
22,152,Seen,0.9637325390178308,0.7235157945949898,2.035553709223962e-11
22,153,Seen,0.955489882823393,0.7570215911608935,2.482438481936699e-11
22,155,Seen,0.9648315562653011,0.7172334577388825,2.094882859283423e-11
22,157,Seen,0.9614421336199189,0.755974535018209,1.5157953933974225e-11
22,159,Seen,0.965499168911211,0.7203746261669361,1.9236822960597802e-11
22,160,Unseen,0.9615942195813862,0.7926215000121666,1.3968358580730505e-11
22,161,Seen,0.9427241693321476,0.6774453243168714,3.854960517830524e-11
22,162,Unseen,0.9364999910437106,0.644986583893652,5.6061109184396374e-11
22,163,Seen,0.962280626197657,0.7842450508706904,2.879591760026843e-11
22,165,Seen,0.9471515168710937,0.739221636735257,2.2740571232055702e-11
22,166,Seen,0.940996686929126,0.5811161591898976,2.714439143308777e-10
22,168,Unseen,0.9379482888362987,0.668021819032711,7.102941009346101e-11
22,169,Seen,0.9422798397098558,0.7444569174486796,2.137419940743372e-11
22,171,Unseen,0.9389005057048413,0.7329392998791502,2.44713015524338e-11
22,172,Unseen,0.9425789763981312,0.657551257605866,3.218471783259356e-11
22,175,Seen,0.9631469052541112,0.8596330931439745,1.7572563126318257e-11
22,176,Seen,0.9486711085707945,0.789480331584113,3.4947398836788635e-11
22,178,Seen,0.964376293244248,0.6240454610399621,1.9718935819338446e-10
22,179,Unseen,0.9618106695978521,0.8072802860097495,3.224579196607556e-11
22,180,Unseen,0.9569013076002497,0.6879158857437166,3.1193062569023445e-11
22,181,Seen,0.9659293424899972,0.7968097245829046,1.55210603738926e-11
22,182,Seen,0.9623111820425513,0.7423628051633105,1.5497815793013827e-11
22,185,Seen,0.9454667542975552,0.7444569174486795,2.1949561783467514e-11
22,186,Unseen,0.9426637275810644,0.7297981314510964,6.642600493496308e-11
22,189,Seen,0.9463628359753361,0.772727433301161,2.0881457591423327e-11
22,190,Unseen,0.9637177504304494,0.7193275700242514,2.0029191401378612e-11
22,191,Unseen,0.953212239614212,0.835550801862231,1.7704606428438435e-11
22,192,Seen,0.9606980343017895,0.8502095878598142,4.813356353328118e-11
22,194,Seen,0.94509881754304,0.6805864927449253,4.61610048522167e-11
22,195,Seen,0.9683769231249726,0.8543978124305521,9.403708990937973e-11
22,196,Seen,0.9565919593745336,0.8156567351512256,2.2873860421078068e-11
22,199,Unseen,0.9696999012919082,0.8009979491536425,3.737896019804577e-11
22,201,Seen,0.9648481576750646,0.802045005296327,2.4071515165711593e-11
22,202,Seen,0.9660250926135416,0.8114685105804875,2.2258728626955585e-11
22,203,Unseen,0.9671986942555456,0.7748215455865303,2.4838951465676416e-11
22,204,Seen,0.9700194675216258,0.8271743527207549,1.6118257159754067e-11
22,205,Seen,0.9502982502803798,0.7842450508706905,2.3498293334700957e-11
22,206,Seen,0.9500701980713653,0.7486451420194175,2.5014391979554342e-11
22,208,Unseen,0.9422369132630822,0.7748215455865299,3.971062041734227e-11
22,210,Seen,0.9534687001943752,0.745503973591364,2.4844481756301083e-11
22,211,Seen,0.9620720869913338,0.9004682827086701,1.6406084840132428e-11
22,213,Seen,0.9664801763256192,0.887903608996456,1.724553849798886e-11
22,214,Unseen,0.9537188550927244,0.6795394366022406,8.115728000323478e-11
22,216,Seen,0.9656239198219968,0.8742918791415577,1.8132912336860442e-11
22,217,Seen,0.9625790107182336,0.915127068706253,1.9256580472625708e-11
22,218,Unseen,0.9568675449933007,0.7078099524547221,2.5232413721592895e-10
22,219,Unseen,0.9626516154721115,0.9381623038453122,1.2988270825503748e-11
22,223,Unseen,0.9734303515200277,0.8051861737243805,3.469780547744304e-11
22,224,Unseen,0.9325069925123824,0.7245628507376739,3.563696071513533e-11
22,225,Seen,0.9568256042568375,0.7570215911608935,2.264769952935458e-11
22,226,Unseen,0.9466517619092203,0.839739026432969,2.4687819782241646e-11
22,228,Unseen,0.9423222897913649,0.7716803771584765,3.726568413756277e-11
22,229,Unseen,0.9741486624359796,0.9276917424184671,1.1877145684751303e-10
22,231,Seen,0.9452789680982726,0.6879158857437166,4.534219594456187e-11
22,233,Seen,0.9460192006280493,0.7360804683072035,6.765471117238094e-11
22,234,Seen,0.9608483776647584,0.7339863560218345,2.3563510019783247e-11
22,235,Seen,0.9625086961568678,0.762256871874316,2.48692194940763e-11
22,238,Unseen,0.966083939847598,0.8449743071463917,3.45257129910552e-11
22,239,Unseen,0.9799797929988773,0.9098917879928305,6.522058362392947e-11
22,240,Unseen,0.9705903557362106,0.9109388441355152,3.557550108008024e-11
22,241,Unseen,0.9739120356423059,0.7905273877267974,2.00925914857897e-11
22,243,Seen,0.9779985699703999,0.9297858547038361,1.7102850399971303e-11
22,245,Seen,0.9707203914821241,0.8837153844257181,2.7654145179602135e-11
22,246,Seen,0.9794544961946566,0.9350211354172586,1.7203391162871926e-11
22,247,Unseen,0.9750599377178649,0.8889506651391407,2.040292103224865e-11
22,250,Seen,0.9605285513618284,0.7842450508706905,1.8200665639453173e-11
22,251,Seen,0.9691424952194044,0.7894803315841131,2.115782802215657e-11
22,252,Unseen,0.9527621142231343,0.7109511208827755,3.3853346649850106e-10
22,255,Seen,0.9692773759210608,0.8240331842927016,2.5213713654324732e-11
22,256,Seen,0.9628531662502903,0.7999508930109581,3.554202462745692e-11
22,258,Seen,0.970420306438183,0.9057035634220928,3.979788547153015e-11
22,259,Seen,0.9550493641210656,0.822986128150017,3.1405951823146155e-11
22,260,Seen,0.9411396198075785,0.7978567807255891,3.892788968685925e-11
22,261,Unseen,0.9706977300668045,0.9371152477026277,1.7099230345350758e-11
22,263,Seen,0.9695074399659593,0.7517863104474711,3.0160891951156736e-11
22,265,Unseen,0.9613122354571455,0.8596330931439745,2.3703104208205985e-11
22,266,Seen,0.9348420712743734,0.7674921525877384,4.235356819191757e-11
22,267,Seen,0.9508142236256383,0.7863391631560597,3.155341442685856e-11
22,269,Unseen,0.9657390358239786,0.8899977212818251,4.0998288034509815e-11
22,271,Seen,0.9535710312323291,0.7884332754414285,6.096696784751832e-11
22,272,Seen,0.9589501487139175,0.5957749451874805,5.186688417511031e-10
22,273,Unseen,0.9715883777623865,0.9454916968441036,1.837410722833118e-11
22,275,Unseen,0.9580149654162969,0.8585860370012901,2.3764370781579544e-11
22,277,Seen,0.9650555099258126,0.7496921981621023,2.953730989967147e-11
22,278,Seen,0.9459928359555123,0.810421454437803,2.698358723614093e-11
22,279,Unseen,0.9463293915589085,0.6428924716082832,5.615325987595739e-11
22,281,Seen,0.9483192904700684,0.839739026432969,2.423342195123142e-11
22,282,Seen,0.9520506182427638,0.8523037001451831,2.4800804913602485e-11
22,283,Seen,0.95173661892364,0.7653980403023695,2.772825942344965e-11
22,286,Unseen,0.9553075125409989,0.7350334121645191,3.9460141598974066e-11
22,287,Unseen,0.9583697551593151,0.8324096334341775,2.454102487310884e-11
22,288,Unseen,0.9491699738462561,0.829268465006124,2.4649293634410632e-11
22,289,Unseen,0.944575487450066,0.735033412164519,3.791736005189997e-11
22,291,Seen,0.9482246359175279,0.7591157034462624,4.258783119847694e-11
22,293,Seen,0.9695306352098383,0.8763859914269266,2.3331787699202934e-11
22,295,Seen,0.9634803891795353,0.892091833567194,1.6666345105776053e-11
22,297,Unseen,0.964982176093994,0.8093743982951187,1.944385623063133e-11
22,298,Seen,0.9604538602022074,0.7570215911608934,4.47635631489829e-11
22,299,Unseen,0.9739905713667659,0.9025623949940392,2.177692857346822e-11
22,301,Unseen,0.9575953607131582,0.8365978580049156,1.7066153095852358e-10
22,302,Seen,0.9615521597990181,0.7308451875937811,3.1018513085605834e-11
22,304,Seen,0.9518215286856935,0.8114685105804875,2.7179140994397385e-11
22,306,Seen,0.9672752702503421,0.772727433301161,2.843993708646304e-11
22,307,Seen,0.9623575777130273,0.8376449141476,2.264501798444623e-11
22,309,Unseen,0.9714481893105094,0.8187979035792791,2.1015023324861258e-11
22,310,Unseen,0.9504033563868098,0.6146219557558014,5.126163455088576e-10
22,312,Seen,0.9649824678224399,0.7046687840266685,2.2442297545555254e-11
22,313,Seen,0.9505505972161845,0.822986128150017,2.7297378078431945e-11
22,314,Unseen,0.9726811335153396,0.812515566723172,2.1070555880287035e-11
22,316,Unseen,0.969308954489977,0.8449743071463915,1.8749820324302508e-11
22,318,Seen,0.9683482228419812,0.8554448685732365,1.714143964703965e-11
22,320,Seen,0.9498046286683947,0.8345037457195466,3.8917900325933275e-11
22,321,Unseen,0.9649475328327184,0.8858094967110871,2.2098019634152714e-11
22,322,Unseen,0.9548674871485167,0.720374626166936,3.698472912927924e-11
22,323,Seen,0.965504985839176,0.7507392543047866,4.03533592568369e-11
22,324,Unseen,0.9542385287468517,0.850209587859814,5.205611869178884e-11
22,327,Unseen,0.9692787199815207,0.843927251003707,2.3406555737450966e-11
22,328,Unseen,0.9508983155461376,0.7078099524547221,3.1110079005618613e-10
22,329,Seen,0.9641269228457185,0.7277040191657277,5.6285461174871776e-11
22,330,Seen,0.9712099393766281,0.9130329564208841,1.9268139110809416e-11
22,332,Unseen,0.9686905206197914,0.8564919247159211,2.5858481244236056e-11
22,334,Seen,0.9759203505375446,0.9580563705563176,1.7572337338528683e-11
22,335,Seen,0.9670181426130723,0.8659154300000815,2.3520918265092645e-11
22,336,Seen,0.9756379121158253,0.7758686017292147,3.309056036536809e-11
22,337,Unseen,0.9652546638882823,0.8083273421524341,2.8365061533140436e-11
22,340,Seen,0.9626818130541929,0.8355508018622309,4.339583382251282e-11
22,341,Unseen,0.971087196559944,0.8407860825756536,3.114773823161372e-11
22,343,Unseen,0.9600142865116739,0.8407860825756537,3.990624222673346e-11
22,344,Seen,0.9629305164905027,0.8502095878598142,3.938519971962928e-11
22,346,Unseen,0.9634691240310813,0.9255976301330981,2.6457600420240944e-11
22,348,Unseen,0.9650915414285189,0.9591034266990022,3.6634456582639974e-11
22,350,Unseen,0.975407841395026,0.9381623038453122,3.015919605805372e-11
22,351,Seen,0.9804416722431455,0.9371152477026277,3.283653594407114e-11
22,352,Unseen,0.9821997103329987,0.8721977668561887,3.7520647813552097e-11
22,354,Unseen,0.9780859359167016,0.9413034722733656,3.574401394089428e-11
22,355,Seen,0.9776743520782335,0.9884209986941681,3.262812943461461e-11
22,356,Unseen,0.9598978070093951,0.9004682827086701,4.7601465203949925e-11
22,359,Unseen,0.9726295148743289,0.8648683738573969,1.9207269576961587e-11
22,360,Seen,0.963468976166727,0.9172211809916221,1.7520550477769756e-11
22,361,Unseen,0.9644811811483859,0.7758686017292145,2.8025503936409626e-11
22,363,Seen,0.9756379710332526,0.9507269775575261,3.473809647906283e-11
22,364,Unseen,0.9604147494006334,0.6837276611729785,4.0909945573191667e-10
22,365,Seen,0.9624805808777718,0.7811038824426371,1.0565033536082176e-10
22,367,Seen,0.9344018544293636,0.7161864015961981,1.0228629311659376e-10
22,369,Unseen,0.9505131747637806,0.791574443869482,3.807424060754997e-11
22,370,Seen,0.968700792219227,0.9842327741234301,1.9632061324094894e-11
22,371,Unseen,0.9584955977734531,0.9276917424184671,2.701832883128575e-11
22,373,Seen,0.9714893996925753,0.852303700145183,2.724017314266872e-11
22,374,Seen,0.963184779921079,0.7968097245829046,1.4611981843176777e-10
22,376,Seen,0.9330319249763677,0.6962923348851924,6.391430079531004e-11
22,378,Seen,0.9688938975320123,0.8104214544378031,3.025509636011547e-11
22,379,Unseen,0.9630327670320568,0.7507392543047866,3.173121112621617e-11
22,381,Seen,0.9497174385856965,0.789480331584113,3.69319997005247e-11
22,383,Unseen,0.9655803612820166,0.8261272965780705,2.6093503166803736e-11
22,384,Seen,0.9611309231925903,0.737127524449888,4.4467148321299857e-11
22,385,Seen,0.9647371642518222,0.8386919702902845,3.287328556899816e-11
22,386,Seen,0.9640939609785733,0.8449743071463914,3.077272443269986e-11
22,389,Seen,0.9369455812726354,0.7046687840266688,8.649876122926686e-11
22,390,Unseen,0.9642057915778461,0.7130452331681446,4.069497759397411e-11
22,391,Seen,0.9627140355033845,0.8229861281500171,2.788013931935788e-11
22,392,Seen,0.9777940232505473,0.8962800581379321,2.178451443016676e-11
22,394,Seen,0.9700974842486424,0.7277040191657276,4.725626116208312e-11
22,395,Unseen,0.9650145610079152,0.8345037457195467,4.4256126959410174e-11
22,396,Seen,0.932262247236121,0.7486451420194175,7.783206337525303e-11
22,398,Seen,0.968104093936923,0.860680149286659,2.653686389405899e-11
22,400,Unseen,0.9747066395023625,0.9549152021282642,2.466842255783111e-11
22,402,Seen,0.9592418773219433,0.8973271142806166,3.597678064646232e-11
22,403,Unseen,0.9665305228035728,0.875338935284242,3.097231966843622e-11
22,404,Unseen,0.9643686187314328,0.8638213177147127,5.385986208954693e-11
22,406,Unseen,0.9550895194948414,0.8795271598549802,4.0019885148181645e-11
22,407,Seen,0.9820912837993837,0.892091833567194,2.570444669111904e-11
22,409,Unseen,0.9718842149946204,1.0166915145466497,2.447502139018725e-11
22,410,Seen,0.9729755445667019,0.8711507107135043,3.389102843967353e-11
22,413,Seen,0.9749214196215285,0.9894680548368526,2.3198422423709392e-11
22,414,Seen,0.9664218011990288,0.8345037457195467,4.095528248306927e-11
22,415,Unseen,0.9686583787087145,0.9308329108465206,3.402538499846655e-11
22,417,Seen,0.9674163508519544,0.8020450052963272,2.364293726069357e-10
22,418,Unseen,0.970261636309078,0.8617272054293436,3.667900671344099e-10
22,419,Unseen,0.9692449447613953,0.8198449597219635,5.464647415065234e-10
22,420,Unseen,0.9783834656121984,0.8931388897098786,3.013793389892593e-11
22,422,Unseen,0.9759941129092493,0.9601504828416867,2.943659759897412e-11
22,424,Unseen,0.9742589490448411,0.9203623494196755,3.4336928717783855e-11
22,426,Seen,0.9696112410173464,0.6983864471705618,2.6206422625065177e-10
22,428,Seen,0.9736111414869435,0.8983741704233011,3.1457043425078604e-11
22,429,Unseen,0.9721393180830609,0.827174352720755,3.971702780532376e-11
22,430,Unseen,0.9756869654527601,0.7947156122975355,5.1475273582594574e-11
22,432,Seen,0.9562878944431659,0.7653980403023695,2.6493181649079893e-10
22,433,Seen,0.972748271022539,0.8868565528537715,3.5830729547279355e-11
22,435,Seen,0.9592337410091347,0.8093743982951185,6.62993739411718e-11
22,437,Seen,0.9726772021226854,0.9454916968441036,3.611525086277849e-11
22,438,Unseen,0.9666046100920757,0.9109388441355153,3.44399807980719e-11
22,439,Unseen,0.9653355428463396,0.7737744894438455,4.9711995496086234e-11
22,440,Seen,0.9676797917083988,0.8428801948610226,3.1594436763574966e-11
22,442,Seen,0.9504338480917637,0.7685392087304229,7.384499045885809e-11
22,444,Seen,0.9759864712679839,0.9821386618380612,2.976132899720251e-11
22,445,Unseen,0.9588542052343902,0.7884332754414286,4.644788152811145e-11
22,446,Seen,0.9662587730215049,0.7538804227328401,5.329515474914611e-11
22,448,Unseen,0.982158313294342,0.9224564617050448,2.37247069543867e-11
22,449,Seen,0.9477465423287148,0.768539208730423,6.732053635026936e-11
22,450,Seen,0.976254718196116,0.9109388441355151,2.7573424810607814e-11
22,452,Unseen,0.9837484706337322,0.9119859002781997,2.9088224525034588e-11
22,454,Seen,0.9660681720310058,0.8585860370012901,3.461742276392178e-11
22,455,Unseen,0.9867202340670547,0.9057035634220926,1.87195445798758e-10
22,456,Unseen,0.969451181816393,0.8795271598549801,3.486468710234263e-11
22,459,Unseen,0.9795766435692512,0.9339740792745741,2.917055044759967e-11
22,460,Unseen,0.9745997771006509,0.8345037457195466,2.507633674216828e-10
22,461,Unseen,0.9604080877313301,0.7947156122975357,5.08466197465376e-11
22,464,Unseen,0.9719048160991569,0.8941859458525632,3.8378995611015845e-11
22,465,Unseen,0.9654151915807684,0.9297858547038362,3.713763811877118e-11
22,467,Seen,0.9754284627867887,0.9255976301330983,3.53280011973739e-11
22,468,Seen,0.9715383872561556,0.8910447774245098,5.35005487784244e-11
22,470,Unseen,0.9822909026278827,1.0313503005442326,2.6959430539555357e-11
22,471,Unseen,0.9772903397899868,0.9559622582709486,1.649553722462612e-10
22,473,Seen,0.976287797172782,0.8680095422854506,3.528373645122651e-11
22,474,Seen,0.9785321688294834,0.9454916968441037,3.526135625106889e-11
22,475,Seen,0.9786450852309696,0.8826683282830337,3.0384163978459276e-11
22,477,Unseen,0.9668546852895706,0.931879966989205,4.117344761477607e-11
22,478,Unseen,0.9680545516482669,0.7245628507376741,1.88896870939253e-11
22,481,Seen,0.9567464839635834,0.6544100891778124,3.014832478590499e-11
22,482,Unseen,0.9499583583608288,0.7004805594559305,2.2155885893582003e-11
22,483,Seen,0.9662789707405088,0.8512566440024985,1.7494221190936643e-11
22,484,Seen,0.9579801339330376,0.7203746261669359,2.407775721034324e-11
22,485,Seen,0.947837740239583,0.776915657871899,1.628842898979777e-11
22,486,Seen,0.9464842140493256,0.6753512120315023,3.650107227159514e-11
22,487,Seen,0.9369612100077952,0.7612098157316315,2.32948186210663e-11
22,490,Seen,0.9681900979798989,0.7821509385853215,1.8992134883444654e-11
22,491,Unseen,0.9277100717106188,0.6533630330351282,5.570607101355735e-11
22,493,Seen,0.9516577119944938,0.6795394366022406,4.534725654659557e-11
22,494,Unseen,0.9541580727733779,0.760162759588947,2.175016446878024e-11
22,496,Seen,0.9395881153936271,0.682680605030294,6.482566182809664e-11
22,498,Unseen,0.9648676517248546,0.7915744438694821,2.0804929051473095e-11
22,499,Seen,0.873026816966557,0.64917480846439,1.2011841370368767e-10
22,500,Seen,0.9558790799962348,0.6292807417533848,2.9569677633761555e-10
22,504,Unseen,0.968722859706342,0.7538804227328401,2.0082102390442213e-10
22,505,Seen,0.9687921647418556,0.9025623949940391,2.207934840481733e-11
22,506,Seen,0.9651776858976566,0.915127068706253,2.663991282055914e-11
22,507,Unseen,0.9631110777313151,0.8533507562878676,2.89763549893988e-11
22,508,Unseen,0.9643111663302525,0.8564919247159211,2.7552847625518238e-11
22,509,Unseen,0.9613093997198957,0.822986128150017,3.5666385026407184e-11
22,510,Unseen,0.9649856278150345,0.7779627140145836,2.3423247738743426e-10
22,512,Seen,0.945418956523348,0.697339391027877,9.013120910324778e-11
22,514,Seen,0.9747819912496104,0.8742918791415577,3.068149564874794e-11
22,517,Unseen,0.9415492695049498,0.8083273421524341,4.663171390827759e-11
22,518,Seen,0.9568800206923237,0.804139117581696,6.247190931972175e-11
22,519,Seen,0.9736088173744568,0.812515566723172,3.164722400587164e-11
22,522,Unseen,0.9645380992542747,0.8376449141476001,3.3367666434225e-11
22,523,Seen,0.9729237202686395,0.8072802860097497,3.4298582156067025e-11
22,524,Unseen,0.9617573017501191,0.8250802404353861,3.166675787778665e-11
22,525,Unseen,0.974077169742852,0.8208920158646481,3.3720082042929417e-11
22,526,Unseen,0.9641802881967058,0.8638213177147127,3.988653152239755e-11
22,527,Seen,0.9721531782735147,0.8899977212818251,3.222249651134317e-11
22,530,Unseen,0.9785429339732471,0.8816212721403492,2.717936729126239e-11
22,531,Unseen,0.9681941238003476,0.8648683738573972,3.4535100363534357e-11
22,532,Unseen,0.9781802580593584,0.8502095878598142,3.9139066176921813e-11
22,533,Unseen,0.9667551282019573,0.8062332298670651,6.502717319123579e-11
22,534,Seen,0.9795716829818661,0.9182682371343066,2.571019275876387e-11
22,535,Seen,0.9720228154665316,0.8470684194317606,3.751505067682083e-11
22,538,Unseen,0.9745475383337735,0.8879036089964562,1.9291968789410312e-11
22,539,Seen,0.965326788934132,0.8931388897098785,2.1177962261446816e-11
22,540,Unseen,0.9653149306431421,0.8596330931439744,2.2568719089623543e-11
22,543,Unseen,0.9699318843768105,0.8418331387183381,2.0914598888915448e-11
22,545,Unseen,0.9685193617024673,0.8543978124305521,2.1543603117984228e-11
22,546,Unseen,0.9534053584906733,0.7591157034462626,4.761127136232023e-11
22,547,Seen,0.9547671343102975,0.8030920614390115,3.645589420697966e-11
22,549,Seen,0.9672658039336791,0.875338935284242,2.8979513003748963e-11
22,551,Unseen,0.9505486023054831,0.7936685561548511,4.575591233764941e-11
22,552,Seen,0.9704222784260456,0.9088447318501461,2.9148720637020483e-11
22,553,Seen,0.9678941059140349,0.8627742615720281,2.3798084771444265e-11
22,555,Seen,0.971462644622818,0.8083273421524341,2.901387650938003e-11
22,557,Seen,0.9720810758950578,0.8596330931439746,3.055304774188934e-11
22,559,Seen,0.9560527728260922,0.827174352720755,3.646056489157998e-11
22,560,Unseen,0.9662945793859727,0.8732448229988731,2.8963098792320237e-11
22,561,Unseen,0.9730140388184414,0.8386919702902846,3.1179185113428244e-11
22,562,Unseen,0.9758007635856661,0.7538804227328401,4.0904585397669113e-10
22,563,Seen,0.9674574368352142,0.8627742615720282,2.5406025425576285e-11
22,566,Seen,0.9693474714920408,0.835550801862231,1.2269730133369424e-10
22,567,Seen,0.9767577337075023,0.7004805594559307,3.0590862849825244e-10
22,569,Seen,0.9727473235498636,0.7978567807255891,4.956305378826758e-11
22,570,Unseen,0.9803580295308962,0.8680095422854505,7.106140129633133e-11
22,571,Seen,0.9760821523269637,0.8847624405684025,3.2316237197732404e-11
22,572,Seen,0.9621854799660311,0.7444569174486795,8.342666692491795e-11
22,574,Unseen,0.9712566000417954,0.833456689576862,5.652594969419918e-11
22,576,Seen,0.9375668249122106,0.812515566723172,7.064244106155339e-11
22,577,Seen,0.9643425649817783,0.8187979035792792,3.765537952927818e-11
22,579,Seen,0.9676789908022583,0.8952330019952476,3.2044908522306954e-11
22,581,Unseen,0.9742088406653525,0.8365978580049156,2.0668189489829933e-10
22,582,Seen,0.9653891014228398,0.8303155211488085,4.173242232764556e-11
22,583,Seen,0.9743566875137096,0.8931388897098786,2.798946921427009e-11
22,584,Unseen,0.9768200042210397,0.735033412164519,2.565418834774008e-10
22,586,Unseen,0.9717361598482323,0.6606924260339196,3.4997154273196453e-10
22,587,Unseen,0.9345346878201362,0.682680605030294,4.928222807321087e-10
22,588,Seen,0.9733469316297191,0.8470684194317606,4.3899517660662884e-11
22,589,Seen,0.9707693411149961,0.6680218190327111,3.2003464372048243e-10
22,594,Unseen,0.9647420785809182,0.7297981314510966,3.4675777925159313e-10
22,595,Unseen,0.9663369403159793,0.6366101347521762,3.963325041524928e-10
22,596,Unseen,0.9732162783643792,0.9549152021282642,2.685866991380861e-11
22,597,Seen,0.9716182268840599,0.9475858091294727,2.9679441114677536e-11
23,1,Unseen,0.9830634520486933,0.9831857179807457,2.6832330295649525e-11
23,2,Seen,0.9862054366339607,0.9821386618380612,2.2479027170059516e-11
23,3,Seen,0.9747233566546285,0.5329515766264106,9.023775657575719e-10
23,5,Seen,0.9873146917781559,0.8051861737243805,3.621003555809993e-11
23,6,Seen,0.977703871594726,0.5235280713422502,1.0760850733699891e-09
23,7,Unseen,0.9821399326971764,0.8313625772914931,4.999302108402898e-10
23,9,Seen,0.9870454042376269,0.9371152477026277,2.1465503983891957e-11
23,10,Seen,0.9832797417487217,0.9318799669892049,2.957902604649204e-11
23,12,Seen,0.9875291616879466,0.9821386618380611,5.413816038597517e-11
23,14,Seen,0.9843044630861745,0.971668100411216,8.637961116087187e-11
23,15,Unseen,0.9905206128603428,1.009362121547858,3.004317649729656e-11
23,17,Seen,0.9838036244792767,0.8899977212818251,3.138043039978996e-11
23,19,Seen,0.9856581545365983,0.9402564161306811,4.2593359038271726e-11
23,20,Seen,0.9876114439444623,0.9706210442685317,5.604109543802309e-11
23,22,Unseen,0.9894061595445449,0.8575389808586057,6.945939335567884e-11
23,23,Seen,0.9861361470610089,0.8114685105804874,8.176646068028078e-11
23,24,Seen,0.9848133950161054,1.0501973111125538,3.31834998253454e-11
23,25,Unseen,0.9825677463287751,0.9308329108465206,5.960593084128175e-11
23,27,Unseen,0.9870245080077895,0.889997721281825,3.875432492978859e-11
23,28,Unseen,0.985474389744037,0.8973271142806165,3.474050494440686e-11
23,31,Seen,0.9887083373519261,0.9999386162636976,4.138083612272838e-11
23,32,Seen,0.9831528625588328,0.8376449141476001,4.858107141600202e-11
23,33,Seen,0.9825956593322683,0.9559622582709486,6.361484371904184e-11
23,35,Seen,0.9806207890537617,0.9130329564208841,5.6713010046152364e-11
23,36,Unseen,0.9830777697277345,0.8868565528537716,3.74921683601002e-11
23,37,Unseen,0.9909338965228426,0.9947033355502752,4.926318690279363e-11
23,38,Seen,0.9877977476483839,0.8774330475696109,8.795505095021618e-11
23,39,Unseen,0.9876751278403819,0.9779504372673232,2.308203824269482e-11
23,42,Unseen,0.9877565854189088,0.9088447318501462,4.428859334279878e-11
23,43,Seen,0.9800660091822145,0.7360804683072036,1.6743114559947383e-10
23,45,Seen,0.9861609780939837,0.9276917424184671,3.440386677628464e-11
23,47,Seen,0.9817150021037949,0.8104214544378032,5.359503435142928e-11
23,48,Unseen,0.983577199681325,0.8554448685732365,5.043026358352756e-11
23,51,Unseen,0.9874360459904087,0.8114685105804874,4.978387529194154e-11
23,52,Seen,0.9874685013798067,0.9947033355502751,3.275149107060727e-11
23,53,Seen,0.9863893367392994,0.9287387985611516,4.647441797883686e-11
23,56,Seen,0.9810831989882824,0.7088570085974065,8.661363393048862e-11
23,57,Seen,0.9887497620107596,0.9549152021282642,1.0781993164217894e-10
23,58,Seen,0.9860251728505305,0.8041391175816961,6.096464743247161e-11
23,59,Unseen,0.9834269505441038,0.9695739881258472,3.736995090640215e-11
23,60,Unseen,0.9834736735443991,0.9789974934100075,2.0699067245362195e-11
23,61,Seen,0.980924768218007,0.8282214088634394,7.543667626585923e-11
23,62,Seen,0.9852149271233073,0.896280058137932,4.2492967365479944e-11
23,64,Unseen,0.9883084832861312,0.9852798302661147,4.501434789235623e-11
23,66,Seen,0.9789200053691625,0.862774261572028,6.711889259357996e-11
23,67,Seen,0.980769663278086,0.8313625772914931,4.693327956900322e-11
23,70,Seen,0.9807943188245014,0.8198449597219635,6.962750434484608e-11
23,71,Unseen,0.9826533912366258,0.9789974934100075,4.288244860824026e-11
23,72,Seen,0.9793146550864221,0.9789974934100075,1.6679365603292754e-11
23,73,Unseen,0.9800968767865463,0.927691742418467,9.641271293393934e-11
23,74,Unseen,0.9807484041242254,0.8009979491536424,6.466662028431185e-11
23,75,Unseen,0.9840532079719152,0.933974079274574,3.0478169639713844e-11
23,78,Seen,0.9850133730432709,0.980044549552692,4.835631200888617e-11
23,79,Seen,0.9809491429060453,0.9161741248489376,3.619194030511703e-11
23,80,Seen,0.9871887798881164,0.9496799214148416,3.6341096566569044e-11
23,82,Seen,0.9871441565821961,0.7769156578718993,1.1752060905985216e-10
23,84,Unseen,0.9753693744456026,0.810421454437803,4.7064972241466846e-11
23,86,Seen,0.985892854905991,0.9549152021282642,1.921833751422036e-11
23,88,Seen,0.9829665241863594,0.8554448685732366,3.9141416943182376e-11
23,89,Unseen,0.9800131828961017,0.8826683282830337,5.881984923591377e-11
23,90,Unseen,0.9789027261176193,0.8261272965780705,3.8362926577141575e-11
23,91,Seen,0.9822734873550094,0.8826683282830337,4.5363400383702594e-11
23,93,Unseen,0.9818482121974694,0.9172211809916221,2.479510217704267e-11
23,94,Seen,0.9816423954364614,0.9109388441355151,4.7852083985072313e-11
23,97,Seen,0.9818728839204149,0.7915744438694821,7.973603851344769e-11
23,98,Unseen,0.9825974070417863,0.9350211354172586,4.799460848583552e-11
23,99,Seen,0.9854874461672577,0.892091833567194,5.0040827044516407e-11
23,100,Seen,0.9856624499737947,0.8638213177147125,4.1970569523963604e-11
23,102,Seen,0.9782141989643767,0.6470806961790212,4.0460634869903286e-10
23,103,Unseen,0.9794247659615856,0.9737622126965851,3.5977632542083145e-11
23,104,Seen,0.9803653487649707,0.8407860825756538,5.516008506427271e-11
23,106,Seen,0.9860826844916071,0.931879966989205,5.735925454527745e-11
23,110,Unseen,0.9768356201302036,0.7088570085974065,4.508557747044184e-10
23,111,Seen,0.9807707933655443,0.940256416130681,9.652945109944739e-11
23,112,Unseen,0.9807013622312261,0.9611975389843711,7.601959415255379e-11
23,113,Seen,0.983615529885052,0.9172211809916221,1.028861157967905e-10
23,114,Seen,0.9790748790907011,0.6596453698912351,4.697217301996691e-10
23,116,Unseen,0.9791508013918716,0.9517740337002106,3.2353379270423446e-11
23,117,Seen,0.9872586063861942,0.8627742615720281,1.8823238215915335e-10
23,119,Seen,0.9817948004261601,0.7653980403023697,9.230438650668053e-11
23,120,Seen,0.9855742378565231,0.9894680548368525,2.224867343761939e-11
23,122,Seen,0.9876225516642994,0.8575389808586055,6.778479184234063e-11
23,123,Seen,0.9832809640583232,0.8135626228658567,8.348668303200556e-11
23,125,Seen,0.9811086451612836,0.9622445951270555,5.191412685366274e-11
23,127,Unseen,0.9831686447463177,0.6366101347521759,7.070517582029762e-10
23,129,Seen,0.9741680244534124,0.7727274333011611,5.2085683480094516e-11
23,130,Unseen,0.9707641109701405,0.6387042470375451,7.925672829321329e-10
23,131,Seen,0.9774788909572802,0.9601504828416867,6.350113770258623e-11
23,132,Seen,0.989412035778974,0.9235035178477291,6.35135084531511e-11
23,135,Unseen,0.9827146775389163,0.8732448229988731,3.157907275144845e-11
23,136,Unseen,0.9749671254992186,0.9748092688392695,1.9907276136810523e-11
23,137,Seen,0.9782972906288918,0.931879966989205,5.11529529230604e-11
23,138,Seen,0.9873592642622433,0.797856780725589,1.1876524579283078e-10
23,140,Seen,0.9806689256685971,0.848115475574445,8.329516743952822e-11
23,141,Seen,0.9843693639338563,0.8910447774245094,5.391467180511528e-11
23,142,Seen,0.9861436103867748,0.9276917424184671,7.455586974876055e-11
23,145,Seen,0.9825704317087474,0.8659154300000818,9.221623705960546e-11
23,146,Seen,0.9774192648329312,0.8512566440024985,6.034779348818608e-11
23,147,Seen,0.9772352089808869,0.77482154558653,6.052565941819667e-11
23,149,Seen,0.9884169414342036,0.9433975845587346,5.3255146949430645e-11
23,150,Seen,0.9793979722834966,0.8701036545708196,6.699859518010157e-11
23,151,Unseen,0.9826044002648644,0.8795271598549801,4.004699765533303e-11
23,152,Seen,0.9796931741894087,0.835550801862231,7.622711229187972e-11
23,153,Unseen,0.9786067692633063,0.9957503916929596,3.2927673455153195e-11
23,156,Seen,0.9819049989994892,0.9454916968441036,5.910341241152763e-11
23,157,Seen,0.9797424844932853,0.7831979947280061,1.1268254959004291e-10
23,158,Seen,0.9801033291679196,0.8135626228658567,6.239673080043851e-11
23,159,Seen,0.9830728549751373,0.8575389808586055,5.488691801445668e-11
23,162,Unseen,0.9612553370596265,0.7884332754414286,9.962257617558184e-11
23,163,Seen,0.976841534544156,0.8910447774245095,3.9370365688138505e-11
23,165,Seen,0.9774080732815267,0.933974079274574,4.2407294944920493e-11
23,166,Unseen,0.9819033598111686,0.8805742159976645,4.807264969150533e-11
23,168,Seen,0.9801150025788518,0.6167160680411707,3.622542183792746e-10
23,169,Unseen,0.9751973988847671,0.567504429334999,8.159429979700511e-10
23,172,Seen,0.9885334690754211,0.9873739425514836,5.021772223696937e-11
23,173,Seen,0.9796207923227913,0.7884332754414287,5.384432528581991e-11
23,174,Unseen,0.982481635330151,0.8481154755744451,6.398255428558437e-11
23,175,Seen,0.9891525540250957,0.9067506195647771,4.514365677351037e-11
23,176,Seen,0.9835756262491707,0.8428801948610224,4.719210421940648e-11
23,177,Unseen,0.9830617106443061,0.8973271142806165,4.064828689910582e-11
23,180,Unseen,0.9875671176598947,1.0135503461185962,9.197511205915534e-11
23,181,Seen,0.9826655528921513,0.9821386618380612,5.894109741139187e-11
23,182,Unseen,0.9854559737591045,0.8009979491536428,9.970833555745159e-11
23,183,Seen,0.9881119274561766,0.9360681915599431,2.950782774278569e-10
23,186,Unseen,0.9838392413825348,0.9433975845587347,4.119787902807152e-11
23,188,Seen,0.9806773126986191,1.0041268408344357,4.618094142086952e-11
23,189,Unseen,0.9843888651503162,0.9685269319831626,6.689318543165058e-11
23,191,Unseen,0.9824171868407989,0.9559622582709485,4.7004059231753444e-11
23,192,Seen,0.9862001402832482,0.9863268864087992,3.438460565053014e-11
23,194,Seen,0.9833886580084187,0.9098917879928305,3.3594129597198956e-11
23,196,Seen,0.9899304908292516,1.1098795112455704,6.646109634003094e-11
23,197,Seen,0.9849087426039779,0.8847624405684025,5.765872768075314e-11
23,199,Unseen,0.9880087136002893,0.9496799214148415,3.8265644046005866e-11
23,200,Unseen,0.9846807798137613,0.9015153388513545,5.1847497880339895e-11
23,201,Unseen,0.9858914234669444,0.90046828270867,3.8011264933763163e-11
23,202,Seen,0.9813645514510871,0.8491625317171296,1.043240548710274e-10
23,204,Unseen,0.9818690829663592,1.0135503461185962,3.154868960469248e-11
23,205,Seen,0.9859848433594174,0.8732448229988732,1.672895761519271e-10
23,206,Seen,0.9875306677331843,0.973762212696585,4.0837435630860646e-11
23,209,Unseen,0.9869659699129609,1.0156444584039652,4.1530570647031645e-11
23,211,Seen,0.9799485132891823,0.9926092232649061,1.9339557939039663e-11
23,212,Unseen,0.9837855522841495,0.7266569630230431,2.0217959515196024e-10
23,213,Seen,0.9853396649886174,0.957009314413633,3.539264977698938e-11
23,215,Seen,0.9821275608099965,0.9224564617050447,4.594533413712919e-11
23,216,Seen,0.9814323974325386,0.9517740337002106,3.0210723016674115e-11
23,217,Seen,0.9860932847255461,0.77482154558653,4.7674339942743986e-11
23,219,Unseen,0.9859712852631806,1.0062209531198048,2.4643678823089463e-11
23,221,Seen,0.9776444214958434,0.7989038368682736,4.510046427707506e-11
23,222,Seen,0.9810028403147703,0.9999386162636976,4.54050777519216e-11
23,224,Seen,0.9837189629887486,0.9591034266990021,3.6886710193202006e-11
23,225,Seen,0.9857536849459685,0.9873739425514836,3.5241001309192935e-11
23,227,Seen,0.9845739693495411,0.8899977212818252,4.39399278604856e-11
23,229,Seen,0.9860139819639551,0.852303700145183,9.993467417318e-11
23,231,Seen,0.9845991761926985,0.9098917879928305,2.895520855598523e-11
23,232,Seen,0.9848193279951822,0.9182682371343067,4.826439640919935e-11
23,233,Unseen,0.9842025022244296,0.8680095422854505,4.7703664874779005e-11
23,236,Unseen,0.9890132873559161,0.9926092232649062,5.749371249832089e-11
23,237,Unseen,0.9863838891717207,0.9413034722733656,3.028870051366974e-10
23,238,Unseen,0.9783241039887673,0.8543978124305521,7.435728249229725e-11
23,239,Seen,0.9858541868729321,1.0009856724063821,2.8217475842879554e-11
23,242,Seen,0.9878295377550473,0.9036094511367239,1.1157439665228529e-10
23,243,Seen,0.9802324142247272,0.885809496711087,8.240115504131256e-11
23,244,Seen,0.9854138310229301,0.9329270231318897,6.03516393931346e-11
23,245,Seen,0.9842906032674259,0.7496921981621021,1.7393121018271957e-10
23,246,Seen,0.9900861964869887,0.9559622582709486,1.001070973383352e-10
23,248,Seen,0.9890127053244785,0.8868565528537715,7.871583771114577e-11
23,249,Unseen,0.9872066663032419,0.8879036089964563,5.23958390107459e-11
23,250,Seen,0.9785754814271064,0.9067506195647771,4.134285794342065e-11
23,252,Unseen,0.9839770677367697,0.9255976301330981,6.439028607558278e-11
23,253,Unseen,0.987404317863944,0.8795271598549801,8.479275266703102e-11
23,256,Seen,0.9742766529267562,0.7277040191657276,2.7417535177268786e-10
23,257,Seen,0.9803420796098015,0.7465510297340485,8.68970251224101e-11
23,258,Seen,0.9871359578311721,0.7486451420194176,1.696812569769713e-10
23,259,Seen,0.9831753097521132,0.9255976301330983,5.4529023277149465e-11
23,260,Seen,0.9884315378969304,0.854397812430552,6.76982422086626e-11
23,262,Unseen,0.9803824586038407,0.96329165126974,7.135704478562374e-11
23,265,Unseen,0.9806098064558078,0.5863514399033203,6.134137602047416e-10
23,266,Seen,0.9854885033181556,0.9601504828416866,4.632028445376683e-11
23,267,Unseen,0.9866375950192134,0.885809496711087,5.717509972404125e-11
23,269,Seen,0.9845988400909385,0.8994212265659857,5.208653266309109e-11
23,271,Seen,0.9813821850287735,0.9413034722733656,3.134237108489233e-11
23,272,Unseen,0.9874973681403835,0.8889506651391406,4.9921085157022894e-11
23,274,Seen,0.9812726632260557,0.8680095422854505,3.839528208672462e-11
23,275,Seen,0.9873657032270644,0.8816212721403491,7.486299828543122e-11
23,276,Seen,0.9835378167302105,0.9664328196977936,5.913124060971133e-11
23,277,Seen,0.9811588768244208,0.869056598428135,4.6968346670038516e-11
23,278,Seen,0.9844704891934081,0.9130329564208841,1.9480114984367883e-10
23,281,Seen,0.9843906096997945,0.8449743071463915,1.1226849906263432e-10
23,282,Seen,0.9799504349538865,0.9015153388513546,5.7473459028309994e-11
23,283,Unseen,0.9811843013773514,0.9140800125635686,4.6345154467594474e-11
23,285,Unseen,0.9790046992367084,0.9559622582709486,3.938786137949718e-11
23,287,Seen,0.9807261479717676,0.9392093599879966,4.1971545542976927e-11
23,288,Unseen,0.9898382971230588,0.9674798758404782,2.9726013713915704e-11
23,290,Unseen,0.9787724097591709,0.7455039735913641,3.2183683219271853e-10
23,291,Seen,0.985830717810964,0.9182682371343065,4.219957785879934e-11
23,292,Unseen,0.9851007400654228,0.9360681915599433,4.4752577716342387e-11
23,294,Unseen,0.9848980589491255,0.952821089842895,4.599220878146246e-11
23,295,Unseen,0.9864534475425097,0.898374170423301,3.775067775286694e-11
23,298,Unseen,0.9793474335117796,0.7863391631560596,8.041962388376009e-11
23,299,Unseen,0.9806296095372156,0.957009314413633,4.170536624454463e-11
23,300,Unseen,0.9849609583161444,1.0041268408344357,1.1663736603577826e-10
23,301,Seen,0.9800801227155476,0.8041391175816959,3.893492017202788e-10
23,302,Unseen,0.9827225751376701,0.7496921981621022,7.848328787780268e-11
23,303,Seen,0.9886742895244736,0.9727151565539006,5.297288855800533e-11
23,307,Seen,0.9777629018162342,0.9517740337002106,3.2895757402536185e-11
23,309,Unseen,0.9785820317718468,0.8376449141476,4.2700573516650826e-11
23,310,Seen,0.973428295826287,0.8941859458525631,4.5449526294867076e-11
23,311,Seen,0.9842417003690899,0.8973271142806166,4.1781750688031875e-11
23,313,Seen,0.9802176380355136,0.8962800581379321,3.9228419333046536e-11
23,315,Unseen,0.9821687901525734,0.927691742418467,3.29430341192263e-11
23,316,Unseen,0.9719924318266798,0.9580563705563176,3.021211623184755e-11
23,317,Unseen,0.9807858790149457,0.8879036089964562,4.055110180379657e-11
23,320,Unseen,0.980075915871704,0.9392093599879965,3.794865953833647e-11
23,321,Seen,0.9880836948229661,0.777962714014584,1.391649732319352e-10
23,322,Seen,0.986418069202354,1.0439149742564469,3.4765270500630286e-11
23,323,Unseen,0.9832221269685635,1.030303244401548,2.2315652429567827e-11
23,324,Seen,0.9803546360852023,0.7926215000121667,4.8530863421065525e-11
23,327,Unseen,0.9833821414197295,0.9863268864087992,3.297592647568803e-11
23,328,Unseen,0.9819044973883,0.915127068706253,3.0672528284199556e-11
23,329,Seen,0.9801992399663509,0.971668100411216,5.798255165139132e-11
23,330,Seen,0.9768186195679877,0.8742918791415578,5.851790925047412e-11
23,331,Seen,0.9851339102345451,0.9371152477026277,2.5519611858937573e-11
23,332,Seen,0.9783333807806324,0.8701036545708195,6.218808736419579e-11
23,334,Seen,0.9781101469417118,0.8899977212818251,4.042085150759643e-11
23,336,Unseen,0.9808239967268328,0.7811038824426371,4.4847312697188945e-11
23,337,Seen,0.984810835099194,0.8533507562878676,5.623905179637837e-11
23,338,Unseen,0.9839750086797301,1.0365855812576552,2.9012886678144325e-11
23,340,Seen,0.9840729502107582,1.0145974022612807,3.4103723289564636e-11
23,343,Unseen,0.9837444580885218,0.9015153388513546,6.434256225221966e-11
23,344,Seen,0.9805693581471877,0.9779504372673232,4.1732343892989715e-11
23,345,Unseen,0.9863867543625883,0.8439272510037069,4.513929770987424e-11
23,347,Unseen,0.9803563347796264,0.8826683282830335,4.753533039577027e-11
23,348,Seen,0.9875470759570155,1.009362121547858,2.956946749296924e-11
23,349,Seen,0.9836736459188696,0.9664328196977936,2.2065190574102807e-11
23,350,Unseen,0.9838131788589898,0.820892015864648,6.455086944214246e-11
23,351,Seen,0.9821769757584982,0.90046828270867,2.4591760785538842e-11
23,354,Seen,0.9789186273700198,0.9926092232649062,2.9252258169492074e-11
23,355,Seen,0.9885299833955482,0.747598085876733,1.2222982550740696e-10
23,357,Seen,0.9843487568802742,0.9737622126965851,3.432955068364449e-11
23,358,Seen,0.9844453069158781,0.904656507279408,4.921353068679677e-11
23,360,Unseen,0.987141863043933,0.9046565072794079,1.5124352313279698e-10
23,361,Unseen,0.9864601169240684,0.908844731850146,7.258943141924612e-11
23,364,Unseen,0.9864610483636027,0.9695739881258472,5.7926458586632e-11
23,365,Seen,0.9844662053535645,0.9098917879928307,9.338850266341604e-11
23,366,Unseen,0.984590612638383,0.9465387529867881,5.5461740133080725e-11
23,367,Seen,0.9847765791822055,0.9538681459855797,5.0045565998197125e-11
23,368,Unseen,0.9806619332722751,0.950726977557526,6.105627000936115e-11
23,371,Unseen,0.9847499256756065,1.0041268408344357,5.501413486484771e-11
23,373,Unseen,0.9852536417804153,1.05857376025403,4.7626346327620816e-11
23,374,Seen,0.9889387752252918,1.0041268408344357,4.347115362271195e-11
23,376,Seen,0.9822300798729454,0.7727274333011609,1.9630602499957257e-10
23,377,Unseen,0.9807891179810965,0.8585860370012901,3.171215143622898e-11
23,378,Unseen,0.9780013317706436,0.9067506195647771,6.186904703028361e-11
23,380,Unseen,0.9794049337852426,0.9863268864087992,5.305382804101082e-11
23,382,Seen,0.9826366179520781,1.0617149286820833,2.1596578812882043e-11
23,383,Seen,0.9838982419525067,0.9622445951270556,5.2698044736354415e-11
23,384,Unseen,0.9843521503418083,0.9475858091294725,2.1172872827324274e-11
23,385,Seen,0.9796574470843037,0.8512566440024985,3.6786803860797673e-10
23,387,Seen,0.9750089122077192,0.8973271142806165,4.9342844374307106e-11
23,388,Unseen,0.983277776180153,1.0386796935430243,5.412814728449455e-11
23,391,Unseen,0.9803122930362025,0.9454916968441037,5.368825360995872e-11
23,392,Unseen,0.9785433245608883,0.7947156122975357,5.2802661434392463e-11
23,393,Unseen,0.9849123721091061,0.9507269775575261,5.117349578248415e-11
23,395,Unseen,0.9816991516416924,1.0669502093955057,6.710875350583175e-11
23,397,Unseen,0.9814899682113498,0.7570215911608934,1.5910988404203553e-10
23,398,Unseen,0.9805438511352292,0.9863268864087992,2.13946873364108e-11
23,400,Seen,0.9807431730235323,0.9611975389843712,2.419375531705538e-10
23,401,Seen,0.9823698452076229,0.7486451420194178,1.0531733777647652e-10
23,403,Seen,0.9891071157305306,0.9444446407014191,5.168892206556643e-11
23,404,Unseen,0.9738835379459443,0.883715384425718,8.911885306992074e-11
23,405,Seen,0.9811005138213609,0.9611975389843712,6.512034355361328e-11
23,406,Seen,0.9877724859209034,0.9905151109795372,4.198507225230803e-11
23,410,Unseen,0.9880114821853403,0.9863268864087991,3.889812339182236e-11
23,411,Seen,0.9777171506835768,1.0386796935430243,3.127734173026907e-11
23,412,Seen,0.9816011461677893,0.8271743527207552,2.0719012982763215e-10
23,413,Unseen,0.9831795983252745,0.9329270231318896,4.819729498570959e-11
23,415,Seen,0.9836367088275177,0.9423505284160502,5.3111618456655986e-11
23,417,Unseen,0.9846954902766506,1.0344914689722862,5.6713053729573005e-11
23,418,Unseen,0.9840266525633329,0.8334566895768621,5.1979211833899e-11
23,419,Unseen,0.9814947095040935,1.0313503005442326,4.9780913519701506e-11
23,422,Seen,0.9844290613343203,0.925597630133098,1.0180820176226013e-10
23,423,Seen,0.9864604104425317,0.9779504372673231,6.594358169943579e-11
23,424,Unseen,0.9899972929662247,1.0669502093955059,1.278057017845671e-10
23,425,Seen,0.9830180988253115,0.6900099980290856,2.8653307404468827e-10
23,427,Seen,0.9844084415614182,1.0229738514027567,8.662685396660867e-11
23,428,Seen,0.9828117713499159,1.015644458403965,5.520493415373732e-11
23,430,Seen,0.9802733097975398,0.9664328196977936,3.4147546848024334e-11
23,431,Seen,0.9811173502422751,0.923503517847729,4.6149930368590416e-11
23,432,Unseen,0.9881020332943378,0.7769156578718992,1.0111266072420227e-10
23,433,Seen,0.9777354291409396,0.9423505284160502,5.4642613542520655e-11
23,434,Seen,0.991279368321362,1.1109265673882547,5.92913549499647e-11
23,436,Seen,0.9841027839071095,0.7664450964450541,1.513985645376292e-10
23,438,Seen,0.984654014858194,0.6554571453204971,3.19259511600958e-10
23,439,Seen,0.986333666564767,0.9706210442685316,7.904682661358482e-11
23,440,Seen,0.9770559927029028,0.9821386618380611,2.8798600283197813e-11
23,443,Seen,0.9859960077376745,0.892091833567194,1.245261585843336e-10
23,444,Seen,0.9806709220738236,0.8303155211488085,1.790767875922502e-10
23,445,Seen,0.9865723073938623,0.8910447774245098,4.578125285528374e-11
23,446,Seen,0.9807443244233268,0.7088570085974066,2.1376015988766552e-10
23,448,Seen,0.9855674005175081,1.0166915145466497,3.0529714499945306e-11
23,450,Seen,0.982723298517435,0.7884332754414286,1.280088635389692e-10
23,451,Unseen,0.9771503693723095,0.9957503916929596,2.2064914397034605e-11
23,452,Seen,0.9854634985627291,0.7758686017292148,1.442994422857423e-10
23,455,Unseen,0.9814248772145349,0.896280058137932,2.7576265944129753e-11
23,457,Seen,0.9772217480330534,0.9507269775575261,4.253227885049966e-11
23,458,Unseen,0.9863942925340592,0.9559622582709486,5.209484021304957e-11
23,459,Seen,0.9799040696983135,0.7570215911608934,1.2814991706537215e-10
23,460,Seen,0.9836432999489274,0.7475980858767332,2.681323427918133e-10
23,462,Unseen,0.9841492782898404,0.9507269775575261,9.324461934914902e-11
23,465,Unseen,0.9855303186099025,0.889997721281825,6.641598298064018e-11
23,466,Seen,0.9788424033734058,1.0009856724063821,7.437636528844652e-11
23,467,Seen,0.9818362625484129,0.9507269775575261,2.953080279992856e-11
23,470,Seen,0.9806504601989673,0.8899977212818252,5.4999667357248895e-11
23,471,Seen,0.9867507720142544,0.7633039280170005,3.4669287228859993e-10
23,472,Unseen,0.9886048453269507,0.9475858091294725,7.579427134690463e-11
23,473,Seen,0.9803110571232339,0.925597630133098,1.6428101149988592e-10
23,476,Seen,0.9851633208253018,0.9433975845587347,4.73704172463161e-11
23,477,Seen,0.9852638786729652,0.9454916968441036,5.473686855118839e-11
23,478,Seen,0.9834700864415757,0.7140922893108294,9.163420006593784e-11
23,479,Unseen,0.9811980050423468,1.083703107678458,2.3502483288063756e-11
23,482,Seen,0.978276105924416,0.9444446407014193,6.95790706840963e-11
23,483,Unseen,0.9858887290224935,0.9653857635551093,6.8647802705498e-11
23,484,Seen,0.9846701897049785,0.9769033811246387,5.0959586714916724e-11
23,485,Unseen,0.9837596348744692,1.0250679636881257,5.067273831954313e-11
23,486,Unseen,0.9840456837840507,0.9151270687062529,5.10626237930075e-11
23,487,Unseen,0.9875449228237264,0.9769033811246387,4.34518326459717e-11
23,489,Unseen,0.9814275463819812,0.9381623038453121,8.724201166607959e-11
23,491,Seen,0.9841979863096162,0.783197994728006,1.2236008952231777e-10
23,494,Unseen,0.9809535775130057,0.9392093599879965,5.521546630583724e-11
23,495,Unseen,0.9887856277453606,1.0198326829747033,7.862403809967586e-11
23,496,Seen,0.9842178002544494,0.7968097245829044,1.1714291999695866e-10
23,497,Seen,0.9833507912145679,0.9758563249819541,4.8353871957913935e-11
23,500,Unseen,0.9840045953064881,1.0449620303991314,2.6010607600724902e-11
23,501,Unseen,0.9840622094918574,1.0240209075454412,5.540485848361067e-11
23,502,Seen,0.9872002800385639,1.0376326374003397,1.1167859637131653e-10
23,503,Seen,0.9834255628229884,0.835550801862231,8.64345475600952e-11
23,505,Seen,0.979947243869167,0.887903608996456,7.796886422253446e-11
23,506,Seen,0.9875806074779705,1.071138433966244,1.1981148454522814e-10
23,507,Unseen,0.9860615015460342,1.0481031988271847,5.969987546131038e-11
23,508,Seen,0.9814473921338236,0.9423505284160502,7.44150145042771e-11
23,511,Unseen,0.9820380492524129,0.8690565984281351,6.374180872312364e-11
23,512,Unseen,0.9789460408587431,0.969573988125847,8.562652221047195e-11
23,513,Seen,0.9878907387780527,0.8962800581379321,5.349558145832567e-11
23,514,Unseen,0.9756239786584423,1.02611501983081,5.892362254969688e-11
23,516,Seen,0.982273932461913,0.9245505739904136,8.378547682881424e-11
23,517,Unseen,0.9899563100985658,0.9255976301330979,5.749153106854461e-11
23,518,Unseen,0.9842480600237375,1.0303032444015483,8.80472783147093e-11
23,519,Unseen,0.9862618187253991,1.0240209075454412,3.048639792364832e-11
23,522,Unseen,0.9840040099838271,0.8816212721403492,1.0221333304930564e-10
23,523,Unseen,0.98590834679573,1.0397267496857088,4.24732015785269e-11
23,526,Unseen,0.9821860340837352,0.8669624861427662,1.0026768622958522e-10
23,527,Unseen,0.9811566804053984,1.0428679181137623,5.246214161763579e-11
23,528,Seen,0.9867411360197518,0.9873739425514836,4.823648404063243e-11
23,529,Seen,0.9772882509701664,0.9182682371343065,5.1195518837059636e-11
23,531,Seen,0.9803542361443707,0.9329270231318896,7.454812982744658e-11
23,532,Unseen,0.9821321886060508,0.9894680548368526,2.7657508202858876e-11
23,534,Unseen,0.9827091031512403,0.8250802404353861,8.047456485695559e-11
23,536,Seen,0.9827896105286013,0.9444446407014191,1.260847020966012e-10
23,537,Unseen,0.9841342990205331,0.7057158401693528,6.614819597261643e-10
23,538,Seen,0.9896484043501121,1.0428679181137621,6.580628302959096e-11
23,540,Unseen,0.9843427404647385,1.009362121547858,7.5839691122968e-11
23,541,Unseen,0.9814074135464675,0.7004805594559307,5.591020335792157e-10
23,543,Unseen,0.9876388995229486,0.8994212265659856,1.8369977612060376e-10
23,545,Unseen,0.9846448692005965,0.6198572364692242,4.458911838164663e-10
23,547,Seen,0.9831823083211451,1.0460090865418157,8.675336746598276e-11
23,548,Unseen,0.9842633595739194,0.9978445039783286,9.373738008783799e-11
23,550,Seen,0.9886044271096596,0.9486328652721573,6.566293319735842e-10
23,551,Unseen,0.9894809837709498,0.9119859002781996,3.740246126195374e-10
23,552,Unseen,0.9818688291947458,0.854397812430552,2.804663679241047e-10
23,555,Seen,0.984150849897812,0.8680095422854506,5.0269112941358675e-11
23,556,Unseen,0.9897290718008592,0.6931511664571393,8.806064403547683e-11
23,557,Seen,0.9827205913792777,0.9716681004112161,3.6278268528459913e-11
23,559,Unseen,0.9825966323576788,1.0219267952600721,4.3350664794465587e-11
23,560,Seen,0.983453566866942,0.8041391175816959,1.39489057733078e-10
23,562,Seen,0.9886079242608641,1.0585737602540297,1.1569833871531252e-10
23,563,Seen,0.9858821156609289,1.0166915145466495,8.730669902017799e-11
23,566,Seen,0.9720812050288112,1.0229738514027567,5.004564145312528e-11
23,567,Seen,0.9896996333173667,0.8774330475696109,1.0291953050895057e-10
23,568,Seen,0.9836461258427951,0.9674798758404781,8.512357460739852e-11
23,569,Seen,0.9789969216168521,0.8847624405684025,2.129923134334521e-10
23,570,Unseen,0.98840815374869,0.9015153388513546,9.993780050034381e-11
23,571,Seen,0.9792592627205716,0.9632916512697401,1.238027561154536e-10
23,572,Seen,0.9833412681166446,0.9067506195647771,1.170309780830622e-10
23,573,Seen,0.9827706773572322,0.9611975389843712,9.304130705889524e-11
23,576,Seen,0.9825535475047718,0.8135626228658567,1.606904804096361e-10
23,577,Unseen,0.9867150052323873,0.839739026432969,8.746046802368939e-11
23,578,Unseen,0.9810368450205053,0.9967974478356442,5.059657984008771e-11
23,579,Unseen,0.9858816539012414,1.0145974022612807,4.346892682803572e-11
23,583,Unseen,0.9822694201718676,1.0009856724063821,6.07833991472304e-11
23,584,Seen,0.9884626988246329,0.8617272054293434,1.5613402296285187e-10
23,585,Seen,0.9871275045366528,1.0030797846917512,4.4507115100867566e-11
23,587,Seen,0.990028335157055,1.0229738514027569,6.21378715226419e-11
23,588,Seen,0.9868972693011118,1.0229738514027564,6.191002925785056e-11
23,590,Seen,0.9869530655186622,0.9894680548368526,7.97763177266967e-11
23,591,Seen,0.9873147782095527,0.9852798302661147,7.195418883845211e-11
23,593,Seen,0.9780154366959629,0.9601504828416866,4.6644891988885956e-11
23,595,Seen,0.9830711083818715,0.9894680548368525,6.217963514019913e-11
23,596,Seen,0.9841457989033459,0.8051861737243807,2.5407157922901524e-10
23,597,Seen,0.9846552855613229,1.0501973111125538,3.32751189940907e-11
23,599,Seen,0.9835086538784035,0.9727151565539005,9.33544516549496e-11
